ISO-10303-21;
HEADER;
FILE_DESCRIPTION((''),'2;1');
FILE_NAME('V1','2026-07-09T18:55:32',('13763'),(''),
'CREO PARAMETRIC BY PTC INC, 2025102','CREO PARAMETRIC BY PTC INC, 2025102','');
FILE_SCHEMA(('CONFIG_CONTROL_DESIGN'));
ENDSEC;
DATA;
#1=CARTESIAN_POINT('',(0.E0,-4.942131103309E1,-2.461324865405E1));
#2=CARTESIAN_POINT('',(0.E0,-4.916390837146E1,-2.441199387715E1));
#3=CARTESIAN_POINT('',(0.E0,-4.864910304820E1,-2.412200901396E1));
#4=CARTESIAN_POINT('',(0.E0,-4.761949240167E1,-2.367139494637E1));
#5=CARTESIAN_POINT('',(0.E0,-4.633247909352E1,-2.325167502935E1));
#6=CARTESIAN_POINT('',(0.E0,-4.478806312374E1,-2.284539253598E1));
#7=CARTESIAN_POINT('',(0.E0,-4.272884183069E1,-2.239054351891E1));
#8=CARTESIAN_POINT('',(0.E0,-4.015481521438E1,-2.193091333966E1));
#9=CARTESIAN_POINT('',(0.E0,-3.706598327482E1,-2.148408108511E1));
#10=CARTESIAN_POINT('',(0.E0,-3.397715133525E1,-2.111206330971E1));
#11=CARTESIAN_POINT('',(0.E0,-2.985870874916E1,-2.069272422941E1));
#12=CARTESIAN_POINT('',(0.E0,-2.471065551654E1,-2.028455658375E1));
#13=CARTESIAN_POINT('',(0.E0,-1.853299163741E1,-1.993192454082E1));
#14=CARTESIAN_POINT('',(0.E0,-1.235532775827E1,-1.969284915859E1));
#15=CARTESIAN_POINT('',(0.E0,-6.177663879136E0,-1.955387648044E1));
#16=CARTESIAN_POINT('',(0.E0,0.E0,-1.950825598912E1));
#17=CARTESIAN_POINT('',(0.E0,6.177663879136E0,-1.955387648044E1));
#18=CARTESIAN_POINT('',(0.E0,1.235532775827E1,-1.969284915859E1));
#19=CARTESIAN_POINT('',(0.E0,1.853299163741E1,-1.993192454082E1));
#20=CARTESIAN_POINT('',(0.E0,2.471065551654E1,-2.028455658375E1));
#21=CARTESIAN_POINT('',(0.E0,2.985870874916E1,-2.069272422941E1));
#22=CARTESIAN_POINT('',(0.E0,3.397715133525E1,-2.111206330971E1));
#23=CARTESIAN_POINT('',(0.E0,3.706598327482E1,-2.148408108511E1));
#24=CARTESIAN_POINT('',(0.E0,4.015481521438E1,-2.193091333966E1));
#25=CARTESIAN_POINT('',(0.E0,4.272884183069E1,-2.239054351891E1));
#26=CARTESIAN_POINT('',(0.E0,4.478806312374E1,-2.284539253598E1));
#27=CARTESIAN_POINT('',(0.E0,4.633247909352E1,-2.325167502935E1));
#28=CARTESIAN_POINT('',(0.E0,4.761949240167E1,-2.367139494637E1));
#29=CARTESIAN_POINT('',(0.E0,4.864910304820E1,-2.412200901396E1));
#30=CARTESIAN_POINT('',(0.E0,4.916390837146E1,-2.441199387715E1));
#31=CARTESIAN_POINT('',(0.E0,4.942131103309E1,-2.461324865405E1));
#33=DIRECTION('',(0.E0,-1.E0,0.E0));
#34=VECTOR('',#33,1.657868896691E1);
#35=CARTESIAN_POINT('',(0.E0,6.6E1,-2.461324865405E1));
#36=LINE('',#35,#34);
#37=DIRECTION('',(0.E0,0.E0,-1.E0));
#38=VECTOR('',#37,1.476324865405E1);
#39=CARTESIAN_POINT('',(0.E0,6.6E1,-9.85E0));
#40=LINE('',#39,#38);
#41=DIRECTION('',(0.E0,-9.992989954910E-14,1.E0));
#42=VECTOR('',#41,1.422082357665E-1);
#43=CARTESIAN_POINT('',(0.E0,6.6E1,-9.85E0));
#44=LINE('',#43,#42);
#45=CARTESIAN_POINT('',(0.E0,6.6E1,9.707791764234E0));
#46=CARTESIAN_POINT('',(0.E0,6.573107964803E1,9.657230348795E0));
#47=CARTESIAN_POINT('',(0.E0,6.531975785162E1,9.556107517917E0));
#48=CARTESIAN_POINT('',(0.E0,6.467286566456E1,9.353861856162E0));
#49=CARTESIAN_POINT('',(0.E0,6.405813653864E1,9.101054778969E0));
#50=CARTESIAN_POINT('',(0.E0,6.346068895842E1,8.797686286337E0));
#51=CARTESIAN_POINT('',(0.E0,6.278866062300E1,8.393194962827E0));
#52=CARTESIAN_POINT('',(0.E0,6.210741136861E1,7.887580808440E0));
#53=CARTESIAN_POINT('',(0.E0,6.144374371687E1,7.280843823175E0));
#54=CARTESIAN_POINT('',(0.E0,6.089052180826E1,6.674106837911E0));
#55=CARTESIAN_POINT('',(0.E0,6.026642307120E1,5.865124190891E0));
#56=CARTESIAN_POINT('',(0.E0,5.965841748159E1,4.853895882117E0));
#57=CARTESIAN_POINT('',(0.E0,5.913284583995E1,3.640421911588E0));
#58=CARTESIAN_POINT('',(0.E0,5.877639868985E1,2.426947941058E0));
#59=CARTESIAN_POINT('',(0.E0,5.856915965641E1,1.213473970529E0));
#60=CARTESIAN_POINT('',(0.E0,5.850112329227E1,0.E0));
#61=CARTESIAN_POINT('',(0.E0,5.856915965641E1,-1.213473970529E0));
#62=CARTESIAN_POINT('',(0.E0,5.877639868985E1,-2.426947941058E0));
#63=CARTESIAN_POINT('',(0.E0,5.913284583995E1,-3.640421911588E0));
#64=CARTESIAN_POINT('',(0.E0,5.965841748159E1,-4.853895882117E0));
#65=CARTESIAN_POINT('',(0.E0,6.026642307120E1,-5.865124190891E0));
#66=CARTESIAN_POINT('',(0.E0,6.089052180826E1,-6.674106837911E0));
#67=CARTESIAN_POINT('',(0.E0,6.144374371687E1,-7.280843823175E0));
#68=CARTESIAN_POINT('',(0.E0,6.210741136861E1,-7.887580808440E0));
#69=CARTESIAN_POINT('',(0.E0,6.278866062300E1,-8.393194962827E0));
#70=CARTESIAN_POINT('',(0.E0,6.346068895842E1,-8.797686286337E0));
#71=CARTESIAN_POINT('',(0.E0,6.405813653864E1,-9.101054778969E0));
#72=CARTESIAN_POINT('',(0.E0,6.467286566456E1,-9.353861856162E0));
#73=CARTESIAN_POINT('',(0.E0,6.531975785162E1,-9.556107517917E0));
#74=CARTESIAN_POINT('',(0.E0,6.573107964803E1,-9.657230348795E0));
#75=CARTESIAN_POINT('',(0.E0,6.6E1,-9.707791764234E0));
#77=DIRECTION('',(0.E0,9.992989954910E-14,1.E0));
#78=VECTOR('',#77,1.422082357665E-1);
#79=CARTESIAN_POINT('',(0.E0,6.6E1,9.707791764234E0));
#80=LINE('',#79,#78);
#81=DIRECTION('',(0.E0,0.E0,-1.E0));
#82=VECTOR('',#81,1.476324865405E1);
#83=CARTESIAN_POINT('',(0.E0,6.6E1,2.461324865405E1));
#84=LINE('',#83,#82);
#85=DIRECTION('',(0.E0,-1.E0,0.E0));
#86=VECTOR('',#85,1.657868896691E1);
#87=CARTESIAN_POINT('',(0.E0,6.6E1,2.461324865405E1));
#88=LINE('',#87,#86);
#89=CARTESIAN_POINT('',(0.E0,-4.942131103309E1,2.461324865405E1));
#90=CARTESIAN_POINT('',(0.E0,-4.916390837146E1,2.441199387715E1));
#91=CARTESIAN_POINT('',(0.E0,-4.864910304820E1,2.412200901396E1));
#92=CARTESIAN_POINT('',(0.E0,-4.761949240167E1,2.367139494637E1));
#93=CARTESIAN_POINT('',(0.E0,-4.633247909352E1,2.325167502935E1));
#94=CARTESIAN_POINT('',(0.E0,-4.478806312374E1,2.284539253598E1));
#95=CARTESIAN_POINT('',(0.E0,-4.272884183069E1,2.239054351891E1));
#96=CARTESIAN_POINT('',(0.E0,-4.015481521438E1,2.193091333966E1));
#97=CARTESIAN_POINT('',(0.E0,-3.706598327482E1,2.148408108511E1));
#98=CARTESIAN_POINT('',(0.E0,-3.397715133525E1,2.111206330971E1));
#99=CARTESIAN_POINT('',(0.E0,-2.985870874916E1,2.069272422941E1));
#100=CARTESIAN_POINT('',(0.E0,-2.471065551654E1,2.028455658375E1));
#101=CARTESIAN_POINT('',(0.E0,-1.853299163741E1,1.993192454082E1));
#102=CARTESIAN_POINT('',(0.E0,-1.235532775827E1,1.969284915859E1));
#103=CARTESIAN_POINT('',(0.E0,-6.177663879136E0,1.955387648044E1));
#104=CARTESIAN_POINT('',(0.E0,-1.021405182655E-14,1.950825598912E1));
#105=CARTESIAN_POINT('',(0.E0,6.177663879136E0,1.955387648044E1));
#106=CARTESIAN_POINT('',(0.E0,1.235532775827E1,1.969284915859E1));
#107=CARTESIAN_POINT('',(0.E0,1.853299163741E1,1.993192454082E1));
#108=CARTESIAN_POINT('',(0.E0,2.471065551654E1,2.028455658375E1));
#109=CARTESIAN_POINT('',(0.E0,2.985870874916E1,2.069272422941E1));
#110=CARTESIAN_POINT('',(0.E0,3.397715133525E1,2.111206330971E1));
#111=CARTESIAN_POINT('',(0.E0,3.706598327482E1,2.148408108511E1));
#112=CARTESIAN_POINT('',(0.E0,4.015481521438E1,2.193091333966E1));
#113=CARTESIAN_POINT('',(0.E0,4.272884183069E1,2.239054351891E1));
#114=CARTESIAN_POINT('',(0.E0,4.478806312374E1,2.284539253598E1));
#115=CARTESIAN_POINT('',(0.E0,4.633247909352E1,2.325167502935E1));
#116=CARTESIAN_POINT('',(0.E0,4.761949240167E1,2.367139494637E1));
#117=CARTESIAN_POINT('',(0.E0,4.864910304820E1,2.412200901396E1));
#118=CARTESIAN_POINT('',(0.E0,4.916390837146E1,2.441199387715E1));
#119=CARTESIAN_POINT('',(0.E0,4.942131103309E1,2.461324865405E1));
#121=DIRECTION('',(0.E0,-1.E0,0.E0));
#122=VECTOR('',#121,1.657868896691E1);
#123=CARTESIAN_POINT('',(0.E0,-4.942131103309E1,2.461324865405E1));
#124=LINE('',#123,#122);
#125=DIRECTION('',(0.E0,0.E0,-1.E0));
#126=VECTOR('',#125,1.476324865405E1);
#127=CARTESIAN_POINT('',(0.E0,-6.6E1,2.461324865405E1));
#128=LINE('',#127,#126);
#129=DIRECTION('',(0.E0,-9.992989954909E-14,1.E0));
#130=VECTOR('',#129,1.422082357665E-1);
#131=CARTESIAN_POINT('',(0.E0,-6.6E1,9.707791764234E0));
#132=LINE('',#131,#130);
#133=CARTESIAN_POINT('',(0.E0,-6.6E1,9.707791764234E0));
#134=CARTESIAN_POINT('',(0.E0,-6.573107964803E1,9.657230348795E0));
#135=CARTESIAN_POINT('',(0.E0,-6.531975785162E1,9.556107517917E0));
#136=CARTESIAN_POINT('',(0.E0,-6.467286566456E1,9.353861856162E0));
#137=CARTESIAN_POINT('',(0.E0,-6.405813653864E1,9.101054778969E0));
#138=CARTESIAN_POINT('',(0.E0,-6.346068895842E1,8.797686286337E0));
#139=CARTESIAN_POINT('',(0.E0,-6.278866062300E1,8.393194962827E0));
#140=CARTESIAN_POINT('',(0.E0,-6.210741136861E1,7.887580808440E0));
#141=CARTESIAN_POINT('',(0.E0,-6.144374371687E1,7.280843823175E0));
#142=CARTESIAN_POINT('',(0.E0,-6.089052180826E1,6.674106837911E0));
#143=CARTESIAN_POINT('',(0.E0,-6.026642307120E1,5.865124190891E0));
#144=CARTESIAN_POINT('',(0.E0,-5.965841748159E1,4.853895882117E0));
#145=CARTESIAN_POINT('',(0.E0,-5.913284583995E1,3.640421911588E0));
#146=CARTESIAN_POINT('',(0.E0,-5.877639868985E1,2.426947941058E0));
#147=CARTESIAN_POINT('',(0.E0,-5.856915965641E1,1.213473970529E0));
#148=CARTESIAN_POINT('',(0.E0,-5.850112329227E1,0.E0));
#149=CARTESIAN_POINT('',(0.E0,-5.856915965641E1,-1.213473970529E0));
#150=CARTESIAN_POINT('',(0.E0,-5.877639868985E1,-2.426947941058E0));
#151=CARTESIAN_POINT('',(0.E0,-5.913284583995E1,-3.640421911588E0));
#152=CARTESIAN_POINT('',(0.E0,-5.965841748159E1,-4.853895882117E0));
#153=CARTESIAN_POINT('',(0.E0,-6.026642307120E1,-5.865124190891E0));
#154=CARTESIAN_POINT('',(0.E0,-6.089052180826E1,-6.674106837911E0));
#155=CARTESIAN_POINT('',(0.E0,-6.144374371687E1,-7.280843823175E0));
#156=CARTESIAN_POINT('',(0.E0,-6.210741136861E1,-7.887580808440E0));
#157=CARTESIAN_POINT('',(0.E0,-6.278866062300E1,-8.393194962827E0));
#158=CARTESIAN_POINT('',(0.E0,-6.346068895842E1,-8.797686286337E0));
#159=CARTESIAN_POINT('',(0.E0,-6.405813653864E1,-9.101054778969E0));
#160=CARTESIAN_POINT('',(0.E0,-6.467286566456E1,-9.353861856162E0));
#161=CARTESIAN_POINT('',(0.E0,-6.531975785162E1,-9.556107517917E0));
#162=CARTESIAN_POINT('',(0.E0,-6.573107964803E1,-9.657230348795E0));
#163=CARTESIAN_POINT('',(0.E0,-6.6E1,-9.707791764234E0));
#165=DIRECTION('',(0.E0,9.992989954911E-14,1.E0));
#166=VECTOR('',#165,1.422082357665E-1);
#167=CARTESIAN_POINT('',(0.E0,-6.6E1,-9.85E0));
#168=LINE('',#167,#166);
#169=DIRECTION('',(0.E0,0.E0,-1.E0));
#170=VECTOR('',#169,1.476324865405E1);
#171=CARTESIAN_POINT('',(0.E0,-6.6E1,-9.85E0));
#172=LINE('',#171,#170);
#173=DIRECTION('',(0.E0,-1.E0,0.E0));
#174=VECTOR('',#173,1.657868896691E1);
#175=CARTESIAN_POINT('',(0.E0,-4.942131103309E1,-2.461324865405E1));
#176=LINE('',#175,#174);
#177=DIRECTION('',(0.E0,1.E0,0.E0));
#178=VECTOR('',#177,5.6E1);
#179=CARTESIAN_POINT('',(0.E0,-2.8E1,-3.E0));
#180=LINE('',#179,#178);
#181=DIRECTION('',(0.E0,0.E0,-1.E0));
#182=VECTOR('',#181,2.E0);
#183=CARTESIAN_POINT('',(0.E0,-3.E1,1.E0));
#184=LINE('',#183,#182);
#185=DIRECTION('',(0.E0,-1.E0,0.E0));
#186=VECTOR('',#185,5.6E1);
#187=CARTESIAN_POINT('',(0.E0,2.8E1,3.E0));
#188=LINE('',#187,#186);
#189=DIRECTION('',(0.E0,0.E0,1.E0));
#190=VECTOR('',#189,2.E0);
#191=CARTESIAN_POINT('',(0.E0,3.E1,-1.E0));
#192=LINE('',#191,#190);
#193=CARTESIAN_POINT('',(9.5E-1,4.990904949337E1,-2.516173140978E1));
#194=CARTESIAN_POINT('',(6.095263778107E-1,4.981011054870E1,-2.496515887236E1));
#195=CARTESIAN_POINT('',(2.957806695342E-1,4.963972278191E1,-2.478401770323E1));
#196=CARTESIAN_POINT('',(0.E0,4.942131103309E1,-2.461324865405E1));
#198=DIRECTION('',(0.E0,1.E0,0.E0));
#199=VECTOR('',#198,2.009095050663E1);
#200=CARTESIAN_POINT('',(9.5E-1,4.990904949337E1,-2.516173140978E1));
#201=LINE('',#200,#199);
#202=DIRECTION('',(-8.660254037844E-1,0.E0,5.E-1));
#203=VECTOR('',#202,3.525462079371E1);
#204=CARTESIAN_POINT('',(9.5E-1,7.E1,-2.516173140978E1));
#205=LINE('',#204,#203);
#206=DIRECTION('',(0.E0,-1.E0,0.E0));
#207=VECTOR('',#206,4.E0);
#208=CARTESIAN_POINT('',(-2.958139720814E1,7.E1,-7.534421012925E0));
#209=LINE('',#208,#207);
#210=CARTESIAN_POINT('',(0.E0,-4.942131103309E1,-2.461324865405E1));
#211=CARTESIAN_POINT('',(2.957806695342E-1,-4.963972278191E1,
-2.478401770323E1));
#212=CARTESIAN_POINT('',(6.095263778107E-1,-4.981011054870E1,
-2.496515887236E1));
#213=CARTESIAN_POINT('',(9.5E-1,-4.990904949337E1,-2.516173140978E1));
#215=DIRECTION('',(0.E0,-1.E0,0.E0));
#216=VECTOR('',#215,4.E0);
#217=CARTESIAN_POINT('',(-3.213139720814E1,-6.6E1,-6.062177826491E0));
#218=LINE('',#217,#216);
#219=DIRECTION('',(8.660254037844E-1,0.E0,-5.E-1));
#220=VECTOR('',#219,3.819910716658E1);
#221=CARTESIAN_POINT('',(-3.213139720814E1,-7.E1,-6.062177826491E0));
#222=LINE('',#221,#220);
#223=DIRECTION('',(0.E0,1.E0,0.E0));
#224=VECTOR('',#223,2.009095050663E1);
#225=CARTESIAN_POINT('',(9.5E-1,-7.E1,-2.516173140978E1));
#226=LINE('',#225,#224);
#227=CARTESIAN_POINT('',(9.5E-1,4.990904949337E1,-2.516173140978E1));
#228=CARTESIAN_POINT('',(1.106319247884E0,4.995447463180E1,-2.525198236963E1));
#229=CARTESIAN_POINT('',(1.432811829253E0,4.999493882089E1,-2.539804672780E1));
#230=CARTESIAN_POINT('',(1.919543616399E0,5.000052141684E1,-2.551030951453E1));
#231=CARTESIAN_POINT('',(2.369482391287E0,4.999975083759E1,-2.553457587990E1));
#232=CARTESIAN_POINT('',(2.826061467164E0,5.000047168384E1,-2.548662646777E1));
#233=CARTESIAN_POINT('',(3.327233932143E0,4.998655564110E1,-2.534030727817E1));
#234=CARTESIAN_POINT('',(3.803089709303E0,4.988439757665E1,-2.508504890930E1));
#235=CARTESIAN_POINT('',(4.157627231723E0,4.965460910039E1,-2.479834905914E1));
#236=CARTESIAN_POINT('',(4.437127349301E0,4.927566273009E1,-2.448937815488E1));
#237=CARTESIAN_POINT('',(4.643288737905E0,4.875231488694E1,-2.417952142483E1));
#238=CARTESIAN_POINT('',(4.787739596366E0,4.812715484187E1,-2.388778318470E1));
#239=CARTESIAN_POINT('',(4.888435501631E0,4.740676549173E1,-2.360900999165E1));
#240=CARTESIAN_POINT('',(4.954542013040E0,4.659376061749E1,-2.334064428246E1));
#241=CARTESIAN_POINT('',(4.992022480280E0,4.568427437427E1,-2.307944544916E1));
#242=CARTESIAN_POINT('',(5.E0,4.500708066217E1,-2.290815834153E1));
#243=CARTESIAN_POINT('',(5.E0,4.465142774873E1,-2.282346281956E1));
#245=CARTESIAN_POINT('',(5.E0,-4.465142774873E1,-2.282346281956E1));
#246=CARTESIAN_POINT('',(5.E0,-4.502484602512E1,-2.291238900190E1));
#247=CARTESIAN_POINT('',(4.991200026428E0,-4.573400647728E1,-2.309232239829E1));
#248=CARTESIAN_POINT('',(4.949834522734E0,-4.667996025535E1,-2.336669386329E1));
#249=CARTESIAN_POINT('',(4.876526852561E0,-4.752001395730E1,-2.364913208629E1));
#250=CARTESIAN_POINT('',(4.764388642629E0,-4.825700432533E1,-2.394277423472E1));
#251=CARTESIAN_POINT('',(4.600875068625E0,-4.889092679885E1,-2.425263948308E1));
#252=CARTESIAN_POINT('',(4.366985419167E0,-4.940043675712E1,-2.457774317160E1));
#253=CARTESIAN_POINT('',(4.049871207883E0,-4.975095501054E1,-2.489809280167E1));
#254=CARTESIAN_POINT('',(3.625454546106E0,-4.994418379075E1,-2.519836944818E1));
#255=CARTESIAN_POINT('',(3.080120889603E0,-5.000016999526E1,-2.543027637108E1));
#256=CARTESIAN_POINT('',(2.536804163929E0,-4.999977860827E1,-2.552974887192E1));
#257=CARTESIAN_POINT('',(2.023545376647E0,-5.000022503317E1,-2.552640322215E1));
#258=CARTESIAN_POINT('',(1.479083572309E0,-4.999841709919E1,-2.541703003670E1));
#259=CARTESIAN_POINT('',(1.119671599787E0,-4.995835471977E1,-2.525969135359E1));
#260=CARTESIAN_POINT('',(9.5E-1,-4.990904949337E1,-2.516173140978E1));
#262=CARTESIAN_POINT('',(5.E0,-4.465142774873E1,-2.282346281956E1));
#263=CARTESIAN_POINT('',(5.E0,-4.279095159253E1,-2.238040726401E1));
#264=CARTESIAN_POINT('',(5.E0,-3.906999928014E1,-2.173322603483E1));
#265=CARTESIAN_POINT('',(5.E0,-3.162809465535E1,-2.080729394782E1));
#266=CARTESIAN_POINT('',(5.E0,-2.232571387436E1,-2.008910625766E1));
#267=CARTESIAN_POINT('',(5.E0,-1.116285693718E1,-1.962146609817E1));
#268=CARTESIAN_POINT('',(5.E0,0.E0,-1.947446118026E1));
#269=CARTESIAN_POINT('',(5.E0,1.116285693718E1,-1.962146609817E1));
#270=CARTESIAN_POINT('',(5.E0,2.232571387436E1,-2.008910625766E1));
#271=CARTESIAN_POINT('',(5.E0,3.162809465535E1,-2.080729394782E1));
#272=CARTESIAN_POINT('',(5.E0,3.906999928014E1,-2.173322603483E1));
#273=CARTESIAN_POINT('',(5.E0,4.279095159253E1,-2.238040726401E1));
#274=CARTESIAN_POINT('',(5.E0,4.465142774873E1,-2.282346281956E1));
#276=DIRECTION('',(0.E0,1.E0,0.E0));
#277=VECTOR('',#276,2.534857225127E1);
#278=CARTESIAN_POINT('',(5.E0,-7.E1,-2.282346281956E1));
#279=LINE('',#278,#277);
#280=DIRECTION('',(0.E0,0.E0,-1.E0));
#281=VECTOR('',#280,1.297346281956E1);
#282=CARTESIAN_POINT('',(5.E0,-7.E1,-9.85E0));
#283=LINE('',#282,#281);
#284=DIRECTION('',(0.E0,1.E0,0.E0));
#285=VECTOR('',#284,2.476197919685E0);
#286=CARTESIAN_POINT('',(5.E0,-7.E1,-9.85E0));
#287=LINE('',#286,#285);
#288=CARTESIAN_POINT('',(5.E0,-6.752380208031E1,9.85E0));
#289=CARTESIAN_POINT('',(5.E0,-6.646314190853E1,9.85E0));
#290=CARTESIAN_POINT('',(5.E0,-6.417074261943E1,9.429339639374E0));
#291=CARTESIAN_POINT('',(5.E0,-6.150627888219E1,7.548889819046E0));
#292=CARTESIAN_POINT('',(5.E0,-5.993407263708E1,5.421135781904E0));
#293=CARTESIAN_POINT('',(5.E0,-5.909553700685E1,3.638601987683E0));
#294=CARTESIAN_POINT('',(5.E0,-5.861802356002E1,1.778853602469E0));
#295=CARTESIAN_POINT('',(5.E0,-5.847669134046E1,-8.615330671091E-14));
#296=CARTESIAN_POINT('',(5.E0,-5.861802356002E1,-1.778853602469E0));
#297=CARTESIAN_POINT('',(5.E0,-5.909553700685E1,-3.638601987684E0));
#298=CARTESIAN_POINT('',(5.E0,-5.993407263708E1,-5.421135781905E0));
#299=CARTESIAN_POINT('',(5.E0,-6.150627888219E1,-7.548889819046E0));
#300=CARTESIAN_POINT('',(5.E0,-6.417074261943E1,-9.429339639374E0));
#301=CARTESIAN_POINT('',(5.E0,-6.646314190853E1,-9.85E0));
#302=CARTESIAN_POINT('',(5.E0,-6.752380208031E1,-9.85E0));
#304=DIRECTION('',(0.E0,1.E0,0.E0));
#305=VECTOR('',#304,2.476197919686E0);
#306=CARTESIAN_POINT('',(5.E0,-7.E1,9.85E0));
#307=LINE('',#306,#305);
#308=DIRECTION('',(0.E0,0.E0,-1.E0));
#309=VECTOR('',#308,1.297346281956E1);
#310=CARTESIAN_POINT('',(5.E0,-7.E1,2.282346281956E1));
#311=LINE('',#310,#309);
#312=DIRECTION('',(0.E0,-1.E0,0.E0));
#313=VECTOR('',#312,2.534857225127E1);
#314=CARTESIAN_POINT('',(5.E0,-4.465142774873E1,2.282346281956E1));
#315=LINE('',#314,#313);
#316=CARTESIAN_POINT('',(5.E0,-4.465142774873E1,2.282346281956E1));
#317=CARTESIAN_POINT('',(5.E0,-4.279095159253E1,2.238040726401E1));
#318=CARTESIAN_POINT('',(5.E0,-3.906999928014E1,2.173322603483E1));
#319=CARTESIAN_POINT('',(5.E0,-3.162809465535E1,2.080729394782E1));
#320=CARTESIAN_POINT('',(5.E0,-2.232571387436E1,2.008910625766E1));
#321=CARTESIAN_POINT('',(5.E0,-1.116285693718E1,1.962146609817E1));
#322=CARTESIAN_POINT('',(5.E0,-4.662936703426E-14,1.947446118026E1));
#323=CARTESIAN_POINT('',(5.E0,1.116285693718E1,1.962146609817E1));
#324=CARTESIAN_POINT('',(5.E0,2.232571387436E1,2.008910625766E1));
#325=CARTESIAN_POINT('',(5.E0,3.162809465535E1,2.080729394782E1));
#326=CARTESIAN_POINT('',(5.E0,3.906999928014E1,2.173322603483E1));
#327=CARTESIAN_POINT('',(5.E0,4.279095159253E1,2.238040726401E1));
#328=CARTESIAN_POINT('',(5.E0,4.465142774873E1,2.282346281956E1));
#330=DIRECTION('',(0.E0,-1.E0,0.E0));
#331=VECTOR('',#330,2.534857225127E1);
#332=CARTESIAN_POINT('',(5.E0,7.E1,2.282346281956E1));
#333=LINE('',#332,#331);
#334=DIRECTION('',(0.E0,0.E0,1.E0));
#335=VECTOR('',#334,1.297346281956E1);
#336=CARTESIAN_POINT('',(5.E0,7.E1,9.85E0));
#337=LINE('',#336,#335);
#338=DIRECTION('',(0.E0,-1.E0,0.E0));
#339=VECTOR('',#338,2.476197919686E0);
#340=CARTESIAN_POINT('',(5.E0,7.E1,9.85E0));
#341=LINE('',#340,#339);
#342=CARTESIAN_POINT('',(5.E0,6.752380208031E1,9.85E0));
#343=CARTESIAN_POINT('',(5.E0,6.646314190853E1,9.85E0));
#344=CARTESIAN_POINT('',(5.E0,6.417074261943E1,9.429339639374E0));
#345=CARTESIAN_POINT('',(5.E0,6.150627888219E1,7.548889819046E0));
#346=CARTESIAN_POINT('',(5.E0,5.993407263708E1,5.421135781904E0));
#347=CARTESIAN_POINT('',(5.E0,5.909553700685E1,3.638601987683E0));
#348=CARTESIAN_POINT('',(5.E0,5.861802356002E1,1.778853602469E0));
#349=CARTESIAN_POINT('',(5.E0,5.847669134046E1,-8.615330671091E-14));
#350=CARTESIAN_POINT('',(5.E0,5.861802356002E1,-1.778853602469E0));
#351=CARTESIAN_POINT('',(5.E0,5.909553700685E1,-3.638601987684E0));
#352=CARTESIAN_POINT('',(5.E0,5.993407263708E1,-5.421135781905E0));
#353=CARTESIAN_POINT('',(5.E0,6.150627888219E1,-7.548889819046E0));
#354=CARTESIAN_POINT('',(5.E0,6.417074261943E1,-9.429339639374E0));
#355=CARTESIAN_POINT('',(5.E0,6.646314190853E1,-9.85E0));
#356=CARTESIAN_POINT('',(5.E0,6.752380208031E1,-9.85E0));
#358=DIRECTION('',(0.E0,-1.E0,0.E0));
#359=VECTOR('',#358,2.476197919685E0);
#360=CARTESIAN_POINT('',(5.E0,7.E1,-9.85E0));
#361=LINE('',#360,#359);
#362=DIRECTION('',(0.E0,0.E0,1.E0));
#363=VECTOR('',#362,1.297346281956E1);
#364=CARTESIAN_POINT('',(5.E0,7.E1,-2.282346281956E1));
#365=LINE('',#364,#363);
#366=DIRECTION('',(0.E0,1.E0,0.E0));
#367=VECTOR('',#366,2.534857225127E1);
#368=CARTESIAN_POINT('',(5.E0,4.465142774873E1,-2.282346281956E1));
#369=LINE('',#368,#367);
#370=DIRECTION('',(0.E0,0.E0,-1.E0));
#371=VECTOR('',#370,2.E0);
#372=CARTESIAN_POINT('',(5.E0,-3.E1,1.E0));
#373=LINE('',#372,#371);
#374=DIRECTION('',(0.E0,1.E0,0.E0));
#375=VECTOR('',#374,5.6E1);
#376=CARTESIAN_POINT('',(5.E0,-2.8E1,-3.E0));
#377=LINE('',#376,#375);
#378=DIRECTION('',(0.E0,0.E0,1.E0));
#379=VECTOR('',#378,2.E0);
#380=CARTESIAN_POINT('',(5.E0,3.E1,-1.E0));
#381=LINE('',#380,#379);
#382=DIRECTION('',(0.E0,-1.E0,0.E0));
#383=VECTOR('',#382,5.6E1);
#384=CARTESIAN_POINT('',(5.E0,2.8E1,3.E0));
#385=LINE('',#384,#383);
#386=DIRECTION('',(0.E0,0.E0,-1.E0));
#387=VECTOR('',#386,2.E1);
#388=CARTESIAN_POINT('',(5.E0,5.2E1,1.78E1));
#389=LINE('',#388,#387);
#390=DIRECTION('',(0.E0,-1.E0,0.E0));
#391=VECTOR('',#390,4.E0);
#392=CARTESIAN_POINT('',(5.E0,5.2E1,1.78E1));
#393=LINE('',#392,#391);
#394=DIRECTION('',(0.E0,0.E0,-1.E0));
#395=VECTOR('',#394,2.E1);
#396=CARTESIAN_POINT('',(5.E0,4.8E1,1.78E1));
#397=LINE('',#396,#395);
#398=DIRECTION('',(0.E0,1.E0,0.E0));
#399=VECTOR('',#398,4.E0);
#400=CARTESIAN_POINT('',(5.E0,4.8E1,-2.2E0));
#401=LINE('',#400,#399);
#402=DIRECTION('',(0.E0,0.E0,1.E0));
#403=VECTOR('',#402,2.E1);
#404=CARTESIAN_POINT('',(5.E0,-5.2E1,-2.2E0));
#405=LINE('',#404,#403);
#406=DIRECTION('',(0.E0,-1.E0,0.E0));
#407=VECTOR('',#406,4.E0);
#408=CARTESIAN_POINT('',(5.E0,-4.8E1,-2.2E0));
#409=LINE('',#408,#407);
#410=DIRECTION('',(0.E0,0.E0,-1.E0));
#411=VECTOR('',#410,2.E1);
#412=CARTESIAN_POINT('',(5.E0,-4.8E1,1.78E1));
#413=LINE('',#412,#411);
#414=DIRECTION('',(0.E0,1.E0,0.E0));
#415=VECTOR('',#414,4.E0);
#416=CARTESIAN_POINT('',(5.E0,-5.2E1,1.78E1));
#417=LINE('',#416,#415);
#418=CARTESIAN_POINT('',(-2.863139720814E1,-7.E1,0.E0));
#419=DIRECTION('',(0.E0,-1.E0,0.E0));
#420=DIRECTION('',(-5.E-1,0.E0,8.660254037844E-1));
#421=AXIS2_PLACEMENT_3D('',#418,#419,#420);
#423=CARTESIAN_POINT('',(2.3E0,-7.E1,2.282346281956E1));
#424=DIRECTION('',(0.E0,-1.E0,0.E0));
#425=DIRECTION('',(1.E0,0.E0,0.E0));
#426=AXIS2_PLACEMENT_3D('',#423,#424,#425);
#428=DIRECTION('',(-1.E0,0.E0,0.E0));
#429=VECTOR('',#428,5.E0);
#430=CARTESIAN_POINT('',(5.E0,-7.E1,9.85E0));
#431=LINE('',#430,#429);
#432=CARTESIAN_POINT('',(0.E0,-7.E1,-9.85E0));
#433=CARTESIAN_POINT('',(-4.714045207910E-1,-7.E1,-9.85E0));
#434=CARTESIAN_POINT('',(-1.489751422418E0,-7.E1,-9.429767918397E0));
#435=CARTESIAN_POINT('',(-2.913036269835E0,-7.E1,-7.171300878400E0));
#436=CARTESIAN_POINT('',(-3.676061250573E0,-7.E1,-4.257749593175E0));
#437=CARTESIAN_POINT('',(-3.957942107752E0,-7.E1,-1.778989224159E0));
#438=CARTESIAN_POINT('',(-4.021028946124E0,-7.E1,0.E0));
#439=CARTESIAN_POINT('',(-3.957942107752E0,-7.E1,1.778989224159E0));
#440=CARTESIAN_POINT('',(-3.676061250573E0,-7.E1,4.257749593175E0));
#441=CARTESIAN_POINT('',(-2.913036269835E0,-7.E1,7.171300878400E0));
#442=CARTESIAN_POINT('',(-1.489751422418E0,-7.E1,9.429767918397E0));
#443=CARTESIAN_POINT('',(-4.714045207910E-1,-7.E1,9.85E0));
#444=CARTESIAN_POINT('',(0.E0,-7.E1,9.85E0));
#446=DIRECTION('',(-1.E0,0.E0,0.E0));
#447=VECTOR('',#446,5.E0);
#448=CARTESIAN_POINT('',(5.E0,-7.E1,-9.85E0));
#449=LINE('',#448,#447);
#450=CARTESIAN_POINT('',(2.3E0,-7.E1,-2.282346281956E1));
#451=DIRECTION('',(0.E0,-1.E0,0.E0));
#452=DIRECTION('',(-5.E-1,0.E0,-8.660254037844E-1));
#453=AXIS2_PLACEMENT_3D('',#450,#451,#452);
#455=CARTESIAN_POINT('',(-1.6E1,-7.E1,0.E0));
#456=DIRECTION('',(0.E0,-1.E0,0.E0));
#457=DIRECTION('',(0.E0,0.E0,-1.E0));
#458=AXIS2_PLACEMENT_3D('',#455,#456,#457);
#460=CARTESIAN_POINT('',(-1.6E1,-7.E1,0.E0));
#461=DIRECTION('',(0.E0,-1.E0,0.E0));
#462=DIRECTION('',(0.E0,0.E0,1.E0));
#463=AXIS2_PLACEMENT_3D('',#460,#461,#462);
#465=CARTESIAN_POINT('',(-1.6E1,-7.E1,8.5E0));
#466=DIRECTION('',(0.E0,-1.E0,0.E0));
#467=DIRECTION('',(0.E0,0.E0,-1.E0));
#468=AXIS2_PLACEMENT_3D('',#465,#466,#467);
#470=CARTESIAN_POINT('',(-1.6E1,-7.E1,8.5E0));
#471=DIRECTION('',(0.E0,-1.E0,0.E0));
#472=DIRECTION('',(0.E0,0.E0,1.E0));
#473=AXIS2_PLACEMENT_3D('',#470,#471,#472);
#475=CARTESIAN_POINT('',(-1.6E1,-7.E1,-8.5E0));
#476=DIRECTION('',(0.E0,1.E0,0.E0));
#477=DIRECTION('',(0.E0,0.E0,1.E0));
#478=AXIS2_PLACEMENT_3D('',#475,#476,#477);
#480=CARTESIAN_POINT('',(-1.6E1,-7.E1,-8.5E0));
#481=DIRECTION('',(0.E0,1.E0,0.E0));
#482=DIRECTION('',(0.E0,0.E0,-1.E0));
#483=AXIS2_PLACEMENT_3D('',#480,#481,#482);
#485=CARTESIAN_POINT('',(-1.6E1,-6.6E1,8.5E0));
#486=DIRECTION('',(0.E0,1.E0,0.E0));
#487=DIRECTION('',(0.E0,0.E0,-1.E0));
#488=AXIS2_PLACEMENT_3D('',#485,#486,#487);
#490=CARTESIAN_POINT('',(-1.6E1,-6.6E1,8.5E0));
#491=DIRECTION('',(0.E0,1.E0,0.E0));
#492=DIRECTION('',(0.E0,0.E0,1.E0));
#493=AXIS2_PLACEMENT_3D('',#490,#491,#492);
#495=CARTESIAN_POINT('',(-1.6E1,-6.6E1,-8.5E0));
#496=DIRECTION('',(0.E0,-1.E0,0.E0));
#497=DIRECTION('',(0.E0,0.E0,1.E0));
#498=AXIS2_PLACEMENT_3D('',#495,#496,#497);
#500=CARTESIAN_POINT('',(-1.6E1,-6.6E1,-8.5E0));
#501=DIRECTION('',(0.E0,-1.E0,0.E0));
#502=DIRECTION('',(0.E0,0.E0,-1.E0));
#503=AXIS2_PLACEMENT_3D('',#500,#501,#502);
#505=CARTESIAN_POINT('',(-2.863139720814E1,-6.6E1,0.E0));
#506=DIRECTION('',(0.E0,1.E0,0.E0));
#507=DIRECTION('',(-5.E-1,0.E0,-8.660254037844E-1));
#508=AXIS2_PLACEMENT_3D('',#505,#506,#507);
#510=DIRECTION('',(-8.660254037844E-1,0.E0,5.E-1));
#511=VECTOR('',#510,3.710214165512E1);
#512=CARTESIAN_POINT('',(0.E0,-6.6E1,-2.461324865405E1));
#513=LINE('',#512,#511);
#514=CARTESIAN_POINT('',(0.E0,-6.6E1,-9.85E0));
#515=CARTESIAN_POINT('',(-4.714045207910E-1,-6.6E1,-9.85E0));
#516=CARTESIAN_POINT('',(-1.489751422418E0,-6.6E1,-9.429767918397E0));
#517=CARTESIAN_POINT('',(-2.913036269835E0,-6.6E1,-7.171300878400E0));
#518=CARTESIAN_POINT('',(-3.676061250573E0,-6.6E1,-4.257749593175E0));
#519=CARTESIAN_POINT('',(-3.957942107752E0,-6.6E1,-1.778989224159E0));
#520=CARTESIAN_POINT('',(-4.021028946124E0,-6.6E1,0.E0));
#521=CARTESIAN_POINT('',(-3.957942107752E0,-6.6E1,1.778989224159E0));
#522=CARTESIAN_POINT('',(-3.676061250573E0,-6.6E1,4.257749593175E0));
#523=CARTESIAN_POINT('',(-2.913036269835E0,-6.6E1,7.171300878400E0));
#524=CARTESIAN_POINT('',(-1.489751422418E0,-6.6E1,9.429767918397E0));
#525=CARTESIAN_POINT('',(-4.714045207910E-1,-6.6E1,9.85E0));
#526=CARTESIAN_POINT('',(0.E0,-6.6E1,9.85E0));
#528=DIRECTION('',(8.660254037844E-1,0.E0,5.E-1));
#529=VECTOR('',#528,3.710214165512E1);
#530=CARTESIAN_POINT('',(-3.213139720814E1,-6.6E1,6.062177826491E0));
#531=LINE('',#530,#529);
#532=CARTESIAN_POINT('',(-1.6E1,-6.6E1,0.E0));
#533=DIRECTION('',(0.E0,-1.E0,0.E0));
#534=DIRECTION('',(0.E0,0.E0,-1.E0));
#535=AXIS2_PLACEMENT_3D('',#532,#533,#534);
#537=CARTESIAN_POINT('',(-1.6E1,-6.6E1,0.E0));
#538=DIRECTION('',(0.E0,-1.E0,0.E0));
#539=DIRECTION('',(0.E0,0.E0,1.E0));
#540=AXIS2_PLACEMENT_3D('',#537,#538,#539);
#542=DIRECTION('',(0.E0,-1.E0,0.E0));
#543=VECTOR('',#542,1.5E0);
#544=CARTESIAN_POINT('',(-1.6E1,-6.6E1,6.75E0));
#545=LINE('',#544,#543);
#546=DIRECTION('',(0.E0,-1.E0,0.E0));
#547=VECTOR('',#546,1.5E0);
#548=CARTESIAN_POINT('',(-1.6E1,-6.6E1,1.025E1));
#549=LINE('',#548,#547);
#550=CARTESIAN_POINT('',(-1.6E1,-6.75E1,8.5E0));
#551=DIRECTION('',(0.E0,1.E0,0.E0));
#552=DIRECTION('',(0.E0,0.E0,-1.E0));
#553=AXIS2_PLACEMENT_3D('',#550,#551,#552);
#555=CARTESIAN_POINT('',(-1.6E1,-6.75E1,8.5E0));
#556=DIRECTION('',(0.E0,1.E0,0.E0));
#557=DIRECTION('',(0.E0,0.E0,1.E0));
#558=AXIS2_PLACEMENT_3D('',#555,#556,#557);
#560=CARTESIAN_POINT('',(-1.6E1,-6.75E1,8.5E0));
#561=DIRECTION('',(0.E0,-1.E0,0.E0));
#562=DIRECTION('',(0.E0,0.E0,-1.E0));
#563=AXIS2_PLACEMENT_3D('',#560,#561,#562);
#565=DIRECTION('',(0.E0,1.E0,0.E0));
#566=VECTOR('',#565,2.5E0);
#567=CARTESIAN_POINT('',(-1.6E1,-7.E1,5.5E0));
#568=LINE('',#567,#566);
#569=CARTESIAN_POINT('',(-1.6E1,6.75E1,8.5E0));
#570=DIRECTION('',(0.E0,-1.E0,0.E0));
#571=DIRECTION('',(0.E0,0.E0,-1.E0));
#572=AXIS2_PLACEMENT_3D('',#569,#570,#571);
#574=DIRECTION('',(0.E0,1.E0,0.E0));
#575=VECTOR('',#574,2.5E0);
#576=CARTESIAN_POINT('',(-1.6E1,6.75E1,5.5E0));
#577=LINE('',#576,#575);
#578=CARTESIAN_POINT('',(-1.6E1,-6.75E1,8.5E0));
#579=DIRECTION('',(0.E0,-1.E0,0.E0));
#580=DIRECTION('',(0.E0,0.E0,1.E0));
#581=AXIS2_PLACEMENT_3D('',#578,#579,#580);
#583=DIRECTION('',(0.E0,1.E0,0.E0));
#584=VECTOR('',#583,2.5E0);
#585=CARTESIAN_POINT('',(-1.6E1,-7.E1,1.15E1));
#586=LINE('',#585,#584);
#587=CARTESIAN_POINT('',(-1.6E1,6.75E1,8.5E0));
#588=DIRECTION('',(0.E0,-1.E0,0.E0));
#589=DIRECTION('',(0.E0,0.E0,1.E0));
#590=AXIS2_PLACEMENT_3D('',#587,#588,#589);
#592=DIRECTION('',(0.E0,1.E0,0.E0));
#593=VECTOR('',#592,2.5E0);
#594=CARTESIAN_POINT('',(-1.6E1,6.75E1,1.15E1));
#595=LINE('',#594,#593);
#596=CARTESIAN_POINT('',(-1.6E1,6.75E1,8.5E0));
#597=DIRECTION('',(0.E0,1.E0,0.E0));
#598=DIRECTION('',(0.E0,0.E0,-1.E0));
#599=AXIS2_PLACEMENT_3D('',#596,#597,#598);
#601=CARTESIAN_POINT('',(-1.6E1,6.75E1,8.5E0));
#602=DIRECTION('',(0.E0,1.E0,0.E0));
#603=DIRECTION('',(0.E0,0.E0,1.E0));
#604=AXIS2_PLACEMENT_3D('',#601,#602,#603);
#606=DIRECTION('',(0.E0,1.E0,0.E0));
#607=VECTOR('',#606,1.5E0);
#608=CARTESIAN_POINT('',(-1.6E1,6.6E1,6.75E0));
#609=LINE('',#608,#607);
#610=CARTESIAN_POINT('',(-1.6E1,6.6E1,8.5E0));
#611=DIRECTION('',(0.E0,1.E0,0.E0));
#612=DIRECTION('',(0.E0,0.E0,-1.E0));
#613=AXIS2_PLACEMENT_3D('',#610,#611,#612);
#615=CARTESIAN_POINT('',(-1.6E1,6.6E1,8.5E0));
#616=DIRECTION('',(0.E0,1.E0,0.E0));
#617=DIRECTION('',(0.E0,0.E0,1.E0));
#618=AXIS2_PLACEMENT_3D('',#615,#616,#617);
#620=CARTESIAN_POINT('',(-1.6E1,6.6E1,-8.5E0));
#621=DIRECTION('',(0.E0,-1.E0,0.E0));
#622=DIRECTION('',(0.E0,0.E0,1.E0));
#623=AXIS2_PLACEMENT_3D('',#620,#621,#622);
#625=CARTESIAN_POINT('',(-1.6E1,6.6E1,-8.5E0));
#626=DIRECTION('',(0.E0,-1.E0,0.E0));
#627=DIRECTION('',(0.E0,0.E0,-1.E0));
#628=AXIS2_PLACEMENT_3D('',#625,#626,#627);
#630=CARTESIAN_POINT('',(0.E0,6.6E1,-9.85E0));
#631=CARTESIAN_POINT('',(-4.714045207910E-1,6.6E1,-9.85E0));
#632=CARTESIAN_POINT('',(-1.489751422418E0,6.6E1,-9.429767918397E0));
#633=CARTESIAN_POINT('',(-2.913036269835E0,6.6E1,-7.171300878400E0));
#634=CARTESIAN_POINT('',(-3.676061250573E0,6.6E1,-4.257749593175E0));
#635=CARTESIAN_POINT('',(-3.957942107752E0,6.6E1,-1.778989224159E0));
#636=CARTESIAN_POINT('',(-4.021028946124E0,6.6E1,0.E0));
#637=CARTESIAN_POINT('',(-3.957942107752E0,6.6E1,1.778989224159E0));
#638=CARTESIAN_POINT('',(-3.676061250573E0,6.6E1,4.257749593175E0));
#639=CARTESIAN_POINT('',(-2.913036269835E0,6.6E1,7.171300878400E0));
#640=CARTESIAN_POINT('',(-1.489751422418E0,6.6E1,9.429767918397E0));
#641=CARTESIAN_POINT('',(-4.714045207910E-1,6.6E1,9.85E0));
#642=CARTESIAN_POINT('',(0.E0,6.6E1,9.85E0));
#644=DIRECTION('',(-8.660254037844E-1,0.E0,5.E-1));
#645=VECTOR('',#644,3.415765528225E1);
#646=CARTESIAN_POINT('',(0.E0,6.6E1,-2.461324865405E1));
#647=LINE('',#646,#645);
#648=CARTESIAN_POINT('',(-2.523139720814E1,6.6E1,0.E0));
#649=DIRECTION('',(0.E0,-1.E0,0.E0));
#650=DIRECTION('',(-5.E-1,0.E0,8.660254037844E-1));
#651=AXIS2_PLACEMENT_3D('',#648,#649,#650);
#653=DIRECTION('',(8.660254037844E-1,0.E0,5.E-1));
#654=VECTOR('',#653,3.415765528225E1);
#655=CARTESIAN_POINT('',(-2.958139720814E1,6.6E1,7.534421012925E0));
#656=LINE('',#655,#654);
#657=CARTESIAN_POINT('',(-1.6E1,6.6E1,0.E0));
#658=DIRECTION('',(0.E0,-1.E0,0.E0));
#659=DIRECTION('',(0.E0,0.E0,-1.E0));
#660=AXIS2_PLACEMENT_3D('',#657,#658,#659);
#662=CARTESIAN_POINT('',(-1.6E1,6.6E1,0.E0));
#663=DIRECTION('',(0.E0,-1.E0,0.E0));
#664=DIRECTION('',(0.E0,0.E0,1.E0));
#665=AXIS2_PLACEMENT_3D('',#662,#663,#664);
#667=DIRECTION('',(0.E0,1.E0,0.E0));
#668=VECTOR('',#667,1.5E0);
#669=CARTESIAN_POINT('',(-1.6E1,6.6E1,1.025E1));
#670=LINE('',#669,#668);
#671=DIRECTION('',(0.E0,1.E0,0.E0));
#672=VECTOR('',#671,1.5E0);
#673=CARTESIAN_POINT('',(-1.6E1,6.6E1,-6.75E0));
#674=LINE('',#673,#672);
#675=DIRECTION('',(0.E0,1.E0,0.E0));
#676=VECTOR('',#675,1.5E0);
#677=CARTESIAN_POINT('',(-1.6E1,6.6E1,-1.025E1));
#678=LINE('',#677,#676);
#679=CARTESIAN_POINT('',(-1.6E1,6.75E1,-8.5E0));
#680=DIRECTION('',(0.E0,-1.E0,0.E0));
#681=DIRECTION('',(0.E0,0.E0,1.E0));
#682=AXIS2_PLACEMENT_3D('',#679,#680,#681);
#684=CARTESIAN_POINT('',(-1.6E1,6.75E1,-8.5E0));
#685=DIRECTION('',(0.E0,-1.E0,0.E0));
#686=DIRECTION('',(0.E0,0.E0,-1.E0));
#687=AXIS2_PLACEMENT_3D('',#684,#685,#686);
#689=CARTESIAN_POINT('',(-1.6E1,-6.75E1,-8.5E0));
#690=DIRECTION('',(0.E0,1.E0,0.E0));
#691=DIRECTION('',(0.E0,0.E0,1.E0));
#692=AXIS2_PLACEMENT_3D('',#689,#690,#691);
#694=DIRECTION('',(0.E0,1.E0,0.E0));
#695=VECTOR('',#694,2.5E0);
#696=CARTESIAN_POINT('',(-1.6E1,-7.E1,-5.5E0));
#697=LINE('',#696,#695);
#698=CARTESIAN_POINT('',(-1.6E1,6.75E1,-8.5E0));
#699=DIRECTION('',(0.E0,1.E0,0.E0));
#700=DIRECTION('',(0.E0,0.E0,1.E0));
#701=AXIS2_PLACEMENT_3D('',#698,#699,#700);
#703=DIRECTION('',(0.E0,1.E0,0.E0));
#704=VECTOR('',#703,2.5E0);
#705=CARTESIAN_POINT('',(-1.6E1,6.75E1,-5.5E0));
#706=LINE('',#705,#704);
#707=CARTESIAN_POINT('',(-1.6E1,-6.75E1,-8.5E0));
#708=DIRECTION('',(0.E0,-1.E0,0.E0));
#709=DIRECTION('',(0.E0,0.E0,1.E0));
#710=AXIS2_PLACEMENT_3D('',#707,#708,#709);
#712=CARTESIAN_POINT('',(-1.6E1,-6.75E1,-8.5E0));
#713=DIRECTION('',(0.E0,-1.E0,0.E0));
#714=DIRECTION('',(0.E0,0.E0,-1.E0));
#715=AXIS2_PLACEMENT_3D('',#712,#713,#714);
#717=DIRECTION('',(0.E0,-1.E0,0.E0));
#718=VECTOR('',#717,1.5E0);
#719=CARTESIAN_POINT('',(-1.6E1,-6.6E1,-6.75E0));
#720=LINE('',#719,#718);
#721=DIRECTION('',(0.E0,-1.E0,0.E0));
#722=VECTOR('',#721,1.5E0);
#723=CARTESIAN_POINT('',(-1.6E1,-6.6E1,-1.025E1));
#724=LINE('',#723,#722);
#725=CARTESIAN_POINT('',(-1.6E1,-6.75E1,-8.5E0));
#726=DIRECTION('',(0.E0,1.E0,0.E0));
#727=DIRECTION('',(0.E0,0.E0,-1.E0));
#728=AXIS2_PLACEMENT_3D('',#725,#726,#727);
#730=DIRECTION('',(0.E0,1.E0,0.E0));
#731=VECTOR('',#730,2.5E0);
#732=CARTESIAN_POINT('',(-1.6E1,-7.E1,-1.15E1));
#733=LINE('',#732,#731);
#734=CARTESIAN_POINT('',(-1.6E1,6.75E1,-8.5E0));
#735=DIRECTION('',(0.E0,1.E0,0.E0));
#736=DIRECTION('',(0.E0,0.E0,-1.E0));
#737=AXIS2_PLACEMENT_3D('',#734,#735,#736);
#739=DIRECTION('',(0.E0,1.E0,0.E0));
#740=VECTOR('',#739,2.5E0);
#741=CARTESIAN_POINT('',(-1.6E1,6.75E1,-1.15E1));
#742=LINE('',#741,#740);
#743=CARTESIAN_POINT('',(2.3E0,7.E1,-2.282346281956E1));
#744=DIRECTION('',(0.E0,1.E0,0.E0));
#745=DIRECTION('',(1.E0,0.E0,0.E0));
#746=AXIS2_PLACEMENT_3D('',#743,#744,#745);
#748=DIRECTION('',(-1.E0,0.E0,0.E0));
#749=VECTOR('',#748,5.E0);
#750=CARTESIAN_POINT('',(5.E0,7.E1,-9.85E0));
#751=LINE('',#750,#749);
#752=CARTESIAN_POINT('',(0.E0,7.E1,-9.85E0));
#753=CARTESIAN_POINT('',(-4.714045207910E-1,7.E1,-9.85E0));
#754=CARTESIAN_POINT('',(-1.489751422418E0,7.E1,-9.429767918397E0));
#755=CARTESIAN_POINT('',(-2.913036269835E0,7.E1,-7.171300878400E0));
#756=CARTESIAN_POINT('',(-3.676061250573E0,7.E1,-4.257749593175E0));
#757=CARTESIAN_POINT('',(-3.957942107752E0,7.E1,-1.778989224159E0));
#758=CARTESIAN_POINT('',(-4.021028946124E0,7.E1,0.E0));
#759=CARTESIAN_POINT('',(-3.957942107752E0,7.E1,1.778989224159E0));
#760=CARTESIAN_POINT('',(-3.676061250573E0,7.E1,4.257749593175E0));
#761=CARTESIAN_POINT('',(-2.913036269835E0,7.E1,7.171300878400E0));
#762=CARTESIAN_POINT('',(-1.489751422418E0,7.E1,9.429767918397E0));
#763=CARTESIAN_POINT('',(-4.714045207910E-1,7.E1,9.85E0));
#764=CARTESIAN_POINT('',(0.E0,7.E1,9.85E0));
#766=DIRECTION('',(-1.E0,0.E0,0.E0));
#767=VECTOR('',#766,5.E0);
#768=CARTESIAN_POINT('',(5.E0,7.E1,9.85E0));
#769=LINE('',#768,#767);
#770=CARTESIAN_POINT('',(2.3E0,7.E1,2.282346281956E1));
#771=DIRECTION('',(0.E0,1.E0,0.E0));
#772=DIRECTION('',(-5.E-1,0.E0,8.660254037844E-1));
#773=AXIS2_PLACEMENT_3D('',#770,#771,#772);
#775=CARTESIAN_POINT('',(-2.523139720814E1,7.E1,0.E0));
#776=DIRECTION('',(0.E0,1.E0,0.E0));
#777=DIRECTION('',(-5.E-1,0.E0,-8.660254037844E-1));
#778=AXIS2_PLACEMENT_3D('',#775,#776,#777);
#780=CARTESIAN_POINT('',(-1.6E1,7.E1,0.E0));
#781=DIRECTION('',(0.E0,-1.E0,0.E0));
#782=DIRECTION('',(0.E0,0.E0,-1.E0));
#783=AXIS2_PLACEMENT_3D('',#780,#781,#782);
#785=CARTESIAN_POINT('',(-1.6E1,7.E1,0.E0));
#786=DIRECTION('',(0.E0,-1.E0,0.E0));
#787=DIRECTION('',(0.E0,0.E0,1.E0));
#788=AXIS2_PLACEMENT_3D('',#785,#786,#787);
#790=CARTESIAN_POINT('',(-1.6E1,7.E1,8.5E0));
#791=DIRECTION('',(0.E0,-1.E0,0.E0));
#792=DIRECTION('',(0.E0,0.E0,-1.E0));
#793=AXIS2_PLACEMENT_3D('',#790,#791,#792);
#795=CARTESIAN_POINT('',(-1.6E1,7.E1,8.5E0));
#796=DIRECTION('',(0.E0,-1.E0,0.E0));
#797=DIRECTION('',(0.E0,0.E0,1.E0));
#798=AXIS2_PLACEMENT_3D('',#795,#796,#797);
#800=CARTESIAN_POINT('',(-1.6E1,7.E1,-8.5E0));
#801=DIRECTION('',(0.E0,1.E0,0.E0));
#802=DIRECTION('',(0.E0,0.E0,1.E0));
#803=AXIS2_PLACEMENT_3D('',#800,#801,#802);
#805=CARTESIAN_POINT('',(-1.6E1,7.E1,-8.5E0));
#806=DIRECTION('',(0.E0,1.E0,0.E0));
#807=DIRECTION('',(0.E0,0.E0,-1.E0));
#808=AXIS2_PLACEMENT_3D('',#805,#806,#807);
#810=DIRECTION('',(0.E0,1.E0,0.E0));
#811=VECTOR('',#810,2.476197919686E0);
#812=CARTESIAN_POINT('',(0.E0,6.752380208031E1,-9.85E0));
#813=LINE('',#812,#811);
#814=DIRECTION('',(-1.E0,-2.842170943040E-14,0.E0));
#815=VECTOR('',#814,5.E0);
#816=CARTESIAN_POINT('',(5.E0,6.752380208031E1,-9.85E0));
#817=LINE('',#816,#815);
#818=CARTESIAN_POINT('',(6.772453690286E-1,6.6E1,9.707791764234E0));
#819=CARTESIAN_POINT('',(6.026933990635E-1,6.616774193242E1,9.739329985382E0));
#820=CARTESIAN_POINT('',(4.529218638719E-1,6.650472787863E1,9.791964197909E0));
#821=CARTESIAN_POINT('',(2.268967727312E-1,6.701328436957E1,9.839427223329E0));
#822=CARTESIAN_POINT('',(7.565486875406E-2,6.735357856583E1,9.85E0));
#823=CARTESIAN_POINT('',(-2.657358958156E-8,6.752380208031E1,9.85E0));
#825=DIRECTION('',(1.E0,0.E0,0.E0));
#826=VECTOR('',#825,6.772453690286E-1);
#827=CARTESIAN_POINT('',(0.E0,6.6E1,9.707791764234E0));
#828=LINE('',#827,#826);
#829=DIRECTION('',(1.E0,0.E0,1.311457354037E-14));
#830=VECTOR('',#829,6.772453690286E-1);
#831=CARTESIAN_POINT('',(0.E0,6.6E1,-9.707791764234E0));
#832=LINE('',#831,#830);
#833=CARTESIAN_POINT('',(0.E0,6.752380208031E1,-9.85E0));
#834=CARTESIAN_POINT('',(7.565487580876E-2,6.735357860974E1,-9.85E0));
#835=CARTESIAN_POINT('',(2.268967334887E-1,6.701328442996E1,-9.839427227666E0));
#836=CARTESIAN_POINT('',(4.529218577564E-1,6.650472790036E1,-9.791964201307E0));
#837=CARTESIAN_POINT('',(6.026933954186E-1,6.616774194062E1,-9.739329986924E0));
#838=CARTESIAN_POINT('',(6.772453690286E-1,6.6E1,-9.707791764234E0));
#840=DIRECTION('',(-1.E0,0.E0,0.E0));
#841=VECTOR('',#840,5.000000026574E0);
#842=CARTESIAN_POINT('',(5.E0,6.752380208031E1,9.85E0));
#843=LINE('',#842,#841);
#844=CARTESIAN_POINT('',(6.772453690286E-1,6.6E1,-9.707791764234E0));
#845=CARTESIAN_POINT('',(4.604810272649E-1,6.6E1,-9.799491041272E0));
#846=CARTESIAN_POINT('',(2.353625655655E-1,6.6E1,-9.85E0));
#847=CARTESIAN_POINT('',(0.E0,6.6E1,-9.85E0));
#849=CARTESIAN_POINT('',(0.E0,6.6E1,9.85E0));
#850=CARTESIAN_POINT('',(2.353625655655E-1,6.6E1,9.85E0));
#851=CARTESIAN_POINT('',(4.604810272649E-1,6.6E1,9.799491041272E0));
#852=CARTESIAN_POINT('',(6.772453690286E-1,6.6E1,9.707791764234E0));
#854=DIRECTION('',(1.073160942312E-8,1.E0,0.E0));
#855=VECTOR('',#854,2.476197919686E0);
#856=CARTESIAN_POINT('',(-2.657358958156E-8,6.752380208031E1,9.85E0));
#857=LINE('',#856,#855);
#858=CARTESIAN_POINT('',(9.5E-1,-4.990904949337E1,2.516173140978E1));
#859=CARTESIAN_POINT('',(1.106579372228E0,-4.995455022187E1,2.525213255249E1));
#860=CARTESIAN_POINT('',(1.433340796880E0,-4.999494122190E1,2.539819768259E1));
#861=CARTESIAN_POINT('',(1.918989210036E0,-5.000051349737E1,2.551012836586E1));
#862=CARTESIAN_POINT('',(2.367069380923E0,-4.999975712508E1,2.553455558938E1));
#863=CARTESIAN_POINT('',(2.822293854044E0,-5.000045489911E1,2.548724820987E1));
#864=CARTESIAN_POINT('',(3.321973406635E0,-4.998695177193E1,2.534240802951E1));
#865=CARTESIAN_POINT('',(3.799565301771E0,-4.988605093014E1,2.508759349853E1));
#866=CARTESIAN_POINT('',(4.156401483568E0,-4.965592292828E1,2.479957530330E1));
#867=CARTESIAN_POINT('',(4.435810595437E0,-4.927803827536E1,2.449104209490E1));
#868=CARTESIAN_POINT('',(4.642548856156E0,-4.875493275377E1,2.418085873520E1));
#869=CARTESIAN_POINT('',(4.787246062565E0,-4.812993372581E1,2.388895240105E1));
#870=CARTESIAN_POINT('',(4.888176666822E0,-4.740931835600E1,2.360990572308E1));
#871=CARTESIAN_POINT('',(4.954426928114E0,-4.659587229176E1,2.334128176867E1));
#872=CARTESIAN_POINT('',(4.992000937565E0,-4.568558058772E1,2.307978369106E1));
#873=CARTESIAN_POINT('',(5.E0,-4.500756181744E1,2.290827292430E1));
#874=CARTESIAN_POINT('',(5.E0,-4.465142774873E1,2.282346281956E1));
#876=CARTESIAN_POINT('',(5.E0,4.465142774873E1,2.282346281956E1));
#877=CARTESIAN_POINT('',(5.E0,4.502418541065E1,2.291223168254E1));
#878=CARTESIAN_POINT('',(4.991231961246E0,4.573216068110E1,2.309184291864E1));
#879=CARTESIAN_POINT('',(4.950011106291E0,4.667679227760E1,2.336573209063E1));
#880=CARTESIAN_POINT('',(4.876986565602E0,4.751584819810E1,2.364763573263E1));
#881=CARTESIAN_POINT('',(4.765252025666E0,4.825232639673E1,2.394077186240E1));
#882=CARTESIAN_POINT('',(4.602616444748E0,4.888563826319E1,2.424975492008E1));
#883=CARTESIAN_POINT('',(4.369574056704E0,4.939617514888E1,2.457460489305E1));
#884=CARTESIAN_POINT('',(4.054574880462E0,4.974701453990E1,2.489382839421E1));
#885=CARTESIAN_POINT('',(3.633967398131E0,4.994211449188E1,2.519348843701E1));
#886=CARTESIAN_POINT('',(3.088361754620E0,5.000011220259E1,2.542800846032E1));
#887=CARTESIAN_POINT('',(2.542104726877E0,4.999978194654E1,2.552950030228E1));
#888=CARTESIAN_POINT('',(2.025304683912E0,5.000022580041E1,2.552682920626E1));
#889=CARTESIAN_POINT('',(1.477820326949E0,4.999843422389E1,2.541673241999E1));
#890=CARTESIAN_POINT('',(1.119069944248E0,4.995817988342E1,2.525934398761E1));
#891=CARTESIAN_POINT('',(9.5E-1,4.990904949337E1,2.516173140978E1));
#893=CARTESIAN_POINT('',(9.5E-1,-4.990904949337E1,2.516173140978E1));
#894=CARTESIAN_POINT('',(6.095263778107E-1,-4.981011054870E1,2.496515887236E1));
#895=CARTESIAN_POINT('',(2.957806695342E-1,-4.963972278191E1,2.478401770323E1));
#896=CARTESIAN_POINT('',(0.E0,-4.942131103309E1,2.461324865405E1));
#898=DIRECTION('',(0.E0,-1.E0,0.E0));
#899=VECTOR('',#898,2.009095050663E1);
#900=CARTESIAN_POINT('',(9.5E-1,-4.990904949337E1,2.516173140978E1));
#901=LINE('',#900,#899);
#902=DIRECTION('',(-8.660254037844E-1,0.E0,-5.E-1));
#903=VECTOR('',#902,3.819910716658E1);
#904=CARTESIAN_POINT('',(9.5E-1,-7.E1,2.516173140978E1));
#905=LINE('',#904,#903);
#906=DIRECTION('',(0.E0,-1.E0,0.E0));
#907=VECTOR('',#906,4.E0);
#908=CARTESIAN_POINT('',(-3.213139720814E1,-6.6E1,6.062177826491E0));
#909=LINE('',#908,#907);
#910=CARTESIAN_POINT('',(0.E0,4.942131103309E1,2.461324865405E1));
#911=CARTESIAN_POINT('',(2.957806695342E-1,4.963972278191E1,2.478401770323E1));
#912=CARTESIAN_POINT('',(6.095263778107E-1,4.981011054870E1,2.496515887236E1));
#913=CARTESIAN_POINT('',(9.5E-1,4.990904949337E1,2.516173140978E1));
#915=DIRECTION('',(0.E0,-1.E0,0.E0));
#916=VECTOR('',#915,4.E0);
#917=CARTESIAN_POINT('',(-2.958139720814E1,7.E1,7.534421012925E0));
#918=LINE('',#917,#916);
#919=DIRECTION('',(8.660254037844E-1,0.E0,5.E-1));
#920=VECTOR('',#919,3.525462079371E1);
#921=CARTESIAN_POINT('',(-2.958139720814E1,7.E1,7.534421012925E0));
#922=LINE('',#921,#920);
#923=DIRECTION('',(0.E0,-1.E0,0.E0));
#924=VECTOR('',#923,2.009095050663E1);
#925=CARTESIAN_POINT('',(9.5E-1,7.E1,2.516173140978E1));
#926=LINE('',#925,#924);
#927=DIRECTION('',(0.E0,1.E0,0.E0));
#928=VECTOR('',#927,4.E0);
#929=CARTESIAN_POINT('',(-1.6E1,6.6E1,-4.E0));
#930=LINE('',#929,#928);
#931=DIRECTION('',(0.E0,1.E0,0.E0));
#932=VECTOR('',#931,4.E0);
#933=CARTESIAN_POINT('',(-1.6E1,-7.E1,-4.E0));
#934=LINE('',#933,#932);
#935=DIRECTION('',(0.E0,1.E0,0.E0));
#936=VECTOR('',#935,4.E0);
#937=CARTESIAN_POINT('',(-1.6E1,6.6E1,4.E0));
#938=LINE('',#937,#936);
#939=DIRECTION('',(0.E0,1.E0,0.E0));
#940=VECTOR('',#939,4.E0);
#941=CARTESIAN_POINT('',(-1.6E1,-7.E1,4.E0));
#942=LINE('',#941,#940);
#943=CARTESIAN_POINT('',(6.772453690286E-1,-6.6E1,-9.707791764234E0));
#944=CARTESIAN_POINT('',(4.604810272649E-1,-6.6E1,-9.799491041272E0));
#945=CARTESIAN_POINT('',(2.353625655655E-1,-6.6E1,-9.85E0));
#946=CARTESIAN_POINT('',(0.E0,-6.6E1,-9.85E0));
#948=CARTESIAN_POINT('',(0.E0,-6.6E1,9.85E0));
#949=CARTESIAN_POINT('',(2.353625655655E-1,-6.6E1,9.85E0));
#950=CARTESIAN_POINT('',(4.604810272649E-1,-6.6E1,9.799491041272E0));
#951=CARTESIAN_POINT('',(6.772453690286E-1,-6.6E1,9.707791764234E0));
#953=CARTESIAN_POINT('',(-2.655789902160E-8,-6.752380208031E1,9.85E0));
#954=CARTESIAN_POINT('',(7.566522379080E-2,-6.735355526703E1,9.85E0));
#955=CARTESIAN_POINT('',(2.269209542679E-1,-6.701322996110E1,9.839424408994E0));
#956=CARTESIAN_POINT('',(4.529482278676E-1,-6.650466855965E1,9.791956355277E0));
#957=CARTESIAN_POINT('',(6.027046338910E-1,-6.616771665406E1,9.739325232637E0));
#958=CARTESIAN_POINT('',(6.772453690286E-1,-6.6E1,9.707791764234E0));
#960=DIRECTION('',(-1.E0,0.E0,0.E0));
#961=VECTOR('',#960,5.000000026558E0);
#962=CARTESIAN_POINT('',(5.E0,-6.752380208031E1,9.85E0));
#963=LINE('',#962,#961);
#964=CARTESIAN_POINT('',(6.772453690286E-1,-6.6E1,-9.707791764234E0));
#965=CARTESIAN_POINT('',(6.027046302496E-1,-6.616771666225E1,
-9.739325234177E0));
#966=CARTESIAN_POINT('',(4.529482217588E-1,-6.650466858136E1,
-9.791956358673E0));
#967=CARTESIAN_POINT('',(2.269209150518E-1,-6.701323002145E1,
-9.839424413330E0));
#968=CARTESIAN_POINT('',(7.566523084274E-2,-6.735355531092E1,-9.85E0));
#969=CARTESIAN_POINT('',(-1.671210373442E-14,-6.752380208031E1,-9.85E0));
#971=DIRECTION('',(-1.E0,0.E0,-1.573748824844E-14));
#972=VECTOR('',#971,6.772453690286E-1);
#973=CARTESIAN_POINT('',(6.772453690286E-1,-6.6E1,-9.707791764234E0));
#974=LINE('',#973,#972);
#975=DIRECTION('',(-1.E0,0.E0,0.E0));
#976=VECTOR('',#975,6.772453690286E-1);
#977=CARTESIAN_POINT('',(6.772453690286E-1,-6.6E1,9.707791764234E0));
#978=LINE('',#977,#976);
#979=DIRECTION('',(-1.072527300176E-8,1.E0,0.E0));
#980=VECTOR('',#979,2.476197919686E0);
#981=CARTESIAN_POINT('',(0.E0,-7.E1,9.85E0));
#982=LINE('',#981,#980);
#983=DIRECTION('',(0.E0,1.E0,0.E0));
#984=VECTOR('',#983,2.476197919685E0);
#985=CARTESIAN_POINT('',(0.E0,-7.E1,-9.85E0));
#986=LINE('',#985,#984);
#987=DIRECTION('',(-1.E0,0.E0,0.E0));
#988=VECTOR('',#987,5.E0);
#989=CARTESIAN_POINT('',(5.E0,-6.752380208031E1,-9.85E0));
#990=LINE('',#989,#988);
#991=DIRECTION('',(-1.E0,0.E0,0.E0));
#992=VECTOR('',#991,5.E0);
#993=CARTESIAN_POINT('',(5.E0,-3.E1,1.E0));
#994=LINE('',#993,#992);
#995=DIRECTION('',(-1.E0,0.E0,0.E0));
#996=VECTOR('',#995,5.E0);
#997=CARTESIAN_POINT('',(5.E0,-3.E1,-1.E0));
#998=LINE('',#997,#996);
#999=CARTESIAN_POINT('',(5.E0,-2.8E1,1.E0));
#1000=DIRECTION('',(-1.E0,0.E0,0.E0));
#1001=DIRECTION('',(0.E0,-1.E0,0.E0));
#1002=AXIS2_PLACEMENT_3D('',#999,#1000,#1001);
#1004=CARTESIAN_POINT('',(0.E0,-2.8E1,1.E0));
#1005=DIRECTION('',(1.E0,0.E0,0.E0));
#1006=DIRECTION('',(0.E0,0.E0,1.E0));
#1007=AXIS2_PLACEMENT_3D('',#1004,#1005,#1006);
#1009=DIRECTION('',(-1.E0,0.E0,0.E0));
#1010=VECTOR('',#1009,5.E0);
#1011=CARTESIAN_POINT('',(5.E0,-2.8E1,3.E0));
#1012=LINE('',#1011,#1010);
#1013=DIRECTION('',(-1.E0,0.E0,0.E0));
#1014=VECTOR('',#1013,5.E0);
#1015=CARTESIAN_POINT('',(5.E0,2.8E1,3.E0));
#1016=LINE('',#1015,#1014);
#1017=CARTESIAN_POINT('',(5.E0,2.8E1,1.E0));
#1018=DIRECTION('',(-1.E0,0.E0,0.E0));
#1019=DIRECTION('',(0.E0,0.E0,1.E0));
#1020=AXIS2_PLACEMENT_3D('',#1017,#1018,#1019);
#1022=CARTESIAN_POINT('',(0.E0,2.8E1,1.E0));
#1023=DIRECTION('',(1.E0,0.E0,0.E0));
#1024=DIRECTION('',(0.E0,1.E0,0.E0));
#1025=AXIS2_PLACEMENT_3D('',#1022,#1023,#1024);
#1027=DIRECTION('',(-1.E0,0.E0,0.E0));
#1028=VECTOR('',#1027,5.E0);
#1029=CARTESIAN_POINT('',(5.E0,3.E1,1.E0));
#1030=LINE('',#1029,#1028);
#1031=DIRECTION('',(-1.E0,0.E0,0.E0));
#1032=VECTOR('',#1031,5.E0);
#1033=CARTESIAN_POINT('',(5.E0,3.E1,-1.E0));
#1034=LINE('',#1033,#1032);
#1035=CARTESIAN_POINT('',(5.E0,2.8E1,-1.E0));
#1036=DIRECTION('',(-1.E0,0.E0,0.E0));
#1037=DIRECTION('',(0.E0,1.E0,0.E0));
#1038=AXIS2_PLACEMENT_3D('',#1035,#1036,#1037);
#1040=CARTESIAN_POINT('',(0.E0,2.8E1,-1.E0));
#1041=DIRECTION('',(1.E0,0.E0,0.E0));
#1042=DIRECTION('',(0.E0,0.E0,-1.E0));
#1043=AXIS2_PLACEMENT_3D('',#1040,#1041,#1042);
#1045=DIRECTION('',(-1.E0,0.E0,0.E0));
#1046=VECTOR('',#1045,5.E0);
#1047=CARTESIAN_POINT('',(5.E0,-2.8E1,-3.E0));
#1048=LINE('',#1047,#1046);
#1049=DIRECTION('',(-1.E0,0.E0,0.E0));
#1050=VECTOR('',#1049,5.E0);
#1051=CARTESIAN_POINT('',(5.E0,2.8E1,-3.E0));
#1052=LINE('',#1051,#1050);
#1053=CARTESIAN_POINT('',(5.E0,-2.8E1,-1.E0));
#1054=DIRECTION('',(-1.E0,0.E0,0.E0));
#1055=DIRECTION('',(0.E0,0.E0,-1.E0));
#1056=AXIS2_PLACEMENT_3D('',#1053,#1054,#1055);
#1058=CARTESIAN_POINT('',(0.E0,-2.8E1,-1.E0));
#1059=DIRECTION('',(1.E0,0.E0,0.E0));
#1060=DIRECTION('',(0.E0,-1.E0,0.E0));
#1061=AXIS2_PLACEMENT_3D('',#1058,#1059,#1060);
#1063=DIRECTION('',(-1.E0,0.E0,0.E0));
#1064=VECTOR('',#1063,3.E0);
#1065=CARTESIAN_POINT('',(5.E0,5.2E1,-2.2E0));
#1066=LINE('',#1065,#1064);
#1067=DIRECTION('',(-1.E0,0.E0,0.E0));
#1068=VECTOR('',#1067,3.E0);
#1069=CARTESIAN_POINT('',(5.E0,4.8E1,-2.2E0));
#1070=LINE('',#1069,#1068);
#1071=DIRECTION('',(-1.E0,0.E0,0.E0));
#1072=VECTOR('',#1071,3.E0);
#1073=CARTESIAN_POINT('',(5.E0,4.8E1,1.78E1));
#1074=LINE('',#1073,#1072);
#1075=DIRECTION('',(-1.E0,0.E0,0.E0));
#1076=VECTOR('',#1075,3.E0);
#1077=CARTESIAN_POINT('',(5.E0,5.2E1,1.78E1));
#1078=LINE('',#1077,#1076);
#1079=DIRECTION('',(0.E0,0.E0,1.E0));
#1080=VECTOR('',#1079,2.E1);
#1081=CARTESIAN_POINT('',(2.E0,5.2E1,-2.2E0));
#1082=LINE('',#1081,#1080);
#1083=DIRECTION('',(0.E0,1.E0,0.E0));
#1084=VECTOR('',#1083,4.E0);
#1085=CARTESIAN_POINT('',(2.E0,4.8E1,-2.2E0));
#1086=LINE('',#1085,#1084);
#1087=DIRECTION('',(0.E0,0.E0,-1.E0));
#1088=VECTOR('',#1087,2.E1);
#1089=CARTESIAN_POINT('',(2.E0,4.8E1,1.78E1));
#1090=LINE('',#1089,#1088);
#1091=DIRECTION('',(0.E0,-1.E0,0.E0));
#1092=VECTOR('',#1091,4.E0);
#1093=CARTESIAN_POINT('',(2.E0,5.2E1,1.78E1));
#1094=LINE('',#1093,#1092);
#1095=DIRECTION('',(-1.E0,0.E0,0.E0));
#1096=VECTOR('',#1095,3.E0);
#1097=CARTESIAN_POINT('',(5.E0,-5.2E1,-2.2E0));
#1098=LINE('',#1097,#1096);
#1099=DIRECTION('',(-1.E0,0.E0,0.E0));
#1100=VECTOR('',#1099,3.E0);
#1101=CARTESIAN_POINT('',(5.E0,-5.2E1,1.78E1));
#1102=LINE('',#1101,#1100);
#1103=DIRECTION('',(-1.E0,0.E0,0.E0));
#1104=VECTOR('',#1103,3.E0);
#1105=CARTESIAN_POINT('',(5.E0,-4.8E1,1.78E1));
#1106=LINE('',#1105,#1104);
#1107=DIRECTION('',(-1.E0,0.E0,0.E0));
#1108=VECTOR('',#1107,3.E0);
#1109=CARTESIAN_POINT('',(5.E0,-4.8E1,-2.2E0));
#1110=LINE('',#1109,#1108);
#1111=DIRECTION('',(0.E0,0.E0,1.E0));
#1112=VECTOR('',#1111,2.E1);
#1113=CARTESIAN_POINT('',(2.E0,-5.2E1,-2.2E0));
#1114=LINE('',#1113,#1112);
#1115=DIRECTION('',(0.E0,1.E0,0.E0));
#1116=VECTOR('',#1115,4.E0);
#1117=CARTESIAN_POINT('',(2.E0,-5.2E1,1.78E1));
#1118=LINE('',#1117,#1116);
#1119=DIRECTION('',(0.E0,0.E0,-1.E0));
#1120=VECTOR('',#1119,2.E1);
#1121=CARTESIAN_POINT('',(2.E0,-4.8E1,1.78E1));
#1122=LINE('',#1121,#1120);
#1123=DIRECTION('',(0.E0,-1.E0,0.E0));
#1124=VECTOR('',#1123,4.E0);
#1125=CARTESIAN_POINT('',(2.E0,-4.8E1,-2.2E0));
#1126=LINE('',#1125,#1124);
#1127=CARTESIAN_POINT('',(-2.958139720814E1,6.6E1,7.534421012925E0));
#1128=CARTESIAN_POINT('',(-2.958139720814E1,6.6E1,-7.534421012925E0));
#1129=VERTEX_POINT('',#1127);
#1130=VERTEX_POINT('',#1128);
#1131=CARTESIAN_POINT('',(-2.958139720814E1,7.E1,-7.534421012925E0));
#1132=VERTEX_POINT('',#1131);
#1133=CARTESIAN_POINT('',(-2.958139720814E1,7.E1,7.534421012925E0));
#1134=VERTEX_POINT('',#1133);
#1135=CARTESIAN_POINT('',(0.E0,6.6E1,-2.461324865405E1));
#1136=VERTEX_POINT('',#1135);
#1137=CARTESIAN_POINT('',(0.E0,6.6E1,2.461324865405E1));
#1138=VERTEX_POINT('',#1137);
#1139=VERTEX_POINT('',#342);
#1140=VERTEX_POINT('',#356);
#1141=CARTESIAN_POINT('',(5.E0,7.E1,-9.85E0));
#1142=VERTEX_POINT('',#1141);
#1143=CARTESIAN_POINT('',(5.E0,7.E1,9.85E0));
#1144=VERTEX_POINT('',#1143);
#1145=VERTEX_POINT('',#288);
#1146=VERTEX_POINT('',#302);
#1147=CARTESIAN_POINT('',(5.E0,-7.E1,-9.85E0));
#1148=VERTEX_POINT('',#1147);
#1149=CARTESIAN_POINT('',(5.E0,-7.E1,9.85E0));
#1150=VERTEX_POINT('',#1149);
#1151=VERTEX_POINT('',#752);
#1152=VERTEX_POINT('',#764);
#1153=VERTEX_POINT('',#630);
#1154=VERTEX_POINT('',#642);
#1155=CARTESIAN_POINT('',(-2.657358958156E-8,6.752380208031E1,9.85E0));
#1156=VERTEX_POINT('',#1155);
#1157=CARTESIAN_POINT('',(0.E0,6.752380208031E1,-9.85E0));
#1158=VERTEX_POINT('',#1157);
#1159=VERTEX_POINT('',#818);
#1160=VERTEX_POINT('',#838);
#1161=VERTEX_POINT('',#432);
#1162=VERTEX_POINT('',#444);
#1163=VERTEX_POINT('',#514);
#1164=VERTEX_POINT('',#526);
#1165=CARTESIAN_POINT('',(-2.655789902160E-8,-6.752380208031E1,9.85E0));
#1166=VERTEX_POINT('',#1165);
#1167=CARTESIAN_POINT('',(-1.671210373442E-14,-6.752380208031E1,-9.85E0));
#1168=VERTEX_POINT('',#1167);
#1169=VERTEX_POINT('',#958);
#1170=VERTEX_POINT('',#964);
#1171=CARTESIAN_POINT('',(9.5E-1,7.E1,2.516173140978E1));
#1172=CARTESIAN_POINT('',(5.E0,7.E1,2.282346281956E1));
#1173=VERTEX_POINT('',#1171);
#1174=VERTEX_POINT('',#1172);
#1175=CARTESIAN_POINT('',(5.E0,-7.E1,2.282346281956E1));
#1176=VERTEX_POINT('',#1175);
#1177=CARTESIAN_POINT('',(9.5E-1,-7.E1,-2.516173140978E1));
#1178=CARTESIAN_POINT('',(5.E0,-7.E1,-2.282346281956E1));
#1179=VERTEX_POINT('',#1177);
#1180=VERTEX_POINT('',#1178);
#1181=CARTESIAN_POINT('',(9.5E-1,7.E1,-2.516173140978E1));
#1182=VERTEX_POINT('',#1181);
#1183=CARTESIAN_POINT('',(5.E0,7.E1,-2.282346281956E1));
#1184=VERTEX_POINT('',#1183);
#1185=CARTESIAN_POINT('',(-3.213139720814E1,-7.E1,6.062177826491E0));
#1186=CARTESIAN_POINT('',(-3.213139720814E1,-7.E1,-6.062177826491E0));
#1187=VERTEX_POINT('',#1185);
#1188=VERTEX_POINT('',#1186);
#1189=CARTESIAN_POINT('',(-3.213139720814E1,-6.6E1,-6.062177826491E0));
#1190=VERTEX_POINT('',#1189);
#1191=CARTESIAN_POINT('',(-3.213139720814E1,-6.6E1,6.062177826491E0));
#1192=VERTEX_POINT('',#1191);
#1193=CARTESIAN_POINT('',(9.5E-1,-7.E1,2.516173140978E1));
#1194=VERTEX_POINT('',#1193);
#1195=VERTEX_POINT('',#316);
#1196=VERTEX_POINT('',#328);
#1197=VERTEX_POINT('',#89);
#1198=VERTEX_POINT('',#119);
#1199=VERTEX_POINT('',#858);
#1200=VERTEX_POINT('',#891);
#1201=CARTESIAN_POINT('',(0.E0,-6.6E1,-2.461324865405E1));
#1202=VERTEX_POINT('',#1201);
#1203=CARTESIAN_POINT('',(0.E0,-6.6E1,2.461324865405E1));
#1204=VERTEX_POINT('',#1203);
#1205=VERTEX_POINT('',#1);
#1206=VERTEX_POINT('',#31);
#1207=VERTEX_POINT('',#262);
#1208=VERTEX_POINT('',#274);
#1209=VERTEX_POINT('',#227);
#1210=VERTEX_POINT('',#260);
#1211=CARTESIAN_POINT('',(5.E0,-3.E1,1.E0));
#1212=CARTESIAN_POINT('',(0.E0,-3.E1,1.E0));
#1213=VERTEX_POINT('',#1211);
#1214=VERTEX_POINT('',#1212);
#1215=CARTESIAN_POINT('',(5.E0,-2.8E1,3.E0));
#1216=CARTESIAN_POINT('',(0.E0,-2.8E1,3.E0));
#1217=VERTEX_POINT('',#1215);
#1218=VERTEX_POINT('',#1216);
#1219=CARTESIAN_POINT('',(5.E0,-2.8E1,-3.E0));
#1220=CARTESIAN_POINT('',(0.E0,-2.8E1,-3.E0));
#1221=VERTEX_POINT('',#1219);
#1222=VERTEX_POINT('',#1220);
#1223=CARTESIAN_POINT('',(5.E0,-3.E1,-1.E0));
#1224=CARTESIAN_POINT('',(0.E0,-3.E1,-1.E0));
#1225=VERTEX_POINT('',#1223);
#1226=VERTEX_POINT('',#1224);
#1227=CARTESIAN_POINT('',(5.E0,2.8E1,3.E0));
#1228=CARTESIAN_POINT('',(0.E0,2.8E1,3.E0));
#1229=VERTEX_POINT('',#1227);
#1230=VERTEX_POINT('',#1228);
#1231=CARTESIAN_POINT('',(5.E0,3.E1,1.E0));
#1232=CARTESIAN_POINT('',(0.E0,3.E1,1.E0));
#1233=VERTEX_POINT('',#1231);
#1234=VERTEX_POINT('',#1232);
#1235=CARTESIAN_POINT('',(5.E0,3.E1,-1.E0));
#1236=CARTESIAN_POINT('',(0.E0,3.E1,-1.E0));
#1237=VERTEX_POINT('',#1235);
#1238=VERTEX_POINT('',#1236);
#1239=CARTESIAN_POINT('',(5.E0,2.8E1,-3.E0));
#1240=CARTESIAN_POINT('',(0.E0,2.8E1,-3.E0));
#1241=VERTEX_POINT('',#1239);
#1242=VERTEX_POINT('',#1240);
#1243=CARTESIAN_POINT('',(-1.6E1,7.E1,-4.E0));
#1244=CARTESIAN_POINT('',(-1.6E1,7.E1,4.E0));
#1245=VERTEX_POINT('',#1243);
#1246=VERTEX_POINT('',#1244);
#1247=CARTESIAN_POINT('',(-1.6E1,-7.E1,-4.E0));
#1248=CARTESIAN_POINT('',(-1.6E1,-7.E1,4.E0));
#1249=VERTEX_POINT('',#1247);
#1250=VERTEX_POINT('',#1248);
#1251=CARTESIAN_POINT('',(-1.6E1,6.6E1,-4.E0));
#1252=CARTESIAN_POINT('',(-1.6E1,6.6E1,4.E0));
#1253=VERTEX_POINT('',#1251);
#1254=VERTEX_POINT('',#1252);
#1255=CARTESIAN_POINT('',(-1.6E1,-6.6E1,-4.E0));
#1256=CARTESIAN_POINT('',(-1.6E1,-6.6E1,4.E0));
#1257=VERTEX_POINT('',#1255);
#1258=VERTEX_POINT('',#1256);
#1259=CARTESIAN_POINT('',(-1.6E1,7.E1,5.5E0));
#1260=CARTESIAN_POINT('',(-1.6E1,7.E1,1.15E1));
#1261=VERTEX_POINT('',#1259);
#1262=VERTEX_POINT('',#1260);
#1263=CARTESIAN_POINT('',(-1.6E1,-7.E1,5.5E0));
#1264=CARTESIAN_POINT('',(-1.6E1,-7.E1,1.15E1));
#1265=VERTEX_POINT('',#1263);
#1266=VERTEX_POINT('',#1264);
#1267=CARTESIAN_POINT('',(-1.6E1,7.E1,-5.5E0));
#1268=CARTESIAN_POINT('',(-1.6E1,7.E1,-1.15E1));
#1269=VERTEX_POINT('',#1267);
#1270=VERTEX_POINT('',#1268);
#1271=CARTESIAN_POINT('',(-1.6E1,-7.E1,-5.5E0));
#1272=CARTESIAN_POINT('',(-1.6E1,-7.E1,-1.15E1));
#1273=VERTEX_POINT('',#1271);
#1274=VERTEX_POINT('',#1272);
#1275=CARTESIAN_POINT('',(-1.6E1,-6.6E1,-6.75E0));
#1276=CARTESIAN_POINT('',(-1.6E1,-6.6E1,-1.025E1));
#1277=VERTEX_POINT('',#1275);
#1278=VERTEX_POINT('',#1276);
#1279=CARTESIAN_POINT('',(-1.6E1,-6.75E1,-6.75E0));
#1280=CARTESIAN_POINT('',(-1.6E1,-6.75E1,-1.025E1));
#1281=VERTEX_POINT('',#1279);
#1282=VERTEX_POINT('',#1280);
#1283=CARTESIAN_POINT('',(-1.6E1,-6.75E1,-5.5E0));
#1284=CARTESIAN_POINT('',(-1.6E1,-6.75E1,-1.15E1));
#1285=VERTEX_POINT('',#1283);
#1286=VERTEX_POINT('',#1284);
#1287=CARTESIAN_POINT('',(-1.6E1,6.6E1,-6.75E0));
#1288=CARTESIAN_POINT('',(-1.6E1,6.6E1,-1.025E1));
#1289=VERTEX_POINT('',#1287);
#1290=VERTEX_POINT('',#1288);
#1291=CARTESIAN_POINT('',(-1.6E1,6.75E1,-6.75E0));
#1292=CARTESIAN_POINT('',(-1.6E1,6.75E1,-1.025E1));
#1293=VERTEX_POINT('',#1291);
#1294=VERTEX_POINT('',#1292);
#1295=CARTESIAN_POINT('',(-1.6E1,6.75E1,-5.5E0));
#1296=CARTESIAN_POINT('',(-1.6E1,6.75E1,-1.15E1));
#1297=VERTEX_POINT('',#1295);
#1298=VERTEX_POINT('',#1296);
#1299=CARTESIAN_POINT('',(-1.6E1,-6.6E1,6.75E0));
#1300=CARTESIAN_POINT('',(-1.6E1,-6.6E1,1.025E1));
#1301=VERTEX_POINT('',#1299);
#1302=VERTEX_POINT('',#1300);
#1303=CARTESIAN_POINT('',(-1.6E1,-6.75E1,6.75E0));
#1304=CARTESIAN_POINT('',(-1.6E1,-6.75E1,1.025E1));
#1305=VERTEX_POINT('',#1303);
#1306=VERTEX_POINT('',#1304);
#1307=CARTESIAN_POINT('',(-1.6E1,6.6E1,6.75E0));
#1308=CARTESIAN_POINT('',(-1.6E1,6.6E1,1.025E1));
#1309=VERTEX_POINT('',#1307);
#1310=VERTEX_POINT('',#1308);
#1311=CARTESIAN_POINT('',(-1.6E1,6.75E1,6.75E0));
#1312=CARTESIAN_POINT('',(-1.6E1,6.75E1,1.025E1));
#1313=VERTEX_POINT('',#1311);
#1314=VERTEX_POINT('',#1312);
#1315=CARTESIAN_POINT('',(-1.6E1,-6.75E1,5.5E0));
#1316=CARTESIAN_POINT('',(-1.6E1,-6.75E1,1.15E1));
#1317=VERTEX_POINT('',#1315);
#1318=VERTEX_POINT('',#1316);
#1319=CARTESIAN_POINT('',(-1.6E1,6.75E1,5.5E0));
#1320=CARTESIAN_POINT('',(-1.6E1,6.75E1,1.15E1));
#1321=VERTEX_POINT('',#1319);
#1322=VERTEX_POINT('',#1320);
#1323=CARTESIAN_POINT('',(2.E0,5.2E1,-2.2E0));
#1324=CARTESIAN_POINT('',(2.E0,5.2E1,1.78E1));
#1325=VERTEX_POINT('',#1323);
#1326=VERTEX_POINT('',#1324);
#1327=CARTESIAN_POINT('',(2.E0,4.8E1,1.78E1));
#1328=VERTEX_POINT('',#1327);
#1329=CARTESIAN_POINT('',(2.E0,4.8E1,-2.2E0));
#1330=VERTEX_POINT('',#1329);
#1331=CARTESIAN_POINT('',(5.E0,5.2E1,1.78E1));
#1332=CARTESIAN_POINT('',(5.E0,5.2E1,-2.2E0));
#1333=VERTEX_POINT('',#1331);
#1334=VERTEX_POINT('',#1332);
#1335=CARTESIAN_POINT('',(5.E0,4.8E1,1.78E1));
#1336=CARTESIAN_POINT('',(5.E0,4.8E1,-2.2E0));
#1337=VERTEX_POINT('',#1335);
#1338=VERTEX_POINT('',#1336);
#1339=CARTESIAN_POINT('',(0.E0,6.6E1,-9.707791764234E0));
#1340=VERTEX_POINT('',#1339);
#1341=CARTESIAN_POINT('',(0.E0,6.6E1,9.707791764234E0));
#1342=VERTEX_POINT('',#1341);
#1343=CARTESIAN_POINT('',(0.E0,-6.6E1,-9.707791764234E0));
#1344=VERTEX_POINT('',#1343);
#1345=CARTESIAN_POINT('',(0.E0,-6.6E1,9.707791764234E0));
#1346=VERTEX_POINT('',#1345);
#1347=CARTESIAN_POINT('',(2.E0,-5.2E1,-2.2E0));
#1348=CARTESIAN_POINT('',(2.E0,-5.2E1,1.78E1));
#1349=VERTEX_POINT('',#1347);
#1350=VERTEX_POINT('',#1348);
#1351=CARTESIAN_POINT('',(2.E0,-4.8E1,1.78E1));
#1352=VERTEX_POINT('',#1351);
#1353=CARTESIAN_POINT('',(2.E0,-4.8E1,-2.2E0));
#1354=VERTEX_POINT('',#1353);
#1355=CARTESIAN_POINT('',(5.E0,-4.8E1,-2.2E0));
#1356=VERTEX_POINT('',#1355);
#1357=CARTESIAN_POINT('',(5.E0,-5.2E1,1.78E1));
#1358=VERTEX_POINT('',#1357);
#1359=CARTESIAN_POINT('',(5.E0,-4.8E1,1.78E1));
#1360=VERTEX_POINT('',#1359);
#1361=CARTESIAN_POINT('',(5.E0,-5.2E1,-2.2E0));
#1362=VERTEX_POINT('',#1361);
#1363=CARTESIAN_POINT('',(0.E0,0.E0,0.E0));
#1364=DIRECTION('',(1.E0,0.E0,0.E0));
#1365=DIRECTION('',(0.E0,-1.E0,0.E0));
#1366=AXIS2_PLACEMENT_3D('',#1363,#1364,#1365);
#1367=PLANE('',#1366);
#1369=ORIENTED_EDGE('',*,*,#1368,.T.);
#1371=ORIENTED_EDGE('',*,*,#1370,.F.);
#1373=ORIENTED_EDGE('',*,*,#1372,.F.);
#1375=ORIENTED_EDGE('',*,*,#1374,.T.);
#1377=ORIENTED_EDGE('',*,*,#1376,.F.);
#1379=ORIENTED_EDGE('',*,*,#1378,.T.);
#1381=ORIENTED_EDGE('',*,*,#1380,.F.);
#1383=ORIENTED_EDGE('',*,*,#1382,.T.);
#1385=ORIENTED_EDGE('',*,*,#1384,.F.);
#1387=ORIENTED_EDGE('',*,*,#1386,.T.);
#1389=ORIENTED_EDGE('',*,*,#1388,.T.);
#1391=ORIENTED_EDGE('',*,*,#1390,.F.);
#1393=ORIENTED_EDGE('',*,*,#1392,.T.);
#1395=ORIENTED_EDGE('',*,*,#1394,.F.);
#1397=ORIENTED_EDGE('',*,*,#1396,.T.);
#1399=ORIENTED_EDGE('',*,*,#1398,.F.);
#1400=EDGE_LOOP('',(#1369,#1371,#1373,#1375,#1377,#1379,#1381,#1383,#1385,#1387,
#1389,#1391,#1393,#1395,#1397,#1399));
#1401=FACE_OUTER_BOUND('',#1400,.F.);
#1403=ORIENTED_EDGE('',*,*,#1402,.F.);
#1405=ORIENTED_EDGE('',*,*,#1404,.F.);
#1407=ORIENTED_EDGE('',*,*,#1406,.F.);
#1409=ORIENTED_EDGE('',*,*,#1408,.F.);
#1411=ORIENTED_EDGE('',*,*,#1410,.F.);
#1413=ORIENTED_EDGE('',*,*,#1412,.F.);
#1415=ORIENTED_EDGE('',*,*,#1414,.F.);
#1417=ORIENTED_EDGE('',*,*,#1416,.F.);
#1418=EDGE_LOOP('',(#1403,#1405,#1407,#1409,#1411,#1413,#1415,#1417));
#1419=FACE_BOUND('',#1418,.F.);
#1420=ADVANCED_FACE('',(#1401,#1419),#1367,.F.);
#1421=CARTESIAN_POINT('',(5.E0,0.E0,-2.552346281956E1));
#1422=DIRECTION('',(1.E0,0.E0,0.E0));
#1423=DIRECTION('',(0.E0,-1.E0,0.E0));
#1424=AXIS2_PLACEMENT_3D('',#1421,#1422,#1423);
#1426=DIRECTION('',(-1.E0,0.E0,0.E0));
#1427=VECTOR('',#1426,1.E0);
#1428=SURFACE_OF_LINEAR_EXTRUSION('',#1425,#1427);
#1429=ORIENTED_EDGE('',*,*,#1368,.F.);
#1431=ORIENTED_EDGE('',*,*,#1430,.T.);
#1433=ORIENTED_EDGE('',*,*,#1432,.F.);
#1435=ORIENTED_EDGE('',*,*,#1434,.T.);
#1437=ORIENTED_EDGE('',*,*,#1436,.F.);
#1439=ORIENTED_EDGE('',*,*,#1438,.T.);
#1440=EDGE_LOOP('',(#1429,#1431,#1433,#1435,#1437,#1439));
#1441=FACE_OUTER_BOUND('',#1440,.F.);
#1442=ADVANCED_FACE('',(#1441),#1428,.F.);
#1443=CARTESIAN_POINT('',(5.E0,7.E1,-2.75E1));
#1444=DIRECTION('',(-5.E-1,0.E0,-8.660254037844E-1));
#1445=DIRECTION('',(-8.660254037844E-1,0.E0,5.E-1));
#1446=AXIS2_PLACEMENT_3D('',#1443,#1444,#1445);
#1447=PLANE('',#1446);
#1448=ORIENTED_EDGE('',*,*,#1438,.F.);
#1450=ORIENTED_EDGE('',*,*,#1449,.T.);
#1452=ORIENTED_EDGE('',*,*,#1451,.T.);
#1454=ORIENTED_EDGE('',*,*,#1453,.T.);
#1456=ORIENTED_EDGE('',*,*,#1455,.F.);
#1457=ORIENTED_EDGE('',*,*,#1370,.T.);
#1458=EDGE_LOOP('',(#1448,#1450,#1452,#1454,#1456,#1457));
#1459=FACE_OUTER_BOUND('',#1458,.F.);
#1460=ADVANCED_FACE('',(#1459),#1447,.T.);
#1461=CARTESIAN_POINT('',(5.E0,7.E1,-2.75E1));
#1462=DIRECTION('',(-5.E-1,0.E0,-8.660254037844E-1));
#1463=DIRECTION('',(-8.660254037844E-1,0.E0,5.E-1));
#1464=AXIS2_PLACEMENT_3D('',#1461,#1462,#1463);
#1465=PLANE('',#1464);
#1466=ORIENTED_EDGE('',*,*,#1430,.F.);
#1467=ORIENTED_EDGE('',*,*,#1398,.T.);
#1469=ORIENTED_EDGE('',*,*,#1468,.T.);
#1471=ORIENTED_EDGE('',*,*,#1470,.T.);
#1473=ORIENTED_EDGE('',*,*,#1472,.T.);
#1475=ORIENTED_EDGE('',*,*,#1474,.T.);
#1476=EDGE_LOOP('',(#1466,#1467,#1469,#1471,#1473,#1475));
#1477=FACE_OUTER_BOUND('',#1476,.F.);
#1478=ADVANCED_FACE('',(#1477),#1465,.T.);
#1479=CARTESIAN_POINT('',(2.3E0,-2.52504E2,-2.282346281956E1));
#1480=DIRECTION('',(0.E0,1.E0,0.E0));
#1481=DIRECTION('',(1.E0,0.E0,0.E0));
#1482=AXIS2_PLACEMENT_3D('',#1479,#1480,#1481);
#1483=CYLINDRICAL_SURFACE('',#1482,2.7E0);
#1484=ORIENTED_EDGE('',*,*,#1436,.T.);
#1486=ORIENTED_EDGE('',*,*,#1485,.T.);
#1488=ORIENTED_EDGE('',*,*,#1487,.T.);
#1489=ORIENTED_EDGE('',*,*,#1449,.F.);
#1490=EDGE_LOOP('',(#1484,#1486,#1488,#1489));
#1491=FACE_OUTER_BOUND('',#1490,.F.);
#1492=ADVANCED_FACE('',(#1491),#1483,.T.);
#1493=CARTESIAN_POINT('',(2.3E0,-2.52504E2,-2.282346281956E1));
#1494=DIRECTION('',(0.E0,1.E0,0.E0));
#1495=DIRECTION('',(1.E0,0.E0,0.E0));
#1496=AXIS2_PLACEMENT_3D('',#1493,#1494,#1495);
#1497=CYLINDRICAL_SURFACE('',#1496,2.7E0);
#1498=ORIENTED_EDGE('',*,*,#1432,.T.);
#1499=ORIENTED_EDGE('',*,*,#1474,.F.);
#1501=ORIENTED_EDGE('',*,*,#1500,.T.);
#1503=ORIENTED_EDGE('',*,*,#1502,.T.);
#1504=EDGE_LOOP('',(#1498,#1499,#1501,#1503));
#1505=FACE_OUTER_BOUND('',#1504,.F.);
#1506=ADVANCED_FACE('',(#1505),#1497,.T.);
#1507=CARTESIAN_POINT('',(5.E0,0.E0,0.E0));
#1508=DIRECTION('',(1.E0,0.E0,0.E0));
#1509=DIRECTION('',(0.E0,-1.E0,0.E0));
#1510=AXIS2_PLACEMENT_3D('',#1507,#1508,#1509);
#1511=PLANE('',#1510);
#1512=ORIENTED_EDGE('',*,*,#1434,.F.);
#1513=ORIENTED_EDGE('',*,*,#1502,.F.);
#1515=ORIENTED_EDGE('',*,*,#1514,.F.);
#1517=ORIENTED_EDGE('',*,*,#1516,.T.);
#1519=ORIENTED_EDGE('',*,*,#1518,.F.);
#1521=ORIENTED_EDGE('',*,*,#1520,.F.);
#1523=ORIENTED_EDGE('',*,*,#1522,.F.);
#1525=ORIENTED_EDGE('',*,*,#1524,.F.);
#1527=ORIENTED_EDGE('',*,*,#1526,.T.);
#1529=ORIENTED_EDGE('',*,*,#1528,.F.);
#1531=ORIENTED_EDGE('',*,*,#1530,.F.);
#1533=ORIENTED_EDGE('',*,*,#1532,.T.);
#1535=ORIENTED_EDGE('',*,*,#1534,.T.);
#1537=ORIENTED_EDGE('',*,*,#1536,.F.);
#1539=ORIENTED_EDGE('',*,*,#1538,.F.);
#1540=ORIENTED_EDGE('',*,*,#1485,.F.);
#1541=EDGE_LOOP('',(#1512,#1513,#1515,#1517,#1519,#1521,#1523,#1525,#1527,#1529,
#1531,#1533,#1535,#1537,#1539,#1540));
#1542=FACE_OUTER_BOUND('',#1541,.F.);
#1544=ORIENTED_EDGE('',*,*,#1543,.T.);
#1546=ORIENTED_EDGE('',*,*,#1545,.F.);
#1548=ORIENTED_EDGE('',*,*,#1547,.T.);
#1550=ORIENTED_EDGE('',*,*,#1549,.F.);
#1552=ORIENTED_EDGE('',*,*,#1551,.T.);
#1554=ORIENTED_EDGE('',*,*,#1553,.F.);
#1556=ORIENTED_EDGE('',*,*,#1555,.T.);
#1558=ORIENTED_EDGE('',*,*,#1557,.F.);
#1559=EDGE_LOOP('',(#1544,#1546,#1548,#1550,#1552,#1554,#1556,#1558));
#1560=FACE_BOUND('',#1559,.F.);
#1562=ORIENTED_EDGE('',*,*,#1561,.F.);
#1564=ORIENTED_EDGE('',*,*,#1563,.T.);
#1566=ORIENTED_EDGE('',*,*,#1565,.T.);
#1568=ORIENTED_EDGE('',*,*,#1567,.T.);
#1569=EDGE_LOOP('',(#1562,#1564,#1566,#1568));
#1570=FACE_BOUND('',#1569,.F.);
#1572=ORIENTED_EDGE('',*,*,#1571,.F.);
#1574=ORIENTED_EDGE('',*,*,#1573,.F.);
#1576=ORIENTED_EDGE('',*,*,#1575,.F.);
#1578=ORIENTED_EDGE('',*,*,#1577,.F.);
#1579=EDGE_LOOP('',(#1572,#1574,#1576,#1578));
#1580=FACE_BOUND('',#1579,.F.);
#1581=ADVANCED_FACE('',(#1542,#1560,#1570,#1580),#1511,.T.);
#1582=CARTESIAN_POINT('',(0.E0,-7.E1,2.75E1));
#1583=DIRECTION('',(0.E0,-1.E0,0.E0));
#1584=DIRECTION('',(0.E0,0.E0,-1.E0));
#1585=AXIS2_PLACEMENT_3D('',#1582,#1583,#1584);
#1586=PLANE('',#1585);
#1588=ORIENTED_EDGE('',*,*,#1587,.F.);
#1590=ORIENTED_EDGE('',*,*,#1589,.F.);
#1592=ORIENTED_EDGE('',*,*,#1591,.F.);
#1593=ORIENTED_EDGE('',*,*,#1522,.T.);
#1595=ORIENTED_EDGE('',*,*,#1594,.T.);
#1597=ORIENTED_EDGE('',*,*,#1596,.F.);
#1599=ORIENTED_EDGE('',*,*,#1598,.F.);
#1600=ORIENTED_EDGE('',*,*,#1514,.T.);
#1601=ORIENTED_EDGE('',*,*,#1500,.F.);
#1602=ORIENTED_EDGE('',*,*,#1472,.F.);
#1603=EDGE_LOOP('',(#1588,#1590,#1592,#1593,#1595,#1597,#1599,#1600,#1601,
#1602));
#1604=FACE_OUTER_BOUND('',#1603,.F.);
#1606=ORIENTED_EDGE('',*,*,#1605,.T.);
#1608=ORIENTED_EDGE('',*,*,#1607,.T.);
#1609=EDGE_LOOP('',(#1606,#1608));
#1610=FACE_BOUND('',#1609,.F.);
#1612=ORIENTED_EDGE('',*,*,#1611,.T.);
#1614=ORIENTED_EDGE('',*,*,#1613,.T.);
#1615=EDGE_LOOP('',(#1612,#1614));
#1616=FACE_BOUND('',#1615,.F.);
#1618=ORIENTED_EDGE('',*,*,#1617,.F.);
#1620=ORIENTED_EDGE('',*,*,#1619,.F.);
#1621=EDGE_LOOP('',(#1618,#1620));
#1622=FACE_BOUND('',#1621,.F.);
#1623=ADVANCED_FACE('',(#1604,#1610,#1616,#1622),#1586,.T.);
#1624=CARTESIAN_POINT('',(-2.863139720814E1,2.52504E2,0.E0));
#1625=DIRECTION('',(0.E0,-1.E0,0.E0));
#1626=DIRECTION('',(-5.E-1,0.E0,8.660254037844E-1));
#1627=AXIS2_PLACEMENT_3D('',#1624,#1625,#1626);
#1628=CYLINDRICAL_SURFACE('',#1627,7.E0);
#1629=ORIENTED_EDGE('',*,*,#1587,.T.);
#1630=ORIENTED_EDGE('',*,*,#1470,.F.);
#1632=ORIENTED_EDGE('',*,*,#1631,.T.);
#1634=ORIENTED_EDGE('',*,*,#1633,.T.);
#1635=EDGE_LOOP('',(#1629,#1630,#1632,#1634));
#1636=FACE_OUTER_BOUND('',#1635,.F.);
#1637=ADVANCED_FACE('',(#1636),#1628,.T.);
#1638=CARTESIAN_POINT('',(0.E0,-6.6E1,0.E0));
#1639=DIRECTION('',(0.E0,1.E0,0.E0));
#1640=DIRECTION('',(0.E0,0.E0,1.E0));
#1641=AXIS2_PLACEMENT_3D('',#1638,#1639,#1640);
#1642=PLANE('',#1641);
#1643=ORIENTED_EDGE('',*,*,#1631,.F.);
#1644=ORIENTED_EDGE('',*,*,#1468,.F.);
#1645=ORIENTED_EDGE('',*,*,#1396,.F.);
#1647=ORIENTED_EDGE('',*,*,#1646,.T.);
#1648=ORIENTED_EDGE('',*,*,#1388,.F.);
#1650=ORIENTED_EDGE('',*,*,#1649,.F.);
#1651=EDGE_LOOP('',(#1643,#1644,#1645,#1647,#1648,#1650));
#1652=FACE_OUTER_BOUND('',#1651,.F.);
#1654=ORIENTED_EDGE('',*,*,#1653,.F.);
#1656=ORIENTED_EDGE('',*,*,#1655,.F.);
#1657=EDGE_LOOP('',(#1654,#1656));
#1658=FACE_BOUND('',#1657,.F.);
#1660=ORIENTED_EDGE('',*,*,#1659,.T.);
#1662=ORIENTED_EDGE('',*,*,#1661,.T.);
#1663=EDGE_LOOP('',(#1660,#1662));
#1664=FACE_BOUND('',#1663,.F.);
#1666=ORIENTED_EDGE('',*,*,#1665,.F.);
#1668=ORIENTED_EDGE('',*,*,#1667,.F.);
#1669=EDGE_LOOP('',(#1666,#1668));
#1670=FACE_BOUND('',#1669,.F.);
#1671=ADVANCED_FACE('',(#1652,#1658,#1664,#1670),#1642,.T.);
#1672=CARTESIAN_POINT('',(-1.6E1,-6.6E1,8.5E0));
#1673=DIRECTION('',(0.E0,-1.E0,0.E0));
#1674=DIRECTION('',(0.E0,0.E0,-1.E0));
#1675=AXIS2_PLACEMENT_3D('',#1672,#1673,#1674);
#1676=CYLINDRICAL_SURFACE('',#1675,1.75E0);
#1677=ORIENTED_EDGE('',*,*,#1659,.F.);
#1679=ORIENTED_EDGE('',*,*,#1678,.T.);
#1681=ORIENTED_EDGE('',*,*,#1680,.T.);
#1683=ORIENTED_EDGE('',*,*,#1682,.F.);
#1684=EDGE_LOOP('',(#1677,#1679,#1681,#1683));
#1685=FACE_OUTER_BOUND('',#1684,.F.);
#1686=ADVANCED_FACE('',(#1685),#1676,.F.);
#1687=CARTESIAN_POINT('',(-1.6E1,-6.6E1,8.5E0));
#1688=DIRECTION('',(0.E0,-1.E0,0.E0));
#1689=DIRECTION('',(0.E0,0.E0,-1.E0));
#1690=AXIS2_PLACEMENT_3D('',#1687,#1688,#1689);
#1691=CYLINDRICAL_SURFACE('',#1690,1.75E0);
#1692=ORIENTED_EDGE('',*,*,#1661,.F.);
#1693=ORIENTED_EDGE('',*,*,#1682,.T.);
#1695=ORIENTED_EDGE('',*,*,#1694,.T.);
#1696=ORIENTED_EDGE('',*,*,#1678,.F.);
#1697=EDGE_LOOP('',(#1692,#1693,#1695,#1696));
#1698=FACE_OUTER_BOUND('',#1697,.F.);
#1699=ADVANCED_FACE('',(#1698),#1691,.F.);
#1700=CARTESIAN_POINT('',(0.E0,-6.75E1,0.E0));
#1701=DIRECTION('',(0.E0,-1.E0,0.E0));
#1702=DIRECTION('',(0.E0,0.E0,-1.E0));
#1703=AXIS2_PLACEMENT_3D('',#1700,#1701,#1702);
#1704=PLANE('',#1703);
#1706=ORIENTED_EDGE('',*,*,#1705,.F.);
#1708=ORIENTED_EDGE('',*,*,#1707,.F.);
#1709=EDGE_LOOP('',(#1706,#1708));
#1710=FACE_OUTER_BOUND('',#1709,.F.);
#1711=ORIENTED_EDGE('',*,*,#1680,.F.);
#1712=ORIENTED_EDGE('',*,*,#1694,.F.);
#1713=EDGE_LOOP('',(#1711,#1712));
#1714=FACE_BOUND('',#1713,.F.);
#1715=ADVANCED_FACE('',(#1710,#1714),#1704,.T.);
#1716=CARTESIAN_POINT('',(-1.6E1,-7.E1,8.5E0));
#1717=DIRECTION('',(0.E0,-1.E0,0.E0));
#1718=DIRECTION('',(0.E0,0.E0,-1.E0));
#1719=AXIS2_PLACEMENT_3D('',#1716,#1717,#1718);
#1720=CYLINDRICAL_SURFACE('',#1719,3.E0);
#1721=ORIENTED_EDGE('',*,*,#1705,.T.);
#1723=ORIENTED_EDGE('',*,*,#1722,.F.);
#1724=ORIENTED_EDGE('',*,*,#1611,.F.);
#1726=ORIENTED_EDGE('',*,*,#1725,.T.);
#1727=EDGE_LOOP('',(#1721,#1723,#1724,#1726));
#1728=FACE_OUTER_BOUND('',#1727,.F.);
#1729=ADVANCED_FACE('',(#1728),#1720,.F.);
#1730=CARTESIAN_POINT('',(-1.6E1,-7.E1,8.5E0));
#1731=DIRECTION('',(0.E0,-1.E0,0.E0));
#1732=DIRECTION('',(0.E0,0.E0,-1.E0));
#1733=AXIS2_PLACEMENT_3D('',#1730,#1731,#1732);
#1734=CYLINDRICAL_SURFACE('',#1733,3.E0);
#1736=ORIENTED_EDGE('',*,*,#1735,.F.);
#1738=ORIENTED_EDGE('',*,*,#1737,.T.);
#1740=ORIENTED_EDGE('',*,*,#1739,.T.);
#1742=ORIENTED_EDGE('',*,*,#1741,.F.);
#1743=EDGE_LOOP('',(#1736,#1738,#1740,#1742));
#1744=FACE_OUTER_BOUND('',#1743,.F.);
#1745=ADVANCED_FACE('',(#1744),#1734,.F.);
#1746=CARTESIAN_POINT('',(-1.6E1,-7.E1,8.5E0));
#1747=DIRECTION('',(0.E0,-1.E0,0.E0));
#1748=DIRECTION('',(0.E0,0.E0,-1.E0));
#1749=AXIS2_PLACEMENT_3D('',#1746,#1747,#1748);
#1750=CYLINDRICAL_SURFACE('',#1749,3.E0);
#1751=ORIENTED_EDGE('',*,*,#1707,.T.);
#1752=ORIENTED_EDGE('',*,*,#1725,.F.);
#1753=ORIENTED_EDGE('',*,*,#1613,.F.);
#1754=ORIENTED_EDGE('',*,*,#1722,.T.);
#1755=EDGE_LOOP('',(#1751,#1752,#1753,#1754));
#1756=FACE_OUTER_BOUND('',#1755,.F.);
#1757=ADVANCED_FACE('',(#1756),#1750,.F.);
#1758=CARTESIAN_POINT('',(-1.6E1,-7.E1,8.5E0));
#1759=DIRECTION('',(0.E0,-1.E0,0.E0));
#1760=DIRECTION('',(0.E0,0.E0,-1.E0));
#1761=AXIS2_PLACEMENT_3D('',#1758,#1759,#1760);
#1762=CYLINDRICAL_SURFACE('',#1761,3.E0);
#1764=ORIENTED_EDGE('',*,*,#1763,.F.);
#1765=ORIENTED_EDGE('',*,*,#1741,.T.);
#1767=ORIENTED_EDGE('',*,*,#1766,.T.);
#1768=ORIENTED_EDGE('',*,*,#1737,.F.);
#1769=EDGE_LOOP('',(#1764,#1765,#1767,#1768));
#1770=FACE_OUTER_BOUND('',#1769,.F.);
#1771=ADVANCED_FACE('',(#1770),#1762,.F.);
#1772=CARTESIAN_POINT('',(0.E0,6.75E1,0.E0));
#1773=DIRECTION('',(0.E0,-1.E0,0.E0));
#1774=DIRECTION('',(0.E0,0.E0,-1.E0));
#1775=AXIS2_PLACEMENT_3D('',#1772,#1773,#1774);
#1776=PLANE('',#1775);
#1777=ORIENTED_EDGE('',*,*,#1735,.T.);
#1778=ORIENTED_EDGE('',*,*,#1763,.T.);
#1779=EDGE_LOOP('',(#1777,#1778));
#1780=FACE_OUTER_BOUND('',#1779,.F.);
#1782=ORIENTED_EDGE('',*,*,#1781,.T.);
#1784=ORIENTED_EDGE('',*,*,#1783,.T.);
#1785=EDGE_LOOP('',(#1782,#1784));
#1786=FACE_BOUND('',#1785,.F.);
#1787=ADVANCED_FACE('',(#1780,#1786),#1776,.F.);
#1788=CARTESIAN_POINT('',(-1.6E1,6.6E1,8.5E0));
#1789=DIRECTION('',(0.E0,-1.E0,0.E0));
#1790=DIRECTION('',(0.E0,0.E0,-1.E0));
#1791=AXIS2_PLACEMENT_3D('',#1788,#1789,#1790);
#1792=CYLINDRICAL_SURFACE('',#1791,1.75E0);
#1794=ORIENTED_EDGE('',*,*,#1793,.T.);
#1796=ORIENTED_EDGE('',*,*,#1795,.T.);
#1797=ORIENTED_EDGE('',*,*,#1781,.F.);
#1799=ORIENTED_EDGE('',*,*,#1798,.F.);
#1800=EDGE_LOOP('',(#1794,#1796,#1797,#1799));
#1801=FACE_OUTER_BOUND('',#1800,.F.);
#1802=ADVANCED_FACE('',(#1801),#1792,.F.);
#1803=CARTESIAN_POINT('',(0.E0,6.6E1,0.E0));
#1804=DIRECTION('',(0.E0,1.E0,0.E0));
#1805=DIRECTION('',(0.E0,0.E0,1.E0));
#1806=AXIS2_PLACEMENT_3D('',#1803,#1804,#1805);
#1807=PLANE('',#1806);
#1809=ORIENTED_EDGE('',*,*,#1808,.F.);
#1810=ORIENTED_EDGE('',*,*,#1372,.T.);
#1811=ORIENTED_EDGE('',*,*,#1455,.T.);
#1813=ORIENTED_EDGE('',*,*,#1812,.F.);
#1815=ORIENTED_EDGE('',*,*,#1814,.T.);
#1816=ORIENTED_EDGE('',*,*,#1380,.T.);
#1817=EDGE_LOOP('',(#1809,#1810,#1811,#1813,#1815,#1816));
#1818=FACE_OUTER_BOUND('',#1817,.F.);
#1820=ORIENTED_EDGE('',*,*,#1819,.T.);
#1822=ORIENTED_EDGE('',*,*,#1821,.T.);
#1823=EDGE_LOOP('',(#1820,#1822));
#1824=FACE_BOUND('',#1823,.F.);
#1825=ORIENTED_EDGE('',*,*,#1793,.F.);
#1827=ORIENTED_EDGE('',*,*,#1826,.F.);
#1828=EDGE_LOOP('',(#1825,#1827));
#1829=FACE_BOUND('',#1828,.F.);
#1831=ORIENTED_EDGE('',*,*,#1830,.T.);
#1833=ORIENTED_EDGE('',*,*,#1832,.T.);
#1834=EDGE_LOOP('',(#1831,#1833));
#1835=FACE_BOUND('',#1834,.F.);
#1836=ADVANCED_FACE('',(#1818,#1824,#1829,#1835),#1807,.F.);
#1837=CARTESIAN_POINT('',(-1.6E1,6.6E1,8.5E0));
#1838=DIRECTION('',(0.E0,-1.E0,0.E0));
#1839=DIRECTION('',(0.E0,0.E0,-1.E0));
#1840=AXIS2_PLACEMENT_3D('',#1837,#1838,#1839);
#1841=CYLINDRICAL_SURFACE('',#1840,1.75E0);
#1842=ORIENTED_EDGE('',*,*,#1826,.T.);
#1843=ORIENTED_EDGE('',*,*,#1798,.T.);
#1844=ORIENTED_EDGE('',*,*,#1783,.F.);
#1845=ORIENTED_EDGE('',*,*,#1795,.F.);
#1846=EDGE_LOOP('',(#1842,#1843,#1844,#1845));
#1847=FACE_OUTER_BOUND('',#1846,.F.);
#1848=ADVANCED_FACE('',(#1847),#1841,.F.);
#1849=CARTESIAN_POINT('',(-1.6E1,6.6E1,-8.5E0));
#1850=DIRECTION('',(0.E0,1.E0,0.E0));
#1851=DIRECTION('',(0.E0,0.E0,1.E0));
#1852=AXIS2_PLACEMENT_3D('',#1849,#1850,#1851);
#1853=CYLINDRICAL_SURFACE('',#1852,1.75E0);
#1854=ORIENTED_EDGE('',*,*,#1819,.F.);
#1856=ORIENTED_EDGE('',*,*,#1855,.T.);
#1858=ORIENTED_EDGE('',*,*,#1857,.T.);
#1860=ORIENTED_EDGE('',*,*,#1859,.F.);
#1861=EDGE_LOOP('',(#1854,#1856,#1858,#1860));
#1862=FACE_OUTER_BOUND('',#1861,.F.);
#1863=ADVANCED_FACE('',(#1862),#1853,.F.);
#1864=CARTESIAN_POINT('',(-1.6E1,6.6E1,-8.5E0));
#1865=DIRECTION('',(0.E0,1.E0,0.E0));
#1866=DIRECTION('',(0.E0,0.E0,1.E0));
#1867=AXIS2_PLACEMENT_3D('',#1864,#1865,#1866);
#1868=CYLINDRICAL_SURFACE('',#1867,1.75E0);
#1869=ORIENTED_EDGE('',*,*,#1821,.F.);
#1870=ORIENTED_EDGE('',*,*,#1859,.T.);
#1872=ORIENTED_EDGE('',*,*,#1871,.T.);
#1873=ORIENTED_EDGE('',*,*,#1855,.F.);
#1874=EDGE_LOOP('',(#1869,#1870,#1872,#1873));
#1875=FACE_OUTER_BOUND('',#1874,.F.);
#1876=ADVANCED_FACE('',(#1875),#1868,.F.);
#1877=CARTESIAN_POINT('',(0.E0,6.75E1,0.E0));
#1878=DIRECTION('',(0.E0,1.E0,0.E0));
#1879=DIRECTION('',(0.E0,0.E0,1.E0));
#1880=AXIS2_PLACEMENT_3D('',#1877,#1878,#1879);
#1881=PLANE('',#1880);
#1883=ORIENTED_EDGE('',*,*,#1882,.F.);
#1885=ORIENTED_EDGE('',*,*,#1884,.F.);
#1886=EDGE_LOOP('',(#1883,#1885));
#1887=FACE_OUTER_BOUND('',#1886,.F.);
#1888=ORIENTED_EDGE('',*,*,#1857,.F.);
#1889=ORIENTED_EDGE('',*,*,#1871,.F.);
#1890=EDGE_LOOP('',(#1888,#1889));
#1891=FACE_BOUND('',#1890,.F.);
#1892=ADVANCED_FACE('',(#1887,#1891),#1881,.T.);
#1893=CARTESIAN_POINT('',(-1.6E1,-7.E1,-8.5E0));
#1894=DIRECTION('',(0.E0,1.E0,0.E0));
#1895=DIRECTION('',(0.E0,0.E0,1.E0));
#1896=AXIS2_PLACEMENT_3D('',#1893,#1894,#1895);
#1897=CYLINDRICAL_SURFACE('',#1896,3.E0);
#1899=ORIENTED_EDGE('',*,*,#1898,.F.);
#1901=ORIENTED_EDGE('',*,*,#1900,.F.);
#1902=ORIENTED_EDGE('',*,*,#1617,.T.);
#1904=ORIENTED_EDGE('',*,*,#1903,.T.);
#1905=EDGE_LOOP('',(#1899,#1901,#1902,#1904));
#1906=FACE_OUTER_BOUND('',#1905,.F.);
#1907=ADVANCED_FACE('',(#1906),#1897,.F.);
#1908=CARTESIAN_POINT('',(-1.6E1,-7.E1,-8.5E0));
#1909=DIRECTION('',(0.E0,1.E0,0.E0));
#1910=DIRECTION('',(0.E0,0.E0,1.E0));
#1911=AXIS2_PLACEMENT_3D('',#1908,#1909,#1910);
#1912=CYLINDRICAL_SURFACE('',#1911,3.E0);
#1913=ORIENTED_EDGE('',*,*,#1882,.T.);
#1915=ORIENTED_EDGE('',*,*,#1914,.T.);
#1917=ORIENTED_EDGE('',*,*,#1916,.F.);
#1919=ORIENTED_EDGE('',*,*,#1918,.F.);
#1920=EDGE_LOOP('',(#1913,#1915,#1917,#1919));
#1921=FACE_OUTER_BOUND('',#1920,.F.);
#1922=ADVANCED_FACE('',(#1921),#1912,.F.);
#1923=CARTESIAN_POINT('',(0.E0,-6.75E1,0.E0));
#1924=DIRECTION('',(0.E0,1.E0,0.E0));
#1925=DIRECTION('',(0.E0,0.E0,1.E0));
#1926=AXIS2_PLACEMENT_3D('',#1923,#1924,#1925);
#1927=PLANE('',#1926);
#1928=ORIENTED_EDGE('',*,*,#1898,.T.);
#1930=ORIENTED_EDGE('',*,*,#1929,.T.);
#1931=EDGE_LOOP('',(#1928,#1930));
#1932=FACE_OUTER_BOUND('',#1931,.F.);
#1934=ORIENTED_EDGE('',*,*,#1933,.T.);
#1936=ORIENTED_EDGE('',*,*,#1935,.T.);
#1937=EDGE_LOOP('',(#1934,#1936));
#1938=FACE_BOUND('',#1937,.F.);
#1939=ADVANCED_FACE('',(#1932,#1938),#1927,.F.);
#1940=CARTESIAN_POINT('',(-1.6E1,-6.6E1,-8.5E0));
#1941=DIRECTION('',(0.E0,1.E0,0.E0));
#1942=DIRECTION('',(0.E0,0.E0,1.E0));
#1943=AXIS2_PLACEMENT_3D('',#1940,#1941,#1942);
#1944=CYLINDRICAL_SURFACE('',#1943,1.75E0);
#1945=ORIENTED_EDGE('',*,*,#1653,.T.);
#1947=ORIENTED_EDGE('',*,*,#1946,.T.);
#1948=ORIENTED_EDGE('',*,*,#1933,.F.);
#1950=ORIENTED_EDGE('',*,*,#1949,.F.);
#1951=EDGE_LOOP('',(#1945,#1947,#1948,#1950));
#1952=FACE_OUTER_BOUND('',#1951,.F.);
#1953=ADVANCED_FACE('',(#1952),#1944,.F.);
#1954=CARTESIAN_POINT('',(-1.6E1,-6.6E1,-8.5E0));
#1955=DIRECTION('',(0.E0,1.E0,0.E0));
#1956=DIRECTION('',(0.E0,0.E0,1.E0));
#1957=AXIS2_PLACEMENT_3D('',#1954,#1955,#1956);
#1958=CYLINDRICAL_SURFACE('',#1957,1.75E0);
#1959=ORIENTED_EDGE('',*,*,#1655,.T.);
#1960=ORIENTED_EDGE('',*,*,#1949,.T.);
#1961=ORIENTED_EDGE('',*,*,#1935,.F.);
#1962=ORIENTED_EDGE('',*,*,#1946,.F.);
#1963=EDGE_LOOP('',(#1959,#1960,#1961,#1962));
#1964=FACE_OUTER_BOUND('',#1963,.F.);
#1965=ADVANCED_FACE('',(#1964),#1958,.F.);
#1966=CARTESIAN_POINT('',(-1.6E1,-7.E1,-8.5E0));
#1967=DIRECTION('',(0.E0,1.E0,0.E0));
#1968=DIRECTION('',(0.E0,0.E0,1.E0));
#1969=AXIS2_PLACEMENT_3D('',#1966,#1967,#1968);
#1970=CYLINDRICAL_SURFACE('',#1969,3.E0);
#1971=ORIENTED_EDGE('',*,*,#1929,.F.);
#1972=ORIENTED_EDGE('',*,*,#1903,.F.);
#1973=ORIENTED_EDGE('',*,*,#1619,.T.);
#1974=ORIENTED_EDGE('',*,*,#1900,.T.);
#1975=EDGE_LOOP('',(#1971,#1972,#1973,#1974));
#1976=FACE_OUTER_BOUND('',#1975,.F.);
#1977=ADVANCED_FACE('',(#1976),#1970,.F.);
#1978=CARTESIAN_POINT('',(-1.6E1,-7.E1,-8.5E0));
#1979=DIRECTION('',(0.E0,1.E0,0.E0));
#1980=DIRECTION('',(0.E0,0.E0,1.E0));
#1981=AXIS2_PLACEMENT_3D('',#1978,#1979,#1980);
#1982=CYLINDRICAL_SURFACE('',#1981,3.E0);
#1983=ORIENTED_EDGE('',*,*,#1884,.T.);
#1984=ORIENTED_EDGE('',*,*,#1918,.T.);
#1986=ORIENTED_EDGE('',*,*,#1985,.F.);
#1987=ORIENTED_EDGE('',*,*,#1914,.F.);
#1988=EDGE_LOOP('',(#1983,#1984,#1986,#1987));
#1989=FACE_OUTER_BOUND('',#1988,.F.);
#1990=ADVANCED_FACE('',(#1989),#1982,.F.);
#1991=CARTESIAN_POINT('',(0.E0,7.E1,-2.75E1));
#1992=DIRECTION('',(0.E0,1.E0,0.E0));
#1993=DIRECTION('',(0.E0,0.E0,1.E0));
#1994=AXIS2_PLACEMENT_3D('',#1991,#1992,#1993);
#1995=PLANE('',#1994);
#1996=ORIENTED_EDGE('',*,*,#1451,.F.);
#1997=ORIENTED_EDGE('',*,*,#1487,.F.);
#1998=ORIENTED_EDGE('',*,*,#1538,.T.);
#2000=ORIENTED_EDGE('',*,*,#1999,.T.);
#2002=ORIENTED_EDGE('',*,*,#2001,.T.);
#2004=ORIENTED_EDGE('',*,*,#2003,.F.);
#2005=ORIENTED_EDGE('',*,*,#1530,.T.);
#2007=ORIENTED_EDGE('',*,*,#2006,.F.);
#2009=ORIENTED_EDGE('',*,*,#2008,.F.);
#2011=ORIENTED_EDGE('',*,*,#2010,.F.);
#2012=EDGE_LOOP('',(#1996,#1997,#1998,#2000,#2002,#2004,#2005,#2007,#2009,
#2011));
#2013=FACE_OUTER_BOUND('',#2012,.F.);
#2015=ORIENTED_EDGE('',*,*,#2014,.F.);
#2017=ORIENTED_EDGE('',*,*,#2016,.F.);
#2018=EDGE_LOOP('',(#2015,#2017));
#2019=FACE_BOUND('',#2018,.F.);
#2020=ORIENTED_EDGE('',*,*,#1739,.F.);
#2021=ORIENTED_EDGE('',*,*,#1766,.F.);
#2022=EDGE_LOOP('',(#2020,#2021));
#2023=FACE_BOUND('',#2022,.F.);
#2024=ORIENTED_EDGE('',*,*,#1916,.T.);
#2025=ORIENTED_EDGE('',*,*,#1985,.T.);
#2026=EDGE_LOOP('',(#2024,#2025));
#2027=FACE_BOUND('',#2026,.F.);
#2028=ADVANCED_FACE('',(#2013,#2019,#2023,#2027),#1995,.T.);
#2029=CARTESIAN_POINT('',(5.E0,6.752380208031E1,-9.85E0));
#2030=DIRECTION('',(0.E0,0.E0,-1.E0));
#2031=DIRECTION('',(0.E0,1.E0,0.E0));
#2032=AXIS2_PLACEMENT_3D('',#2029,#2030,#2031);
#2033=PLANE('',#2032);
#2035=ORIENTED_EDGE('',*,*,#2034,.T.);
#2036=ORIENTED_EDGE('',*,*,#1999,.F.);
#2037=ORIENTED_EDGE('',*,*,#1536,.T.);
#2039=ORIENTED_EDGE('',*,*,#2038,.T.);
#2040=EDGE_LOOP('',(#2035,#2036,#2037,#2039));
#2041=FACE_OUTER_BOUND('',#2040,.F.);
#2042=ADVANCED_FACE('',(#2041),#2033,.F.);
#2043=CARTESIAN_POINT('',(0.E0,7.E1,0.E0));
#2044=DIRECTION('',(0.E0,1.E0,0.E0));
#2045=DIRECTION('',(0.E0,0.E0,1.E0));
#2046=AXIS2_PLACEMENT_3D('',#2043,#2044,#2045);
#2048=DIRECTION('',(0.E0,1.E0,0.E0));
#2049=VECTOR('',#2048,1.E0);
#2050=SURFACE_OF_LINEAR_EXTRUSION('',#2047,#2049);
#2051=ORIENTED_EDGE('',*,*,#2034,.F.);
#2053=ORIENTED_EDGE('',*,*,#2052,.T.);
#2055=ORIENTED_EDGE('',*,*,#2054,.T.);
#2056=ORIENTED_EDGE('',*,*,#1808,.T.);
#2058=ORIENTED_EDGE('',*,*,#2057,.T.);
#2060=ORIENTED_EDGE('',*,*,#2059,.T.);
#2062=ORIENTED_EDGE('',*,*,#2061,.T.);
#2063=ORIENTED_EDGE('',*,*,#2001,.F.);
#2064=EDGE_LOOP('',(#2051,#2053,#2055,#2056,#2058,#2060,#2062,#2063));
#2065=FACE_OUTER_BOUND('',#2064,.F.);
#2066=ADVANCED_FACE('',(#2065),#2050,.F.);
#2067=CARTESIAN_POINT('',(5.E0,6.752380208031E1,0.E0));
#2068=DIRECTION('',(1.E0,0.E0,0.E0));
#2069=DIRECTION('',(0.E0,-1.E0,0.E0));
#2070=AXIS2_PLACEMENT_3D('',#2067,#2068,#2069);
#2072=DIRECTION('',(1.E0,0.E0,0.E0));
#2073=VECTOR('',#2072,1.E0);
#2074=SURFACE_OF_LINEAR_EXTRUSION('',#2071,#2073);
#2075=ORIENTED_EDGE('',*,*,#2059,.F.);
#2077=ORIENTED_EDGE('',*,*,#2076,.F.);
#2078=ORIENTED_EDGE('',*,*,#1376,.T.);
#2080=ORIENTED_EDGE('',*,*,#2079,.T.);
#2081=ORIENTED_EDGE('',*,*,#2052,.F.);
#2082=ORIENTED_EDGE('',*,*,#2038,.F.);
#2083=ORIENTED_EDGE('',*,*,#1534,.F.);
#2085=ORIENTED_EDGE('',*,*,#2084,.T.);
#2086=EDGE_LOOP('',(#2075,#2077,#2078,#2080,#2081,#2082,#2083,#2085));
#2087=FACE_OUTER_BOUND('',#2086,.F.);
#2088=ADVANCED_FACE('',(#2087),#2074,.F.);
#2089=CARTESIAN_POINT('',(0.E0,6.6E1,0.E0));
#2090=DIRECTION('',(0.E0,1.E0,0.E0));
#2091=DIRECTION('',(0.E0,0.E0,1.E0));
#2092=AXIS2_PLACEMENT_3D('',#2089,#2090,#2091);
#2093=PLANE('',#2092);
#2094=ORIENTED_EDGE('',*,*,#1374,.F.);
#2095=ORIENTED_EDGE('',*,*,#2054,.F.);
#2096=ORIENTED_EDGE('',*,*,#2079,.F.);
#2097=EDGE_LOOP('',(#2094,#2095,#2096));
#2098=FACE_OUTER_BOUND('',#2097,.F.);
#2099=ADVANCED_FACE('',(#2098),#2093,.T.);
#2100=CARTESIAN_POINT('',(0.E0,6.6E1,0.E0));
#2101=DIRECTION('',(0.E0,1.E0,0.E0));
#2102=DIRECTION('',(0.E0,0.E0,1.E0));
#2103=AXIS2_PLACEMENT_3D('',#2100,#2101,#2102);
#2104=PLANE('',#2103);
#2105=ORIENTED_EDGE('',*,*,#1378,.F.);
#2106=ORIENTED_EDGE('',*,*,#2076,.T.);
#2107=ORIENTED_EDGE('',*,*,#2057,.F.);
#2108=EDGE_LOOP('',(#2105,#2106,#2107));
#2109=FACE_OUTER_BOUND('',#2108,.F.);
#2110=ADVANCED_FACE('',(#2109),#2104,.T.);
#2111=CARTESIAN_POINT('',(5.E0,7.E1,9.85E0));
#2112=DIRECTION('',(0.E0,0.E0,1.E0));
#2113=DIRECTION('',(0.E0,-1.E0,0.E0));
#2114=AXIS2_PLACEMENT_3D('',#2111,#2112,#2113);
#2115=PLANE('',#2114);
#2116=ORIENTED_EDGE('',*,*,#2061,.F.);
#2117=ORIENTED_EDGE('',*,*,#2084,.F.);
#2118=ORIENTED_EDGE('',*,*,#1532,.F.);
#2119=ORIENTED_EDGE('',*,*,#2003,.T.);
#2120=EDGE_LOOP('',(#2116,#2117,#2118,#2119));
#2121=FACE_OUTER_BOUND('',#2120,.F.);
#2122=ADVANCED_FACE('',(#2121),#2115,.F.);
#2123=CARTESIAN_POINT('',(2.3E0,2.52504E2,2.282346281956E1));
#2124=DIRECTION('',(0.E0,-1.E0,0.E0));
#2125=DIRECTION('',(1.E0,0.E0,0.E0));
#2126=AXIS2_PLACEMENT_3D('',#2123,#2124,#2125);
#2127=CYLINDRICAL_SURFACE('',#2126,2.7E0);
#2129=ORIENTED_EDGE('',*,*,#2128,.T.);
#2130=ORIENTED_EDGE('',*,*,#1524,.T.);
#2131=ORIENTED_EDGE('',*,*,#1591,.T.);
#2133=ORIENTED_EDGE('',*,*,#2132,.F.);
#2134=EDGE_LOOP('',(#2129,#2130,#2131,#2133));
#2135=FACE_OUTER_BOUND('',#2134,.F.);
#2136=ADVANCED_FACE('',(#2135),#2127,.T.);
#2137=CARTESIAN_POINT('',(2.3E0,2.52504E2,2.282346281956E1));
#2138=DIRECTION('',(0.E0,-1.E0,0.E0));
#2139=DIRECTION('',(1.E0,0.E0,0.E0));
#2140=AXIS2_PLACEMENT_3D('',#2137,#2138,#2139);
#2141=CYLINDRICAL_SURFACE('',#2140,2.7E0);
#2143=ORIENTED_EDGE('',*,*,#2142,.T.);
#2145=ORIENTED_EDGE('',*,*,#2144,.F.);
#2146=ORIENTED_EDGE('',*,*,#2006,.T.);
#2147=ORIENTED_EDGE('',*,*,#1528,.T.);
#2148=EDGE_LOOP('',(#2143,#2145,#2146,#2147));
#2149=FACE_OUTER_BOUND('',#2148,.F.);
#2150=ADVANCED_FACE('',(#2149),#2141,.T.);
#2151=CARTESIAN_POINT('',(5.E0,0.E0,2.552346281956E1));
#2152=DIRECTION('',(1.E0,0.E0,0.E0));
#2153=DIRECTION('',(0.E0,-1.E0,0.E0));
#2154=AXIS2_PLACEMENT_3D('',#2151,#2152,#2153);
#2156=DIRECTION('',(1.E0,0.E0,0.E0));
#2157=VECTOR('',#2156,1.E0);
#2158=SURFACE_OF_LINEAR_EXTRUSION('',#2155,#2157);
#2159=ORIENTED_EDGE('',*,*,#1526,.F.);
#2160=ORIENTED_EDGE('',*,*,#2128,.F.);
#2162=ORIENTED_EDGE('',*,*,#2161,.T.);
#2163=ORIENTED_EDGE('',*,*,#1384,.T.);
#2165=ORIENTED_EDGE('',*,*,#2164,.T.);
#2166=ORIENTED_EDGE('',*,*,#2142,.F.);
#2167=EDGE_LOOP('',(#2159,#2160,#2162,#2163,#2165,#2166));
#2168=FACE_OUTER_BOUND('',#2167,.F.);
#2169=ADVANCED_FACE('',(#2168),#2158,.F.);
#2170=CARTESIAN_POINT('',(-4.263139720814E1,7.E1,0.E0));
#2171=DIRECTION('',(-5.E-1,0.E0,8.660254037844E-1));
#2172=DIRECTION('',(8.660254037844E-1,0.E0,5.E-1));
#2173=AXIS2_PLACEMENT_3D('',#2170,#2171,#2172);
#2174=PLANE('',#2173);
#2175=ORIENTED_EDGE('',*,*,#2161,.F.);
#2176=ORIENTED_EDGE('',*,*,#2132,.T.);
#2177=ORIENTED_EDGE('',*,*,#1589,.T.);
#2178=ORIENTED_EDGE('',*,*,#1633,.F.);
#2179=ORIENTED_EDGE('',*,*,#1649,.T.);
#2180=ORIENTED_EDGE('',*,*,#1386,.F.);
#2181=EDGE_LOOP('',(#2175,#2176,#2177,#2178,#2179,#2180));
#2182=FACE_OUTER_BOUND('',#2181,.F.);
#2183=ADVANCED_FACE('',(#2182),#2174,.T.);
#2184=CARTESIAN_POINT('',(-4.263139720814E1,7.E1,0.E0));
#2185=DIRECTION('',(-5.E-1,0.E0,8.660254037844E-1));
#2186=DIRECTION('',(8.660254037844E-1,0.E0,5.E-1));
#2187=AXIS2_PLACEMENT_3D('',#2184,#2185,#2186);
#2188=PLANE('',#2187);
#2189=ORIENTED_EDGE('',*,*,#2164,.F.);
#2190=ORIENTED_EDGE('',*,*,#1382,.F.);
#2191=ORIENTED_EDGE('',*,*,#1814,.F.);
#2193=ORIENTED_EDGE('',*,*,#2192,.F.);
#2194=ORIENTED_EDGE('',*,*,#2008,.T.);
#2195=ORIENTED_EDGE('',*,*,#2144,.T.);
#2196=EDGE_LOOP('',(#2189,#2190,#2191,#2193,#2194,#2195));
#2197=FACE_OUTER_BOUND('',#2196,.F.);
#2198=ADVANCED_FACE('',(#2197),#2188,.T.);
#2199=CARTESIAN_POINT('',(-2.523139720814E1,2.52504E2,0.E0));
#2200=DIRECTION('',(0.E0,-1.E0,0.E0));
#2201=DIRECTION('',(-5.E-1,0.E0,8.660254037844E-1));
#2202=AXIS2_PLACEMENT_3D('',#2199,#2200,#2201);
#2203=CYLINDRICAL_SURFACE('',#2202,8.7E0);
#2204=ORIENTED_EDGE('',*,*,#1812,.T.);
#2205=ORIENTED_EDGE('',*,*,#1453,.F.);
#2206=ORIENTED_EDGE('',*,*,#2010,.T.);
#2207=ORIENTED_EDGE('',*,*,#2192,.T.);
#2208=EDGE_LOOP('',(#2204,#2205,#2206,#2207));
#2209=FACE_OUTER_BOUND('',#2208,.F.);
#2210=ADVANCED_FACE('',(#2209),#2203,.T.);
#2211=CARTESIAN_POINT('',(-1.6E1,-7.E1,0.E0));
#2212=DIRECTION('',(0.E0,-1.E0,0.E0));
#2213=DIRECTION('',(0.E0,0.E0,-1.E0));
#2214=AXIS2_PLACEMENT_3D('',#2211,#2212,#2213);
#2215=CYLINDRICAL_SURFACE('',#2214,4.E0);
#2216=ORIENTED_EDGE('',*,*,#2014,.T.);
#2218=ORIENTED_EDGE('',*,*,#2217,.F.);
#2219=ORIENTED_EDGE('',*,*,#1830,.F.);
#2221=ORIENTED_EDGE('',*,*,#2220,.T.);
#2222=EDGE_LOOP('',(#2216,#2218,#2219,#2221));
#2223=FACE_OUTER_BOUND('',#2222,.F.);
#2224=ADVANCED_FACE('',(#2223),#2215,.F.);
#2225=CARTESIAN_POINT('',(-1.6E1,-7.E1,0.E0));
#2226=DIRECTION('',(0.E0,-1.E0,0.E0));
#2227=DIRECTION('',(0.E0,0.E0,-1.E0));
#2228=AXIS2_PLACEMENT_3D('',#2225,#2226,#2227);
#2229=CYLINDRICAL_SURFACE('',#2228,4.E0);
#2230=ORIENTED_EDGE('',*,*,#1605,.F.);
#2232=ORIENTED_EDGE('',*,*,#2231,.T.);
#2233=ORIENTED_EDGE('',*,*,#1665,.T.);
#2235=ORIENTED_EDGE('',*,*,#2234,.F.);
#2236=EDGE_LOOP('',(#2230,#2232,#2233,#2235));
#2237=FACE_OUTER_BOUND('',#2236,.F.);
#2238=ADVANCED_FACE('',(#2237),#2229,.F.);
#2239=CARTESIAN_POINT('',(-1.6E1,-7.E1,0.E0));
#2240=DIRECTION('',(0.E0,-1.E0,0.E0));
#2241=DIRECTION('',(0.E0,0.E0,-1.E0));
#2242=AXIS2_PLACEMENT_3D('',#2239,#2240,#2241);
#2243=CYLINDRICAL_SURFACE('',#2242,4.E0);
#2244=ORIENTED_EDGE('',*,*,#2016,.T.);
#2245=ORIENTED_EDGE('',*,*,#2220,.F.);
#2246=ORIENTED_EDGE('',*,*,#1832,.F.);
#2247=ORIENTED_EDGE('',*,*,#2217,.T.);
#2248=EDGE_LOOP('',(#2244,#2245,#2246,#2247));
#2249=FACE_OUTER_BOUND('',#2248,.F.);
#2250=ADVANCED_FACE('',(#2249),#2243,.F.);
#2251=CARTESIAN_POINT('',(-1.6E1,-7.E1,0.E0));
#2252=DIRECTION('',(0.E0,-1.E0,0.E0));
#2253=DIRECTION('',(0.E0,0.E0,-1.E0));
#2254=AXIS2_PLACEMENT_3D('',#2251,#2252,#2253);
#2255=CYLINDRICAL_SURFACE('',#2254,4.E0);
#2256=ORIENTED_EDGE('',*,*,#1607,.F.);
#2257=ORIENTED_EDGE('',*,*,#2234,.T.);
#2258=ORIENTED_EDGE('',*,*,#1667,.T.);
#2259=ORIENTED_EDGE('',*,*,#2231,.F.);
#2260=EDGE_LOOP('',(#2256,#2257,#2258,#2259));
#2261=FACE_OUTER_BOUND('',#2260,.F.);
#2262=ADVANCED_FACE('',(#2261),#2255,.F.);
#2263=CARTESIAN_POINT('',(0.E0,-7.E1,0.E0));
#2264=DIRECTION('',(0.E0,-1.E0,0.E0));
#2265=DIRECTION('',(0.E0,0.E0,1.E0));
#2266=AXIS2_PLACEMENT_3D('',#2263,#2264,#2265);
#2268=DIRECTION('',(0.E0,1.E0,0.E0));
#2269=VECTOR('',#2268,1.E0);
#2270=SURFACE_OF_LINEAR_EXTRUSION('',#2267,#2269);
#2271=ORIENTED_EDGE('',*,*,#1646,.F.);
#2273=ORIENTED_EDGE('',*,*,#2272,.F.);
#2275=ORIENTED_EDGE('',*,*,#2274,.T.);
#2277=ORIENTED_EDGE('',*,*,#2276,.F.);
#2278=ORIENTED_EDGE('',*,*,#1596,.T.);
#2280=ORIENTED_EDGE('',*,*,#2279,.T.);
#2282=ORIENTED_EDGE('',*,*,#2281,.T.);
#2284=ORIENTED_EDGE('',*,*,#2283,.F.);
#2285=EDGE_LOOP('',(#2271,#2273,#2275,#2277,#2278,#2280,#2282,#2284));
#2286=FACE_OUTER_BOUND('',#2285,.F.);
#2287=ADVANCED_FACE('',(#2286),#2270,.F.);
#2288=CARTESIAN_POINT('',(0.E0,-6.6E1,0.E0));
#2289=DIRECTION('',(0.E0,1.E0,0.E0));
#2290=DIRECTION('',(0.E0,0.E0,1.E0));
#2291=AXIS2_PLACEMENT_3D('',#2288,#2289,#2290);
#2292=PLANE('',#2291);
#2293=ORIENTED_EDGE('',*,*,#1394,.T.);
#2295=ORIENTED_EDGE('',*,*,#2294,.F.);
#2296=ORIENTED_EDGE('',*,*,#2272,.T.);
#2297=EDGE_LOOP('',(#2293,#2295,#2296));
#2298=FACE_OUTER_BOUND('',#2297,.F.);
#2299=ADVANCED_FACE('',(#2298),#2292,.F.);
#2300=CARTESIAN_POINT('',(0.E0,-6.6E1,0.E0));
#2301=DIRECTION('',(0.E0,1.E0,0.E0));
#2302=DIRECTION('',(0.E0,0.E0,1.E0));
#2303=AXIS2_PLACEMENT_3D('',#2300,#2301,#2302);
#2304=PLANE('',#2303);
#2305=ORIENTED_EDGE('',*,*,#1390,.T.);
#2306=ORIENTED_EDGE('',*,*,#2283,.T.);
#2308=ORIENTED_EDGE('',*,*,#2307,.T.);
#2309=EDGE_LOOP('',(#2305,#2306,#2308));
#2310=FACE_OUTER_BOUND('',#2309,.F.);
#2311=ADVANCED_FACE('',(#2310),#2304,.F.);
#2312=CARTESIAN_POINT('',(5.E0,-6.752380208031E1,0.E0));
#2313=DIRECTION('',(1.E0,0.E0,0.E0));
#2314=DIRECTION('',(0.E0,1.E0,0.E0));
#2315=AXIS2_PLACEMENT_3D('',#2312,#2313,#2314);
#2317=DIRECTION('',(-1.E0,0.E0,0.E0));
#2318=VECTOR('',#2317,1.E0);
#2319=SURFACE_OF_LINEAR_EXTRUSION('',#2316,#2318);
#2320=ORIENTED_EDGE('',*,*,#2281,.F.);
#2322=ORIENTED_EDGE('',*,*,#2321,.F.);
#2323=ORIENTED_EDGE('',*,*,#1518,.T.);
#2325=ORIENTED_EDGE('',*,*,#2324,.T.);
#2326=ORIENTED_EDGE('',*,*,#2274,.F.);
#2327=ORIENTED_EDGE('',*,*,#2294,.T.);
#2328=ORIENTED_EDGE('',*,*,#1392,.F.);
#2329=ORIENTED_EDGE('',*,*,#2307,.F.);
#2330=EDGE_LOOP('',(#2320,#2322,#2323,#2325,#2326,#2327,#2328,#2329));
#2331=FACE_OUTER_BOUND('',#2330,.F.);
#2332=ADVANCED_FACE('',(#2331),#2319,.F.);
#2333=CARTESIAN_POINT('',(5.E0,-7.E1,9.85E0));
#2334=DIRECTION('',(0.E0,0.E0,-1.E0));
#2335=DIRECTION('',(0.E0,1.E0,0.E0));
#2336=AXIS2_PLACEMENT_3D('',#2333,#2334,#2335);
#2337=PLANE('',#2336);
#2338=ORIENTED_EDGE('',*,*,#2279,.F.);
#2339=ORIENTED_EDGE('',*,*,#1594,.F.);
#2340=ORIENTED_EDGE('',*,*,#1520,.T.);
#2341=ORIENTED_EDGE('',*,*,#2321,.T.);
#2342=EDGE_LOOP('',(#2338,#2339,#2340,#2341));
#2343=FACE_OUTER_BOUND('',#2342,.F.);
#2344=ADVANCED_FACE('',(#2343),#2337,.T.);
#2345=CARTESIAN_POINT('',(5.E0,-6.752380208031E1,-9.85E0));
#2346=DIRECTION('',(0.E0,0.E0,1.E0));
#2347=DIRECTION('',(0.E0,-1.E0,0.E0));
#2348=AXIS2_PLACEMENT_3D('',#2345,#2346,#2347);
#2349=PLANE('',#2348);
#2350=ORIENTED_EDGE('',*,*,#2276,.T.);
#2351=ORIENTED_EDGE('',*,*,#2324,.F.);
#2352=ORIENTED_EDGE('',*,*,#1516,.F.);
#2353=ORIENTED_EDGE('',*,*,#1598,.T.);
#2354=EDGE_LOOP('',(#2350,#2351,#2352,#2353));
#2355=FACE_OUTER_BOUND('',#2354,.F.);
#2356=ADVANCED_FACE('',(#2355),#2349,.T.);
#2357=CARTESIAN_POINT('',(5.E0,-3.E1,3.E0));
#2358=DIRECTION('',(0.E0,-1.E0,0.E0));
#2359=DIRECTION('',(0.E0,0.E0,-1.E0));
#2360=AXIS2_PLACEMENT_3D('',#2357,#2358,#2359);
#2361=PLANE('',#2360);
#2363=ORIENTED_EDGE('',*,*,#2362,.T.);
#2364=ORIENTED_EDGE('',*,*,#1406,.T.);
#2366=ORIENTED_EDGE('',*,*,#2365,.F.);
#2367=ORIENTED_EDGE('',*,*,#1543,.F.);
#2368=EDGE_LOOP('',(#2363,#2364,#2366,#2367));
#2369=FACE_OUTER_BOUND('',#2368,.F.);
#2370=ADVANCED_FACE('',(#2369),#2361,.F.);
#2371=CARTESIAN_POINT('',(5.796708940054E1,-2.8E1,1.E0));
#2372=DIRECTION('',(-1.E0,0.E0,0.E0));
#2373=DIRECTION('',(0.E0,-1.E0,0.E0));
#2374=AXIS2_PLACEMENT_3D('',#2371,#2372,#2373);
#2375=CYLINDRICAL_SURFACE('',#2374,2.E0);
#2376=ORIENTED_EDGE('',*,*,#2362,.F.);
#2377=ORIENTED_EDGE('',*,*,#1557,.T.);
#2379=ORIENTED_EDGE('',*,*,#2378,.T.);
#2380=ORIENTED_EDGE('',*,*,#1408,.T.);
#2381=EDGE_LOOP('',(#2376,#2377,#2379,#2380));
#2382=FACE_OUTER_BOUND('',#2381,.F.);
#2383=ADVANCED_FACE('',(#2382),#2375,.F.);
#2384=CARTESIAN_POINT('',(5.E0,3.E1,3.E0));
#2385=DIRECTION('',(0.E0,0.E0,1.E0));
#2386=DIRECTION('',(0.E0,-1.E0,0.E0));
#2387=AXIS2_PLACEMENT_3D('',#2384,#2385,#2386);
#2388=PLANE('',#2387);
#2389=ORIENTED_EDGE('',*,*,#2378,.F.);
#2390=ORIENTED_EDGE('',*,*,#1555,.F.);
#2392=ORIENTED_EDGE('',*,*,#2391,.T.);
#2393=ORIENTED_EDGE('',*,*,#1410,.T.);
#2394=EDGE_LOOP('',(#2389,#2390,#2392,#2393));
#2395=FACE_OUTER_BOUND('',#2394,.F.);
#2396=ADVANCED_FACE('',(#2395),#2388,.F.);
#2397=CARTESIAN_POINT('',(5.796708940054E1,2.8E1,1.E0));
#2398=DIRECTION('',(-1.E0,0.E0,0.E0));
#2399=DIRECTION('',(0.E0,0.E0,1.E0));
#2400=AXIS2_PLACEMENT_3D('',#2397,#2398,#2399);
#2401=CYLINDRICAL_SURFACE('',#2400,2.E0);
#2402=ORIENTED_EDGE('',*,*,#2391,.F.);
#2403=ORIENTED_EDGE('',*,*,#1553,.T.);
#2405=ORIENTED_EDGE('',*,*,#2404,.T.);
#2406=ORIENTED_EDGE('',*,*,#1412,.T.);
#2407=EDGE_LOOP('',(#2402,#2403,#2405,#2406));
#2408=FACE_OUTER_BOUND('',#2407,.F.);
#2409=ADVANCED_FACE('',(#2408),#2401,.F.);
#2410=CARTESIAN_POINT('',(5.E0,3.E1,-3.E0));
#2411=DIRECTION('',(0.E0,1.E0,0.E0));
#2412=DIRECTION('',(0.E0,0.E0,1.E0));
#2413=AXIS2_PLACEMENT_3D('',#2410,#2411,#2412);
#2414=PLANE('',#2413);
#2415=ORIENTED_EDGE('',*,*,#2404,.F.);
#2416=ORIENTED_EDGE('',*,*,#1551,.F.);
#2418=ORIENTED_EDGE('',*,*,#2417,.T.);
#2419=ORIENTED_EDGE('',*,*,#1414,.T.);
#2420=EDGE_LOOP('',(#2415,#2416,#2418,#2419));
#2421=FACE_OUTER_BOUND('',#2420,.F.);
#2422=ADVANCED_FACE('',(#2421),#2414,.F.);
#2423=CARTESIAN_POINT('',(5.796708940054E1,2.8E1,-1.E0));
#2424=DIRECTION('',(-1.E0,0.E0,0.E0));
#2425=DIRECTION('',(0.E0,1.E0,0.E0));
#2426=AXIS2_PLACEMENT_3D('',#2423,#2424,#2425);
#2427=CYLINDRICAL_SURFACE('',#2426,2.E0);
#2428=ORIENTED_EDGE('',*,*,#2417,.F.);
#2429=ORIENTED_EDGE('',*,*,#1549,.T.);
#2431=ORIENTED_EDGE('',*,*,#2430,.T.);
#2432=ORIENTED_EDGE('',*,*,#1416,.T.);
#2433=EDGE_LOOP('',(#2428,#2429,#2431,#2432));
#2434=FACE_OUTER_BOUND('',#2433,.F.);
#2435=ADVANCED_FACE('',(#2434),#2427,.F.);
#2436=CARTESIAN_POINT('',(5.E0,-3.E1,-3.E0));
#2437=DIRECTION('',(0.E0,0.E0,-1.E0));
#2438=DIRECTION('',(0.E0,1.E0,0.E0));
#2439=AXIS2_PLACEMENT_3D('',#2436,#2437,#2438);
#2440=PLANE('',#2439);
#2442=ORIENTED_EDGE('',*,*,#2441,.T.);
#2443=ORIENTED_EDGE('',*,*,#1402,.T.);
#2444=ORIENTED_EDGE('',*,*,#2430,.F.);
#2445=ORIENTED_EDGE('',*,*,#1547,.F.);
#2446=EDGE_LOOP('',(#2442,#2443,#2444,#2445));
#2447=FACE_OUTER_BOUND('',#2446,.F.);
#2448=ADVANCED_FACE('',(#2447),#2440,.F.);
#2449=CARTESIAN_POINT('',(5.796708940054E1,-2.8E1,-1.E0));
#2450=DIRECTION('',(-1.E0,0.E0,0.E0));
#2451=DIRECTION('',(0.E0,0.E0,-1.E0));
#2452=AXIS2_PLACEMENT_3D('',#2449,#2450,#2451);
#2453=CYLINDRICAL_SURFACE('',#2452,2.E0);
#2454=ORIENTED_EDGE('',*,*,#2441,.F.);
#2455=ORIENTED_EDGE('',*,*,#1545,.T.);
#2456=ORIENTED_EDGE('',*,*,#2365,.T.);
#2457=ORIENTED_EDGE('',*,*,#1404,.T.);
#2458=EDGE_LOOP('',(#2454,#2455,#2456,#2457));
#2459=FACE_OUTER_BOUND('',#2458,.F.);
#2460=ADVANCED_FACE('',(#2459),#2453,.F.);
#2461=CARTESIAN_POINT('',(5.E0,5.2E1,-2.2E0));
#2462=DIRECTION('',(0.E0,1.E0,0.E0));
#2463=DIRECTION('',(0.E0,0.E0,1.E0));
#2464=AXIS2_PLACEMENT_3D('',#2461,#2462,#2463);
#2465=PLANE('',#2464);
#2466=ORIENTED_EDGE('',*,*,#1561,.T.);
#2468=ORIENTED_EDGE('',*,*,#2467,.T.);
#2470=ORIENTED_EDGE('',*,*,#2469,.T.);
#2472=ORIENTED_EDGE('',*,*,#2471,.F.);
#2473=EDGE_LOOP('',(#2466,#2468,#2470,#2472));
#2474=FACE_OUTER_BOUND('',#2473,.F.);
#2475=ADVANCED_FACE('',(#2474),#2465,.F.);
#2476=CARTESIAN_POINT('',(5.E0,4.8E1,-2.2E0));
#2477=DIRECTION('',(0.E0,0.E0,-1.E0));
#2478=DIRECTION('',(0.E0,1.E0,0.E0));
#2479=AXIS2_PLACEMENT_3D('',#2476,#2477,#2478);
#2480=PLANE('',#2479);
#2481=ORIENTED_EDGE('',*,*,#1567,.F.);
#2483=ORIENTED_EDGE('',*,*,#2482,.T.);
#2485=ORIENTED_EDGE('',*,*,#2484,.T.);
#2486=ORIENTED_EDGE('',*,*,#2467,.F.);
#2487=EDGE_LOOP('',(#2481,#2483,#2485,#2486));
#2488=FACE_OUTER_BOUND('',#2487,.F.);
#2489=ADVANCED_FACE('',(#2488),#2480,.F.);
#2490=CARTESIAN_POINT('',(5.E0,4.8E1,1.78E1));
#2491=DIRECTION('',(0.E0,-1.E0,0.E0));
#2492=DIRECTION('',(0.E0,0.E0,-1.E0));
#2493=AXIS2_PLACEMENT_3D('',#2490,#2491,#2492);
#2494=PLANE('',#2493);
#2495=ORIENTED_EDGE('',*,*,#1565,.F.);
#2497=ORIENTED_EDGE('',*,*,#2496,.T.);
#2499=ORIENTED_EDGE('',*,*,#2498,.T.);
#2500=ORIENTED_EDGE('',*,*,#2482,.F.);
#2501=EDGE_LOOP('',(#2495,#2497,#2499,#2500));
#2502=FACE_OUTER_BOUND('',#2501,.F.);
#2503=ADVANCED_FACE('',(#2502),#2494,.F.);
#2504=CARTESIAN_POINT('',(5.E0,5.2E1,1.78E1));
#2505=DIRECTION('',(0.E0,0.E0,1.E0));
#2506=DIRECTION('',(0.E0,-1.E0,0.E0));
#2507=AXIS2_PLACEMENT_3D('',#2504,#2505,#2506);
#2508=PLANE('',#2507);
#2509=ORIENTED_EDGE('',*,*,#1563,.F.);
#2510=ORIENTED_EDGE('',*,*,#2471,.T.);
#2512=ORIENTED_EDGE('',*,*,#2511,.T.);
#2513=ORIENTED_EDGE('',*,*,#2496,.F.);
#2514=EDGE_LOOP('',(#2509,#2510,#2512,#2513));
#2515=FACE_OUTER_BOUND('',#2514,.F.);
#2516=ADVANCED_FACE('',(#2515),#2508,.F.);
#2517=CARTESIAN_POINT('',(2.E0,0.E0,0.E0));
#2518=DIRECTION('',(1.E0,0.E0,0.E0));
#2519=DIRECTION('',(0.E0,-1.E0,0.E0));
#2520=AXIS2_PLACEMENT_3D('',#2517,#2518,#2519);
#2521=PLANE('',#2520);
#2522=ORIENTED_EDGE('',*,*,#2469,.F.);
#2523=ORIENTED_EDGE('',*,*,#2484,.F.);
#2524=ORIENTED_EDGE('',*,*,#2498,.F.);
#2525=ORIENTED_EDGE('',*,*,#2511,.F.);
#2526=EDGE_LOOP('',(#2522,#2523,#2524,#2525));
#2527=FACE_OUTER_BOUND('',#2526,.F.);
#2528=ADVANCED_FACE('',(#2527),#2521,.T.);
#2529=CARTESIAN_POINT('',(5.E0,-5.2E1,-2.2E0));
#2530=DIRECTION('',(0.E0,1.E0,0.E0));
#2531=DIRECTION('',(0.E0,0.E0,1.E0));
#2532=AXIS2_PLACEMENT_3D('',#2529,#2530,#2531);
#2533=PLANE('',#2532);
#2535=ORIENTED_EDGE('',*,*,#2534,.T.);
#2537=ORIENTED_EDGE('',*,*,#2536,.F.);
#2539=ORIENTED_EDGE('',*,*,#2538,.F.);
#2540=ORIENTED_EDGE('',*,*,#1571,.T.);
#2541=EDGE_LOOP('',(#2535,#2537,#2539,#2540));
#2542=FACE_OUTER_BOUND('',#2541,.F.);
#2543=ADVANCED_FACE('',(#2542),#2533,.T.);
#2544=CARTESIAN_POINT('',(5.E0,-5.2E1,1.78E1));
#2545=DIRECTION('',(0.E0,0.E0,-1.E0));
#2546=DIRECTION('',(0.E0,1.E0,0.E0));
#2547=AXIS2_PLACEMENT_3D('',#2544,#2545,#2546);
#2548=PLANE('',#2547);
#2549=ORIENTED_EDGE('',*,*,#2534,.F.);
#2550=ORIENTED_EDGE('',*,*,#1577,.T.);
#2552=ORIENTED_EDGE('',*,*,#2551,.T.);
#2554=ORIENTED_EDGE('',*,*,#2553,.F.);
#2555=EDGE_LOOP('',(#2549,#2550,#2552,#2554));
#2556=FACE_OUTER_BOUND('',#2555,.F.);
#2557=ADVANCED_FACE('',(#2556),#2548,.T.);
#2558=CARTESIAN_POINT('',(5.E0,-4.8E1,1.78E1));
#2559=DIRECTION('',(0.E0,-1.E0,0.E0));
#2560=DIRECTION('',(0.E0,0.E0,-1.E0));
#2561=AXIS2_PLACEMENT_3D('',#2558,#2559,#2560);
#2562=PLANE('',#2561);
#2564=ORIENTED_EDGE('',*,*,#2563,.T.);
#2566=ORIENTED_EDGE('',*,*,#2565,.F.);
#2567=ORIENTED_EDGE('',*,*,#2551,.F.);
#2568=ORIENTED_EDGE('',*,*,#1575,.T.);
#2569=EDGE_LOOP('',(#2564,#2566,#2567,#2568));
#2570=FACE_OUTER_BOUND('',#2569,.F.);
#2571=ADVANCED_FACE('',(#2570),#2562,.T.);
#2572=CARTESIAN_POINT('',(5.E0,-4.8E1,-2.2E0));
#2573=DIRECTION('',(0.E0,0.E0,1.E0));
#2574=DIRECTION('',(0.E0,-1.E0,0.E0));
#2575=AXIS2_PLACEMENT_3D('',#2572,#2573,#2574);
#2576=PLANE('',#2575);
#2577=ORIENTED_EDGE('',*,*,#2563,.F.);
#2578=ORIENTED_EDGE('',*,*,#1573,.T.);
#2579=ORIENTED_EDGE('',*,*,#2538,.T.);
#2581=ORIENTED_EDGE('',*,*,#2580,.F.);
#2582=EDGE_LOOP('',(#2577,#2578,#2579,#2581));
#2583=FACE_OUTER_BOUND('',#2582,.F.);
#2584=ADVANCED_FACE('',(#2583),#2576,.T.);
#2585=CARTESIAN_POINT('',(2.E0,0.E0,0.E0));
#2586=DIRECTION('',(-1.E0,0.E0,0.E0));
#2587=DIRECTION('',(0.E0,1.E0,0.E0));
#2588=AXIS2_PLACEMENT_3D('',#2585,#2586,#2587);
#2589=PLANE('',#2588);
#2590=ORIENTED_EDGE('',*,*,#2536,.T.);
#2591=ORIENTED_EDGE('',*,*,#2553,.T.);
#2592=ORIENTED_EDGE('',*,*,#2565,.T.);
#2593=ORIENTED_EDGE('',*,*,#2580,.T.);
#2594=EDGE_LOOP('',(#2590,#2591,#2592,#2593));
#2595=FACE_OUTER_BOUND('',#2594,.F.);
#2596=ADVANCED_FACE('',(#2595),#2589,.F.);
#2600=DIMENSIONAL_EXPONENTS(0.E0,0.E0,0.E0,0.E0,0.E0,0.E0,0.E0);
#2602=PLANE_ANGLE_MEASURE_WITH_UNIT(PLANE_ANGLE_MEASURE(1.745329251994E-2),
#2601);
#2603=(CONVERSION_BASED_UNIT('DEGREE',#2602)NAMED_UNIT(*)PLANE_ANGLE_UNIT());
#2605=UNCERTAINTY_MEASURE_WITH_UNIT(LENGTH_MEASURE(1.577712221536E-2),#2599,
'closure',
'Maximum model space distance between geometric entities at asserted connectivities');
#2606=(GEOMETRIC_REPRESENTATION_CONTEXT(3)GLOBAL_UNCERTAINTY_ASSIGNED_CONTEXT((
#2605))GLOBAL_UNIT_ASSIGNED_CONTEXT((#2599,#2603,#2604))REPRESENTATION_CONTEXT(
'ID1','3'));
#2608=APPLICATION_CONTEXT(
'CONFIGURATION CONTROLLED 3D DESIGNS OF MECHANICAL PARTS AND ASSEMBLIES');
#2609=APPLICATION_PROTOCOL_DEFINITION('international standard',
'config_control_design',1994,#2608);
#2610=DESIGN_CONTEXT('',#2608,'design');
#2611=MECHANICAL_CONTEXT('',#2608,'mechanical');
#2612=PRODUCT('V1','V1','NOT SPECIFIED',(#2611));
#2613=PRODUCT_DEFINITION_FORMATION_WITH_SPECIFIED_SOURCE('2','LAST_VERSION',
#2612,.MADE.);
#2617=PRODUCT_CATEGORY('part','');
#2618=PRODUCT_RELATED_PRODUCT_CATEGORY('detail','',(#2612));
#2619=PRODUCT_CATEGORY_RELATIONSHIP('','',#2617,#2618);
#2620=SECURITY_CLASSIFICATION_LEVEL('unclassified');
#2621=SECURITY_CLASSIFICATION('','',#2620);
#2622=CC_DESIGN_SECURITY_CLASSIFICATION(#2621,(#2613));
#2623=APPROVAL_STATUS('approved');
#2624=APPROVAL(#2623,'');
#2625=CC_DESIGN_APPROVAL(#2624,(#2621,#2613,#2614));
#2626=CALENDAR_DATE(126,9,7);
#2627=COORDINATED_UNIVERSAL_TIME_OFFSET(8,0,.AHEAD.);
#2628=LOCAL_TIME(18,55,3.2E1,#2627);
#2629=DATE_AND_TIME(#2626,#2628);
#2630=APPROVAL_DATE_TIME(#2629,#2624);
#2631=DATE_TIME_ROLE('creation_date');
#2632=CC_DESIGN_DATE_AND_TIME_ASSIGNMENT(#2629,#2631,(#2614));
#2633=DATE_TIME_ROLE('classification_date');
#2634=CC_DESIGN_DATE_AND_TIME_ASSIGNMENT(#2629,#2633,(#2621));
#2635=PERSON('UNSPECIFIED','UNSPECIFIED',$,$,$,$);
#2636=ORGANIZATION('UNSPECIFIED','UNSPECIFIED','UNSPECIFIED');
#2637=PERSON_AND_ORGANIZATION(#2635,#2636);
#2638=APPROVAL_ROLE('approver');
#2639=APPROVAL_PERSON_ORGANIZATION(#2637,#2624,#2638);
#2640=PERSON_AND_ORGANIZATION_ROLE('creator');
#2641=CC_DESIGN_PERSON_AND_ORGANIZATION_ASSIGNMENT(#2637,#2640,(#2613,#2614));
#2642=PERSON_AND_ORGANIZATION_ROLE('design_supplier');
#2643=CC_DESIGN_PERSON_AND_ORGANIZATION_ASSIGNMENT(#2637,#2642,(#2613));
#2644=PERSON_AND_ORGANIZATION_ROLE('classification_officer');
#2645=CC_DESIGN_PERSON_AND_ORGANIZATION_ASSIGNMENT(#2637,#2644,(#2621));
#2646=PERSON_AND_ORGANIZATION_ROLE('design_owner');
#2647=CC_DESIGN_PERSON_AND_ORGANIZATION_ASSIGNMENT(#2637,#2646,(#2612));
#32=B_SPLINE_CURVE_WITH_KNOTS('',3,(#1,#2,#3,#4,#5,#6,#7,#8,#9,#10,#11,#12,#13,
#14,#15,#16,#17,#18,#19,#20,#21,#22,#23,#24,#25,#26,#27,#28,#29,#30,#31),
.UNSPECIFIED.,.F.,.F.,(4,1,1,1,1,1,1,1,1,1,1,1,1,1,1,1,1,1,1,1,1,1,1,1,1,1,1,1,
4),(0.E0,7.8125E-3,1.5625E-2,3.125E-2,4.6875E-2,6.25E-2,9.375E-2,1.25E-1,
1.5625E-1,1.875E-1,2.5E-1,3.125E-1,3.75E-1,4.375E-1,5.E-1,5.625E-1,6.25E-1,
6.875E-1,7.5E-1,8.125E-1,8.4375E-1,8.75E-1,9.0625E-1,9.375E-1,9.53125E-1,
9.6875E-1,9.84375E-1,9.921875E-1,1.E0),.UNSPECIFIED.);
#76=B_SPLINE_CURVE_WITH_KNOTS('',3,(#45,#46,#47,#48,#49,#50,#51,#52,#53,#54,#55,
#56,#57,#58,#59,#60,#61,#62,#63,#64,#65,#66,#67,#68,#69,#70,#71,#72,#73,#74,
#75),.UNSPECIFIED.,.F.,.F.,(4,1,1,1,1,1,1,1,1,1,1,1,1,1,1,1,1,1,1,1,1,1,1,1,1,1,
1,1,4),(0.E0,7.8125E-3,1.5625E-2,3.125E-2,4.6875E-2,6.25E-2,9.375E-2,1.25E-1,
1.5625E-1,1.875E-1,2.5E-1,3.125E-1,3.75E-1,4.375E-1,5.E-1,5.625E-1,6.25E-1,
6.875E-1,7.5E-1,8.125E-1,8.4375E-1,8.75E-1,9.0625E-1,9.375E-1,9.53125E-1,
9.6875E-1,9.84375E-1,9.921875E-1,1.E0),.UNSPECIFIED.);
#120=B_SPLINE_CURVE_WITH_KNOTS('',3,(#89,#90,#91,#92,#93,#94,#95,#96,#97,#98,
#99,#100,#101,#102,#103,#104,#105,#106,#107,#108,#109,#110,#111,#112,#113,#114,
#115,#116,#117,#118,#119),.UNSPECIFIED.,.F.,.F.,(4,1,1,1,1,1,1,1,1,1,1,1,1,1,1,
1,1,1,1,1,1,1,1,1,1,1,1,1,4),(0.E0,7.8125E-3,1.5625E-2,3.125E-2,4.6875E-2,
6.25E-2,9.375E-2,1.25E-1,1.5625E-1,1.875E-1,2.5E-1,3.125E-1,3.75E-1,4.375E-1,
5.E-1,5.625E-1,6.25E-1,6.875E-1,7.5E-1,8.125E-1,8.4375E-1,8.75E-1,9.0625E-1,
9.375E-1,9.53125E-1,9.6875E-1,9.84375E-1,9.921875E-1,1.E0),.UNSPECIFIED.);
#164=B_SPLINE_CURVE_WITH_KNOTS('',3,(#133,#134,#135,#136,#137,#138,#139,#140,
#141,#142,#143,#144,#145,#146,#147,#148,#149,#150,#151,#152,#153,#154,#155,#156,
#157,#158,#159,#160,#161,#162,#163),.UNSPECIFIED.,.F.,.F.,(4,1,1,1,1,1,1,1,1,1,
1,1,1,1,1,1,1,1,1,1,1,1,1,1,1,1,1,1,4),(0.E0,7.8125E-3,1.5625E-2,3.125E-2,
4.6875E-2,6.25E-2,9.375E-2,1.25E-1,1.5625E-1,1.875E-1,2.5E-1,3.125E-1,3.75E-1,
4.375E-1,5.E-1,5.625E-1,6.25E-1,6.875E-1,7.5E-1,8.125E-1,8.4375E-1,8.75E-1,
9.0625E-1,9.375E-1,9.53125E-1,9.6875E-1,9.84375E-1,9.921875E-1,1.E0),
.UNSPECIFIED.);
#197=B_SPLINE_CURVE_WITH_KNOTS('',3,(#193,#194,#195,#196),.UNSPECIFIED.,.F.,.F.,
(4,4),(0.E0,1.E0),.UNSPECIFIED.);
#214=B_SPLINE_CURVE_WITH_KNOTS('',3,(#210,#211,#212,#213),.UNSPECIFIED.,.F.,.F.,
(4,4),(0.E0,1.E0),.UNSPECIFIED.);
#244=B_SPLINE_CURVE_WITH_KNOTS('',3,(#227,#228,#229,#230,#231,#232,#233,#234,
#235,#236,#237,#238,#239,#240,#241,#242,#243),.UNSPECIFIED.,.F.,.F.,(4,1,1,1,1,
1,1,1,1,1,1,1,1,1,4),(0.E0,7.142857142857E-2,1.428571428571E-1,
2.142857142857E-1,2.857142857143E-1,3.571428571429E-1,4.285714285714E-1,5.E-1,
5.714285714286E-1,6.428571428571E-1,7.142857142857E-1,7.857142857143E-1,
8.571428571429E-1,9.285714285714E-1,1.E0),.UNSPECIFIED.);
#261=B_SPLINE_CURVE_WITH_KNOTS('',3,(#245,#246,#247,#248,#249,#250,#251,#252,
#253,#254,#255,#256,#257,#258,#259,#260),.UNSPECIFIED.,.F.,.F.,(4,1,1,1,1,1,1,1,
1,1,1,1,1,4),(0.E0,7.692307692308E-2,1.538461538462E-1,2.307692307692E-1,
3.076923076923E-1,3.846153846154E-1,4.615384615385E-1,5.384615384615E-1,
6.153846153846E-1,6.923076923077E-1,7.692307692308E-1,8.461538461538E-1,
9.230769230769E-1,1.E0),.UNSPECIFIED.);
#275=B_SPLINE_CURVE_WITH_KNOTS('',3,(#262,#263,#264,#265,#266,#267,#268,#269,
#270,#271,#272,#273,#274),.UNSPECIFIED.,.F.,.F.,(4,1,1,1,1,1,1,1,1,1,4),(0.E0,
6.25E-2,1.25E-1,2.5E-1,3.75E-1,5.E-1,6.25E-1,7.5E-1,8.75E-1,9.375E-1,1.E0),
.UNSPECIFIED.);
#303=B_SPLINE_CURVE_WITH_KNOTS('',3,(#288,#289,#290,#291,#292,#293,#294,#295,
#296,#297,#298,#299,#300,#301,#302),.UNSPECIFIED.,.F.,.F.,(4,1,1,1,1,1,1,1,1,1,
1,1,4),(0.E0,1.25E-1,2.5E-1,3.125E-1,3.75E-1,4.375E-1,5.E-1,5.625E-1,6.25E-1,
6.875E-1,7.5E-1,8.75E-1,1.E0),.UNSPECIFIED.);
#329=B_SPLINE_CURVE_WITH_KNOTS('',3,(#316,#317,#318,#319,#320,#321,#322,#323,
#324,#325,#326,#327,#328),.UNSPECIFIED.,.F.,.F.,(4,1,1,1,1,1,1,1,1,1,4),(0.E0,
6.25E-2,1.25E-1,2.5E-1,3.75E-1,5.E-1,6.25E-1,7.5E-1,8.75E-1,9.375E-1,1.E0),
.UNSPECIFIED.);
#357=B_SPLINE_CURVE_WITH_KNOTS('',3,(#342,#343,#344,#345,#346,#347,#348,#349,
#350,#351,#352,#353,#354,#355,#356),.UNSPECIFIED.,.F.,.F.,(4,1,1,1,1,1,1,1,1,1,
1,1,4),(0.E0,1.25E-1,2.5E-1,3.125E-1,3.75E-1,4.375E-1,5.E-1,5.625E-1,6.25E-1,
6.875E-1,7.5E-1,8.75E-1,1.E0),.UNSPECIFIED.);
#422=CIRCLE('',#421,7.E0);
#427=CIRCLE('',#426,2.7E0);
#445=B_SPLINE_CURVE_WITH_KNOTS('',3,(#432,#433,#434,#435,#436,#437,#438,#439,
#440,#441,#442,#443,#444),.UNSPECIFIED.,.F.,.F.,(4,1,1,1,1,1,1,1,1,1,4),(0.E0,
1.25E-1,2.5E-1,3.75E-1,4.375E-1,5.E-1,5.625E-1,6.25E-1,7.5E-1,8.75E-1,1.E0),
.UNSPECIFIED.);
#454=CIRCLE('',#453,2.7E0);
#459=CIRCLE('',#458,4.E0);
#464=CIRCLE('',#463,4.E0);
#469=CIRCLE('',#468,3.E0);
#474=CIRCLE('',#473,3.E0);
#479=CIRCLE('',#478,3.E0);
#484=CIRCLE('',#483,3.E0);
#489=CIRCLE('',#488,1.75E0);
#494=CIRCLE('',#493,1.75E0);
#499=CIRCLE('',#498,1.75E0);
#504=CIRCLE('',#503,1.75E0);
#509=CIRCLE('',#508,7.E0);
#527=B_SPLINE_CURVE_WITH_KNOTS('',3,(#514,#515,#516,#517,#518,#519,#520,#521,
#522,#523,#524,#525,#526),.UNSPECIFIED.,.F.,.F.,(4,1,1,1,1,1,1,1,1,1,4),(0.E0,
1.25E-1,2.5E-1,3.75E-1,4.375E-1,5.E-1,5.625E-1,6.25E-1,7.5E-1,8.75E-1,1.E0),
.UNSPECIFIED.);
#536=CIRCLE('',#535,4.E0);
#541=CIRCLE('',#540,4.E0);
#554=CIRCLE('',#553,1.75E0);
#559=CIRCLE('',#558,1.75E0);
#564=CIRCLE('',#563,3.E0);
#573=CIRCLE('',#572,3.E0);
#582=CIRCLE('',#581,3.E0);
#591=CIRCLE('',#590,3.E0);
#600=CIRCLE('',#599,1.75E0);
#605=CIRCLE('',#604,1.75E0);
#614=CIRCLE('',#613,1.75E0);
#619=CIRCLE('',#618,1.75E0);
#624=CIRCLE('',#623,1.75E0);
#629=CIRCLE('',#628,1.75E0);
#643=B_SPLINE_CURVE_WITH_KNOTS('',3,(#630,#631,#632,#633,#634,#635,#636,#637,
#638,#639,#640,#641,#642),.UNSPECIFIED.,.F.,.F.,(4,1,1,1,1,1,1,1,1,1,4),(0.E0,
1.25E-1,2.5E-1,3.75E-1,4.375E-1,5.E-1,5.625E-1,6.25E-1,7.5E-1,8.75E-1,1.E0),
.UNSPECIFIED.);
#652=CIRCLE('',#651,8.7E0);
#661=CIRCLE('',#660,4.E0);
#666=CIRCLE('',#665,4.E0);
#683=CIRCLE('',#682,1.75E0);
#688=CIRCLE('',#687,1.75E0);
#693=CIRCLE('',#692,3.E0);
#702=CIRCLE('',#701,3.E0);
#711=CIRCLE('',#710,1.75E0);
#716=CIRCLE('',#715,1.75E0);
#729=CIRCLE('',#728,3.E0);
#738=CIRCLE('',#737,3.E0);
#747=CIRCLE('',#746,2.7E0);
#765=B_SPLINE_CURVE_WITH_KNOTS('',3,(#752,#753,#754,#755,#756,#757,#758,#759,
#760,#761,#762,#763,#764),.UNSPECIFIED.,.F.,.F.,(4,1,1,1,1,1,1,1,1,1,4),(0.E0,
1.25E-1,2.5E-1,3.75E-1,4.375E-1,5.E-1,5.625E-1,6.25E-1,7.5E-1,8.75E-1,1.E0),
.UNSPECIFIED.);
#774=CIRCLE('',#773,2.7E0);
#779=CIRCLE('',#778,8.7E0);
#784=CIRCLE('',#783,4.E0);
#789=CIRCLE('',#788,4.E0);
#794=CIRCLE('',#793,3.E0);
#799=CIRCLE('',#798,3.E0);
#804=CIRCLE('',#803,3.E0);
#809=CIRCLE('',#808,3.E0);
#824=B_SPLINE_CURVE_WITH_KNOTS('',3,(#818,#819,#820,#821,#822,#823),
.UNSPECIFIED.,.F.,.F.,(4,1,1,4),(0.E0,3.333333333333E-1,6.666666666667E-1,1.E0),
.UNSPECIFIED.);
#839=B_SPLINE_CURVE_WITH_KNOTS('',3,(#833,#834,#835,#836,#837,#838),
.UNSPECIFIED.,.F.,.F.,(4,1,1,4),(0.E0,3.333333333333E-1,6.666666666667E-1,1.E0),
.UNSPECIFIED.);
#848=B_SPLINE_CURVE_WITH_KNOTS('',3,(#844,#845,#846,#847),.UNSPECIFIED.,.F.,.F.,
(4,4),(0.E0,1.E0),.UNSPECIFIED.);
#853=B_SPLINE_CURVE_WITH_KNOTS('',3,(#849,#850,#851,#852),.UNSPECIFIED.,.F.,.F.,
(4,4),(0.E0,1.E0),.UNSPECIFIED.);
#875=B_SPLINE_CURVE_WITH_KNOTS('',3,(#858,#859,#860,#861,#862,#863,#864,#865,
#866,#867,#868,#869,#870,#871,#872,#873,#874),.UNSPECIFIED.,.F.,.F.,(4,1,1,1,1,
1,1,1,1,1,1,1,1,1,4),(0.E0,7.142857142857E-2,1.428571428571E-1,
2.142857142857E-1,2.857142857143E-1,3.571428571429E-1,4.285714285714E-1,5.E-1,
5.714285714286E-1,6.428571428571E-1,7.142857142857E-1,7.857142857143E-1,
8.571428571429E-1,9.285714285714E-1,1.E0),.UNSPECIFIED.);
#892=B_SPLINE_CURVE_WITH_KNOTS('',3,(#876,#877,#878,#879,#880,#881,#882,#883,
#884,#885,#886,#887,#888,#889,#890,#891),.UNSPECIFIED.,.F.,.F.,(4,1,1,1,1,1,1,1,
1,1,1,1,1,4),(0.E0,7.692307692308E-2,1.538461538462E-1,2.307692307692E-1,
3.076923076923E-1,3.846153846154E-1,4.615384615385E-1,5.384615384615E-1,
6.153846153846E-1,6.923076923077E-1,7.692307692308E-1,8.461538461538E-1,
9.230769230769E-1,1.E0),.UNSPECIFIED.);
#897=B_SPLINE_CURVE_WITH_KNOTS('',3,(#893,#894,#895,#896),.UNSPECIFIED.,.F.,.F.,
(4,4),(0.E0,1.E0),.UNSPECIFIED.);
#914=B_SPLINE_CURVE_WITH_KNOTS('',3,(#910,#911,#912,#913),.UNSPECIFIED.,.F.,.F.,
(4,4),(0.E0,1.E0),.UNSPECIFIED.);
#947=B_SPLINE_CURVE_WITH_KNOTS('',3,(#943,#944,#945,#946),.UNSPECIFIED.,.F.,.F.,
(4,4),(0.E0,1.E0),.UNSPECIFIED.);
#952=B_SPLINE_CURVE_WITH_KNOTS('',3,(#948,#949,#950,#951),.UNSPECIFIED.,.F.,.F.,
(4,4),(0.E0,1.E0),.UNSPECIFIED.);
#959=B_SPLINE_CURVE_WITH_KNOTS('',3,(#953,#954,#955,#956,#957,#958),
.UNSPECIFIED.,.F.,.F.,(4,1,1,4),(0.E0,3.333333333333E-1,6.666666666667E-1,1.E0),
.UNSPECIFIED.);
#970=B_SPLINE_CURVE_WITH_KNOTS('',3,(#964,#965,#966,#967,#968,#969),
.UNSPECIFIED.,.F.,.F.,(4,1,1,4),(0.E0,3.333333333333E-1,6.666666666667E-1,1.E0),
.UNSPECIFIED.);
#1003=CIRCLE('',#1002,2.E0);
#1008=CIRCLE('',#1007,2.E0);
#1021=CIRCLE('',#1020,2.E0);
#1026=CIRCLE('',#1025,2.E0);
#1039=CIRCLE('',#1038,2.E0);
#1044=CIRCLE('',#1043,2.E0);
#1057=CIRCLE('',#1056,2.E0);
#1062=CIRCLE('',#1061,2.E0);
#1368=EDGE_CURVE('',#1205,#1206,#32,.T.);
#1370=EDGE_CURVE('',#1136,#1206,#36,.T.);
#1372=EDGE_CURVE('',#1153,#1136,#40,.T.);
#1374=EDGE_CURVE('',#1153,#1340,#44,.T.);
#1376=EDGE_CURVE('',#1342,#1340,#76,.T.);
#1378=EDGE_CURVE('',#1342,#1154,#80,.T.);
#1380=EDGE_CURVE('',#1138,#1154,#84,.T.);
#1382=EDGE_CURVE('',#1138,#1198,#88,.T.);
#1384=EDGE_CURVE('',#1197,#1198,#120,.T.);
#1386=EDGE_CURVE('',#1197,#1204,#124,.T.);
#1388=EDGE_CURVE('',#1204,#1164,#128,.T.);
#1390=EDGE_CURVE('',#1346,#1164,#132,.T.);
#1392=EDGE_CURVE('',#1346,#1344,#164,.T.);
#1394=EDGE_CURVE('',#1163,#1344,#168,.T.);
#1396=EDGE_CURVE('',#1163,#1202,#172,.T.);
#1398=EDGE_CURVE('',#1205,#1202,#176,.T.);
#1402=EDGE_CURVE('',#1222,#1242,#180,.T.);
#1404=EDGE_CURVE('',#1226,#1222,#1062,.T.);
#1406=EDGE_CURVE('',#1214,#1226,#184,.T.);
#1408=EDGE_CURVE('',#1218,#1214,#1008,.T.);
#1410=EDGE_CURVE('',#1230,#1218,#188,.T.);
#1412=EDGE_CURVE('',#1234,#1230,#1026,.T.);
#1414=EDGE_CURVE('',#1238,#1234,#192,.T.);
#1416=EDGE_CURVE('',#1242,#1238,#1044,.T.);
#1425=ELLIPSE('',#1424,5.E1,6.E0);
#1430=EDGE_CURVE('',#1205,#1210,#214,.T.);
#1432=EDGE_CURVE('',#1207,#1210,#261,.T.);
#1434=EDGE_CURVE('',#1207,#1208,#275,.T.);
#1436=EDGE_CURVE('',#1209,#1208,#244,.T.);
#1438=EDGE_CURVE('',#1209,#1206,#197,.T.);
#1449=EDGE_CURVE('',#1209,#1182,#201,.T.);
#1451=EDGE_CURVE('',#1182,#1132,#205,.T.);
#1453=EDGE_CURVE('',#1132,#1130,#209,.T.);
#1455=EDGE_CURVE('',#1136,#1130,#647,.T.);
#1468=EDGE_CURVE('',#1202,#1190,#513,.T.);
#1470=EDGE_CURVE('',#1190,#1188,#218,.T.);
#1472=EDGE_CURVE('',#1188,#1179,#222,.T.);
#1474=EDGE_CURVE('',#1179,#1210,#226,.T.);
#1485=EDGE_CURVE('',#1208,#1184,#369,.T.);
#1487=EDGE_CURVE('',#1184,#1182,#747,.T.);
#1500=EDGE_CURVE('',#1179,#1180,#454,.T.);
#1502=EDGE_CURVE('',#1180,#1207,#279,.T.);
#1514=EDGE_CURVE('',#1148,#1180,#283,.T.);
#1516=EDGE_CURVE('',#1148,#1146,#287,.T.);
#1518=EDGE_CURVE('',#1145,#1146,#303,.T.);
#1520=EDGE_CURVE('',#1150,#1145,#307,.T.);
#1522=EDGE_CURVE('',#1176,#1150,#311,.T.);
#1524=EDGE_CURVE('',#1195,#1176,#315,.T.);
#1526=EDGE_CURVE('',#1195,#1196,#329,.T.);
#1528=EDGE_CURVE('',#1174,#1196,#333,.T.);
#1530=EDGE_CURVE('',#1144,#1174,#337,.T.);
#1532=EDGE_CURVE('',#1144,#1139,#341,.T.);
#1534=EDGE_CURVE('',#1139,#1140,#357,.T.);
#1536=EDGE_CURVE('',#1142,#1140,#361,.T.);
#1538=EDGE_CURVE('',#1184,#1142,#365,.T.);
#1543=EDGE_CURVE('',#1213,#1225,#373,.T.);
#1545=EDGE_CURVE('',#1221,#1225,#1057,.T.);
#1547=EDGE_CURVE('',#1221,#1241,#377,.T.);
#1549=EDGE_CURVE('',#1237,#1241,#1039,.T.);
#1551=EDGE_CURVE('',#1237,#1233,#381,.T.);
#1553=EDGE_CURVE('',#1229,#1233,#1021,.T.);
#1555=EDGE_CURVE('',#1229,#1217,#385,.T.);
#1557=EDGE_CURVE('',#1213,#1217,#1003,.T.);
#1561=EDGE_CURVE('',#1333,#1334,#389,.T.);
#1563=EDGE_CURVE('',#1333,#1337,#393,.T.);
#1565=EDGE_CURVE('',#1337,#1338,#397,.T.);
#1567=EDGE_CURVE('',#1338,#1334,#401,.T.);
#1571=EDGE_CURVE('',#1362,#1358,#405,.T.);
#1573=EDGE_CURVE('',#1356,#1362,#409,.T.);
#1575=EDGE_CURVE('',#1360,#1356,#413,.T.);
#1577=EDGE_CURVE('',#1358,#1360,#417,.T.);
#1587=EDGE_CURVE('',#1187,#1188,#422,.T.);
#1589=EDGE_CURVE('',#1194,#1187,#905,.T.);
#1591=EDGE_CURVE('',#1176,#1194,#427,.T.);
#1594=EDGE_CURVE('',#1150,#1162,#431,.T.);
#1596=EDGE_CURVE('',#1161,#1162,#445,.T.);
#1598=EDGE_CURVE('',#1148,#1161,#449,.T.);
#1605=EDGE_CURVE('',#1249,#1250,#459,.T.);
#1607=EDGE_CURVE('',#1250,#1249,#464,.T.);
#1611=EDGE_CURVE('',#1265,#1266,#469,.T.);
#1613=EDGE_CURVE('',#1266,#1265,#474,.T.);
#1617=EDGE_CURVE('',#1273,#1274,#479,.T.);
#1619=EDGE_CURVE('',#1274,#1273,#484,.T.);
#1631=EDGE_CURVE('',#1190,#1192,#509,.T.);
#1633=EDGE_CURVE('',#1192,#1187,#909,.T.);
#1646=EDGE_CURVE('',#1163,#1164,#527,.T.);
#1649=EDGE_CURVE('',#1192,#1204,#531,.T.);
#1653=EDGE_CURVE('',#1277,#1278,#499,.T.);
#1655=EDGE_CURVE('',#1278,#1277,#504,.T.);
#1659=EDGE_CURVE('',#1301,#1302,#489,.T.);
#1661=EDGE_CURVE('',#1302,#1301,#494,.T.);
#1665=EDGE_CURVE('',#1257,#1258,#536,.T.);
#1667=EDGE_CURVE('',#1258,#1257,#541,.T.);
#1678=EDGE_CURVE('',#1301,#1305,#545,.T.);
#1680=EDGE_CURVE('',#1305,#1306,#554,.T.);
#1682=EDGE_CURVE('',#1302,#1306,#549,.T.);
#1694=EDGE_CURVE('',#1306,#1305,#559,.T.);
#1705=EDGE_CURVE('',#1317,#1318,#564,.T.);
#1707=EDGE_CURVE('',#1318,#1317,#582,.T.);
#1722=EDGE_CURVE('',#1266,#1318,#586,.T.);
#1725=EDGE_CURVE('',#1265,#1317,#568,.T.);
#1735=EDGE_CURVE('',#1321,#1322,#573,.T.);
#1737=EDGE_CURVE('',#1321,#1261,#577,.T.);
#1739=EDGE_CURVE('',#1261,#1262,#794,.T.);
#1741=EDGE_CURVE('',#1322,#1262,#595,.T.);
#1763=EDGE_CURVE('',#1322,#1321,#591,.T.);
#1766=EDGE_CURVE('',#1262,#1261,#799,.T.);
#1781=EDGE_CURVE('',#1313,#1314,#600,.T.);
#1783=EDGE_CURVE('',#1314,#1313,#605,.T.);
#1793=EDGE_CURVE('',#1309,#1310,#614,.T.);
#1795=EDGE_CURVE('',#1310,#1314,#670,.T.);
#1798=EDGE_CURVE('',#1309,#1313,#609,.T.);
#1808=EDGE_CURVE('',#1153,#1154,#643,.T.);
#1812=EDGE_CURVE('',#1129,#1130,#652,.T.);
#1814=EDGE_CURVE('',#1129,#1138,#656,.T.);
#1819=EDGE_CURVE('',#1289,#1290,#624,.T.);
#1821=EDGE_CURVE('',#1290,#1289,#629,.T.);
#1826=EDGE_CURVE('',#1310,#1309,#619,.T.);
#1830=EDGE_CURVE('',#1253,#1254,#661,.T.);
#1832=EDGE_CURVE('',#1254,#1253,#666,.T.);
#1855=EDGE_CURVE('',#1289,#1293,#674,.T.);
#1857=EDGE_CURVE('',#1293,#1294,#683,.T.);
#1859=EDGE_CURVE('',#1290,#1294,#678,.T.);
#1871=EDGE_CURVE('',#1294,#1293,#688,.T.);
#1882=EDGE_CURVE('',#1297,#1298,#702,.T.);
#1884=EDGE_CURVE('',#1298,#1297,#738,.T.);
#1898=EDGE_CURVE('',#1285,#1286,#693,.T.);
#1900=EDGE_CURVE('',#1273,#1285,#697,.T.);
#1903=EDGE_CURVE('',#1274,#1286,#733,.T.);
#1914=EDGE_CURVE('',#1298,#1270,#742,.T.);
#1916=EDGE_CURVE('',#1269,#1270,#804,.T.);
#1918=EDGE_CURVE('',#1297,#1269,#706,.T.);
#1929=EDGE_CURVE('',#1286,#1285,#729,.T.);
#1933=EDGE_CURVE('',#1281,#1282,#711,.T.);
#1935=EDGE_CURVE('',#1282,#1281,#716,.T.);
#1946=EDGE_CURVE('',#1278,#1282,#724,.T.);
#1949=EDGE_CURVE('',#1277,#1281,#720,.T.);
#1985=EDGE_CURVE('',#1270,#1269,#809,.T.);
#1999=EDGE_CURVE('',#1142,#1151,#751,.T.);
#2001=EDGE_CURVE('',#1151,#1152,#765,.T.);
#2003=EDGE_CURVE('',#1144,#1152,#769,.T.);
#2006=EDGE_CURVE('',#1173,#1174,#774,.T.);
#2008=EDGE_CURVE('',#1134,#1173,#922,.T.);
#2010=EDGE_CURVE('',#1132,#1134,#779,.T.);
#2014=EDGE_CURVE('',#1245,#1246,#784,.T.);
#2016=EDGE_CURVE('',#1246,#1245,#789,.T.);
#2034=EDGE_CURVE('',#1158,#1151,#813,.T.);
#2038=EDGE_CURVE('',#1140,#1158,#817,.T.);
#2047=ELLIPSE('',#2046,9.85E0,4.E0);
#2052=EDGE_CURVE('',#1158,#1160,#839,.T.);
#2054=EDGE_CURVE('',#1160,#1153,#848,.T.);
#2057=EDGE_CURVE('',#1154,#1159,#853,.T.);
#2059=EDGE_CURVE('',#1159,#1156,#824,.T.);
#2061=EDGE_CURVE('',#1156,#1152,#857,.T.);
#2071=ELLIPSE('',#2070,9.E0,9.85E0);
#2076=EDGE_CURVE('',#1342,#1159,#828,.T.);
#2079=EDGE_CURVE('',#1340,#1160,#832,.T.);
#2084=EDGE_CURVE('',#1139,#1156,#843,.T.);
#2128=EDGE_CURVE('',#1199,#1195,#875,.T.);
#2132=EDGE_CURVE('',#1199,#1194,#901,.T.);
#2142=EDGE_CURVE('',#1196,#1200,#892,.T.);
#2144=EDGE_CURVE('',#1173,#1200,#926,.T.);
#2155=ELLIPSE('',#2154,5.E1,6.E0);
#2161=EDGE_CURVE('',#1199,#1197,#897,.T.);
#2164=EDGE_CURVE('',#1198,#1200,#914,.T.);
#2192=EDGE_CURVE('',#1134,#1129,#918,.T.);
#2217=EDGE_CURVE('',#1254,#1246,#938,.T.);
#2220=EDGE_CURVE('',#1253,#1245,#930,.T.);
#2231=EDGE_CURVE('',#1249,#1257,#934,.T.);
#2234=EDGE_CURVE('',#1250,#1258,#942,.T.);
#2267=ELLIPSE('',#2266,9.85E0,4.E0);
#2272=EDGE_CURVE('',#1170,#1163,#947,.T.);
#2274=EDGE_CURVE('',#1170,#1168,#970,.T.);
#2276=EDGE_CURVE('',#1161,#1168,#986,.T.);
#2279=EDGE_CURVE('',#1162,#1166,#982,.T.);
#2281=EDGE_CURVE('',#1166,#1169,#959,.T.);
#2283=EDGE_CURVE('',#1164,#1169,#952,.T.);
#2294=EDGE_CURVE('',#1170,#1344,#974,.T.);
#2307=EDGE_CURVE('',#1169,#1346,#978,.T.);
#2316=ELLIPSE('',#2315,9.E0,9.85E0);
#2321=EDGE_CURVE('',#1145,#1166,#963,.T.);
#2324=EDGE_CURVE('',#1146,#1168,#990,.T.);
#2362=EDGE_CURVE('',#1213,#1214,#994,.T.);
#2365=EDGE_CURVE('',#1225,#1226,#998,.T.);
#2378=EDGE_CURVE('',#1217,#1218,#1012,.T.);
#2391=EDGE_CURVE('',#1229,#1230,#1016,.T.);
#2404=EDGE_CURVE('',#1233,#1234,#1030,.T.);
#2417=EDGE_CURVE('',#1237,#1238,#1034,.T.);
#2430=EDGE_CURVE('',#1241,#1242,#1052,.T.);
#2441=EDGE_CURVE('',#1221,#1222,#1048,.T.);
#2467=EDGE_CURVE('',#1334,#1325,#1066,.T.);
#2469=EDGE_CURVE('',#1325,#1326,#1082,.T.);
#2471=EDGE_CURVE('',#1333,#1326,#1078,.T.);
#2482=EDGE_CURVE('',#1338,#1330,#1070,.T.);
#2484=EDGE_CURVE('',#1330,#1325,#1086,.T.);
#2496=EDGE_CURVE('',#1337,#1328,#1074,.T.);
#2498=EDGE_CURVE('',#1328,#1330,#1090,.T.);
#2511=EDGE_CURVE('',#1326,#1328,#1094,.T.);
#2534=EDGE_CURVE('',#1358,#1350,#1102,.T.);
#2536=EDGE_CURVE('',#1349,#1350,#1114,.T.);
#2538=EDGE_CURVE('',#1362,#1349,#1098,.T.);
#2551=EDGE_CURVE('',#1360,#1352,#1106,.T.);
#2553=EDGE_CURVE('',#1350,#1352,#1118,.T.);
#2563=EDGE_CURVE('',#1356,#1354,#1110,.T.);
#2565=EDGE_CURVE('',#1352,#1354,#1122,.T.);
#2580=EDGE_CURVE('',#1354,#1349,#1126,.T.);
#2597=CLOSED_SHELL('',(#1420,#1442,#1460,#1478,#1492,#1506,#1581,#1623,#1637,
#1671,#1686,#1699,#1715,#1729,#1745,#1757,#1771,#1787,#1802,#1836,#1848,#1863,
#1876,#1892,#1907,#1922,#1939,#1953,#1965,#1977,#1990,#2028,#2042,#2066,#2088,
#2099,#2110,#2122,#2136,#2150,#2169,#2183,#2198,#2210,#2224,#2238,#2250,#2262,
#2287,#2299,#2311,#2332,#2344,#2356,#2370,#2383,#2396,#2409,#2422,#2435,#2448,
#2460,#2475,#2489,#2503,#2516,#2528,#2543,#2557,#2571,#2584,#2596));
#2598=MANIFOLD_SOLID_BREP('',#2597);
#2599=(LENGTH_UNIT()NAMED_UNIT(*)SI_UNIT(.MILLI.,.METRE.));
#2601=(NAMED_UNIT(*)PLANE_ANGLE_UNIT()SI_UNIT($,.RADIAN.));
#2604=(NAMED_UNIT(*)SI_UNIT($,.STERADIAN.)SOLID_ANGLE_UNIT());
#2607=ADVANCED_BREP_SHAPE_REPRESENTATION('',(#2598),#2606);
#2614=PRODUCT_DEFINITION('design','',#2613,#2610);
#2615=PRODUCT_DEFINITION_SHAPE('','SHAPE FOR V1.',#2614);
#2616=SHAPE_DEFINITION_REPRESENTATION(#2615,#2607);
ENDSEC;
END-ISO-10303-21;
