ISO-10303-21;
HEADER;
FILE_DESCRIPTION((''),'2;1');
FILE_NAME('V1','2026-07-09T12:46:11',('13763'),(''),
'CREO PARAMETRIC BY PTC INC, 2025102','CREO PARAMETRIC BY PTC INC, 2025102','');
FILE_SCHEMA(('CONFIG_CONTROL_DESIGN'));
ENDSEC;
DATA;
#1=DIRECTION('',(0.E0,1.E0,0.E0));
#2=VECTOR('',#1,5.6E1);
#3=CARTESIAN_POINT('',(0.E0,-2.8E1,-3.E0));
#4=LINE('',#3,#2);
#5=DIRECTION('',(0.E0,0.E0,-1.E0));
#6=VECTOR('',#5,2.E0);
#7=CARTESIAN_POINT('',(0.E0,-3.E1,1.E0));
#8=LINE('',#7,#6);
#9=DIRECTION('',(0.E0,-1.E0,0.E0));
#10=VECTOR('',#9,5.6E1);
#11=CARTESIAN_POINT('',(0.E0,2.8E1,3.E0));
#12=LINE('',#11,#10);
#13=DIRECTION('',(0.E0,0.E0,1.E0));
#14=VECTOR('',#13,2.E0);
#15=CARTESIAN_POINT('',(0.E0,3.E1,-1.E0));
#16=LINE('',#15,#14);
#17=DIRECTION('',(0.E0,1.E0,0.E0));
#18=VECTOR('',#17,5.6E1);
#19=CARTESIAN_POINT('',(0.E0,-2.8E1,-9.E0));
#20=LINE('',#19,#18);
#21=DIRECTION('',(0.E0,0.E0,-1.E0));
#22=VECTOR('',#21,1.E0);
#23=CARTESIAN_POINT('',(0.E0,3.E1,-1.1E1));
#24=LINE('',#23,#22);
#25=DIRECTION('',(0.E0,-1.E0,0.E0));
#26=VECTOR('',#25,5.6E1);
#27=CARTESIAN_POINT('',(0.E0,2.8E1,-1.4E1));
#28=LINE('',#27,#26);
#29=DIRECTION('',(0.E0,0.E0,1.E0));
#30=VECTOR('',#29,1.E0);
#31=CARTESIAN_POINT('',(0.E0,-3.E1,-1.2E1));
#32=LINE('',#31,#30);
#33=DIRECTION('',(0.E0,0.E0,1.E0));
#34=VECTOR('',#33,1.002346502210E1);
#35=CARTESIAN_POINT('',(0.E0,-5.2E1,7.776534977895E0));
#36=LINE('',#35,#34);
#37=DIRECTION('',(0.E0,1.E0,0.E0));
#38=VECTOR('',#37,4.E0);
#39=CARTESIAN_POINT('',(0.E0,-5.2E1,1.78E1));
#40=LINE('',#39,#38);
#41=DIRECTION('',(0.E0,0.E0,-1.E0));
#42=VECTOR('',#41,2.E1);
#43=CARTESIAN_POINT('',(0.E0,-4.8E1,1.78E1));
#44=LINE('',#43,#42);
#45=DIRECTION('',(0.E0,-1.E0,0.E0));
#46=VECTOR('',#45,7.511577928680E-1);
#47=CARTESIAN_POINT('',(0.E0,-4.8E1,-2.2E0));
#48=LINE('',#47,#46);
#49=CARTESIAN_POINT('',(0.E0,-4.875115779287E1,-2.2E0));
#50=CARTESIAN_POINT('',(0.E0,-4.896544709558E1,-3.223518679204E0));
#51=CARTESIAN_POINT('',(0.E0,-4.964265505028E1,-5.016767290621E0));
#52=CARTESIAN_POINT('',(0.E0,-5.118624350637E1,-7.167911601817E0));
#53=CARTESIAN_POINT('',(0.E0,-5.322920717910E1,-8.809317980301E0));
#54=CARTESIAN_POINT('',(0.E0,-5.497229650233E1,-9.514566732685E0));
#55=CARTESIAN_POINT('',(0.E0,-5.6E1,-9.707791764233E0));
#57=DIRECTION('',(0.E0,0.E0,-1.E0));
#58=VECTOR('',#57,1.329895262833E1);
#59=CARTESIAN_POINT('',(0.E0,-5.6E1,-9.707791764233E0));
#60=LINE('',#59,#58);
#61=CARTESIAN_POINT('',(0.E0,-4.999980589837E1,-2.300674439256E1));
#62=CARTESIAN_POINT('',(0.E0,-4.999878864972E1,-2.296293547511E1));
#63=CARTESIAN_POINT('',(0.E0,-4.999675415241E1,-2.296001563941E1));
#64=CARTESIAN_POINT('',(0.E0,-4.999268515779E1,-2.291482781592E1));
#65=CARTESIAN_POINT('',(0.E0,-4.998759891451E1,-2.289002591516E1));
#66=CARTESIAN_POINT('',(0.E0,-4.998149542258E1,-2.285914161751E1));
#67=CARTESIAN_POINT('',(0.E0,-4.997335743334E1,-2.282675030449E1));
#68=CARTESIAN_POINT('',(0.E0,-4.996318494679E1,-2.279217622787E1));
#69=CARTESIAN_POINT('',(0.E0,-4.995097796292E1,-2.275717926326E1));
#70=CARTESIAN_POINT('',(0.E0,-4.993877097906E1,-2.272612813334E1));
#71=CARTESIAN_POINT('',(0.E0,-4.992249500058E1,-2.268865960451E1));
#72=CARTESIAN_POINT('',(0.E0,-4.990215002748E1,-2.264732245345E1));
#73=CARTESIAN_POINT('',(0.E0,-4.987773605975E1,-2.260343166424E1));
#74=CARTESIAN_POINT('',(0.E0,-4.984518410279E1,-2.255045148834E1));
#75=CARTESIAN_POINT('',(0.E0,-4.980449415658E1,-2.249203888195E1));
#76=CARTESIAN_POINT('',(0.E0,-4.975566622113E1,-2.243004584445E1));
#77=CARTESIAN_POINT('',(0.E0,-4.970683828569E1,-2.237393581208E1));
#78=CARTESIAN_POINT('',(0.E0,-4.965801035024E1,-2.232230879741E1));
#79=CARTESIAN_POINT('',(0.E0,-4.959290643631E1,-2.225824435446E1));
#80=CARTESIAN_POINT('',(0.E0,-4.951152654390E1,-2.218543666483E1));
#81=CARTESIAN_POINT('',(0.E0,-4.941387067300E1,-2.210638667412E1));
#82=CARTESIAN_POINT('',(0.E0,-4.931621480211E1,-2.203371775220E1));
#83=CARTESIAN_POINT('',(0.E0,-4.918600697425E1,-2.194360832128E1));
#84=CARTESIAN_POINT('',(0.E0,-4.902324718942E1,-2.184132344776E1));
#85=CARTESIAN_POINT('',(0.E0,-4.882793544763E1,-2.173043709134E1));
#86=CARTESIAN_POINT('',(0.E0,-4.863262370584E1,-2.162866116275E1));
#87=CARTESIAN_POINT('',(0.E0,-4.843731196405E1,-2.153414476174E1));
#88=CARTESIAN_POINT('',(0.E0,-4.824200022226E1,-2.144559728195E1));
#89=CARTESIAN_POINT('',(0.E0,-4.798158456654E1,-2.133423869789E1));
#90=CARTESIAN_POINT('',(0.E0,-4.765606499689E1,-2.120575034787E1));
#91=CARTESIAN_POINT('',(0.E0,-4.726544151331E1,-2.106465391509E1));
#92=CARTESIAN_POINT('',(0.E0,-4.687481802972E1,-2.093405104471E1));
#93=CARTESIAN_POINT('',(0.E0,-4.648419454614E1,-2.081209603821E1));
#94=CARTESIAN_POINT('',(0.E0,-4.609357106256E1,-2.069744166011E1));
#95=CARTESIAN_POINT('',(0.E0,-4.570294757898E1,-2.058906136661E1));
#96=CARTESIAN_POINT('',(0.E0,-4.518211626754E1,-2.045186103938E1));
#97=CARTESIAN_POINT('',(0.E0,-4.453107712824E1,-2.029241255469E1));
#98=CARTESIAN_POINT('',(0.E0,-4.374983016108E1,-2.011654595208E1));
#99=CARTESIAN_POINT('',(0.E0,-4.296858319391E1,-1.995353448306E1));
#100=CARTESIAN_POINT('',(0.E0,-4.218733622675E1,-1.980143949872E1));
#101=CARTESIAN_POINT('',(0.E0,-4.140608925959E1,-1.965878953349E1));
#102=CARTESIAN_POINT('',(0.E0,-4.036442663671E1,-1.947966122512E1));
#103=CARTESIAN_POINT('',(0.E0,-3.906234835810E1,-1.927414078070E1));
#104=CARTESIAN_POINT('',(0.E0,-3.749985442378E1,-1.905145443278E1));
#105=CARTESIAN_POINT('',(0.E0,-3.593736048946E1,-1.884893775761E1));
#106=CARTESIAN_POINT('',(0.E0,-3.437486655513E1,-1.866379772060E1));
#107=CARTESIAN_POINT('',(0.E0,-3.281237262081E1,-1.849391972878E1));
#108=CARTESIAN_POINT('',(0.E0,-3.124987868648E1,-1.833765346407E1));
#109=CARTESIAN_POINT('',(0.E0,-2.968738475216E1,-1.819368240722E1));
#110=CARTESIAN_POINT('',(0.E0,-2.760405950639E1,-1.801670308875E1));
#111=CARTESIAN_POINT('',(0.E0,-2.499990294919E1,-1.782131313031E1));
#112=CARTESIAN_POINT('',(0.E0,-2.187491508054E1,-1.762278843630E1));
#113=CARTESIAN_POINT('',(0.E0,-1.874992721189E1,-1.745641751195E1));
#114=CARTESIAN_POINT('',(0.E0,-1.562493934324E1,-1.731940404153E1));
#115=CARTESIAN_POINT('',(0.E0,-1.249995147459E1,-1.720968952647E1));
#116=CARTESIAN_POINT('',(0.E0,-9.374963605945E0,-1.712575563308E1));
#117=CARTESIAN_POINT('',(0.E0,-5.208313114414E0,-1.704679366137E1));
#118=CARTESIAN_POINT('',(0.E0,0.E0,-1.700790892503E1));
#119=CARTESIAN_POINT('',(0.E0,5.208313114414E0,-1.704679366137E1));
#120=CARTESIAN_POINT('',(0.E0,9.374963605945E0,-1.712575563308E1));
#121=CARTESIAN_POINT('',(0.E0,1.249995147459E1,-1.720968952647E1));
#122=CARTESIAN_POINT('',(0.E0,1.562493934324E1,-1.731940404153E1));
#123=CARTESIAN_POINT('',(0.E0,1.874992721189E1,-1.745641751195E1));
#124=CARTESIAN_POINT('',(0.E0,2.187491508054E1,-1.762278843630E1));
#125=CARTESIAN_POINT('',(0.E0,2.499990294919E1,-1.782131313031E1));
#126=CARTESIAN_POINT('',(0.E0,2.760405950639E1,-1.801670308875E1));
#127=CARTESIAN_POINT('',(0.E0,2.968738475216E1,-1.819368240722E1));
#128=CARTESIAN_POINT('',(0.E0,3.124987868648E1,-1.833765346407E1));
#129=CARTESIAN_POINT('',(0.E0,3.281237262081E1,-1.849391972878E1));
#130=CARTESIAN_POINT('',(0.E0,3.437486655513E1,-1.866379772060E1));
#131=CARTESIAN_POINT('',(0.E0,3.593736048946E1,-1.884893775761E1));
#132=CARTESIAN_POINT('',(0.E0,3.749985442378E1,-1.905145443278E1));
#133=CARTESIAN_POINT('',(0.E0,3.906234835810E1,-1.927414078070E1));
#134=CARTESIAN_POINT('',(0.E0,4.036442663671E1,-1.947966122512E1));
#135=CARTESIAN_POINT('',(0.E0,4.140608925959E1,-1.965878953349E1));
#136=CARTESIAN_POINT('',(0.E0,4.218733622675E1,-1.980143949872E1));
#137=CARTESIAN_POINT('',(0.E0,4.296858319391E1,-1.995353448306E1));
#138=CARTESIAN_POINT('',(0.E0,4.374983016108E1,-2.011654595208E1));
#139=CARTESIAN_POINT('',(0.E0,4.453107712824E1,-2.029241255469E1));
#140=CARTESIAN_POINT('',(0.E0,4.518211626754E1,-2.045186103938E1));
#141=CARTESIAN_POINT('',(0.E0,4.570294757898E1,-2.058906136661E1));
#142=CARTESIAN_POINT('',(0.E0,4.609357106256E1,-2.069744166011E1));
#143=CARTESIAN_POINT('',(0.E0,4.648419454614E1,-2.081209603821E1));
#144=CARTESIAN_POINT('',(0.E0,4.687481802972E1,-2.093405104471E1));
#145=CARTESIAN_POINT('',(0.E0,4.726544151331E1,-2.106465391509E1));
#146=CARTESIAN_POINT('',(0.E0,4.765606499689E1,-2.120575034787E1));
#147=CARTESIAN_POINT('',(0.E0,4.798158456654E1,-2.133423869789E1));
#148=CARTESIAN_POINT('',(0.E0,4.824200022226E1,-2.144559728195E1));
#149=CARTESIAN_POINT('',(0.E0,4.843731196405E1,-2.153414476174E1));
#150=CARTESIAN_POINT('',(0.E0,4.863262370584E1,-2.162866116275E1));
#151=CARTESIAN_POINT('',(0.E0,4.882793544763E1,-2.173043709134E1));
#152=CARTESIAN_POINT('',(0.E0,4.902324718942E1,-2.184132344776E1));
#153=CARTESIAN_POINT('',(0.E0,4.918600697425E1,-2.194360832128E1));
#154=CARTESIAN_POINT('',(0.E0,4.931621480211E1,-2.203371775220E1));
#155=CARTESIAN_POINT('',(0.E0,4.941387067300E1,-2.210638667412E1));
#156=CARTESIAN_POINT('',(0.E0,4.951152654390E1,-2.218543666483E1));
#157=CARTESIAN_POINT('',(0.E0,4.959290643631E1,-2.225824435446E1));
#158=CARTESIAN_POINT('',(0.E0,4.965801035024E1,-2.232230879741E1));
#159=CARTESIAN_POINT('',(0.E0,4.970683828569E1,-2.237393581208E1));
#160=CARTESIAN_POINT('',(0.E0,4.975566622113E1,-2.243004584445E1));
#161=CARTESIAN_POINT('',(0.E0,4.980449415658E1,-2.249203888195E1));
#162=CARTESIAN_POINT('',(0.E0,4.984518410279E1,-2.255045148834E1));
#163=CARTESIAN_POINT('',(0.E0,4.987773605975E1,-2.260343166424E1));
#164=CARTESIAN_POINT('',(0.E0,4.990215002748E1,-2.264732245345E1));
#165=CARTESIAN_POINT('',(0.E0,4.992249500058E1,-2.268865960451E1));
#166=CARTESIAN_POINT('',(0.E0,4.993877097906E1,-2.272612813334E1));
#167=CARTESIAN_POINT('',(0.E0,4.995097796292E1,-2.275717926326E1));
#168=CARTESIAN_POINT('',(0.E0,4.996318494679E1,-2.279217622787E1));
#169=CARTESIAN_POINT('',(0.E0,4.997335743334E1,-2.282675030449E1));
#170=CARTESIAN_POINT('',(0.E0,4.998149542258E1,-2.285914161751E1));
#171=CARTESIAN_POINT('',(0.E0,4.998759891451E1,-2.289002591516E1));
#172=CARTESIAN_POINT('',(0.E0,4.999268515779E1,-2.291482781592E1));
#173=CARTESIAN_POINT('',(0.E0,4.999675415241E1,-2.296001563941E1));
#174=CARTESIAN_POINT('',(0.E0,4.999878864972E1,-2.296293547511E1));
#175=CARTESIAN_POINT('',(0.E0,4.999980589837E1,-2.300674439256E1));
#177=DIRECTION('',(0.E0,0.E0,-1.E0));
#178=VECTOR('',#177,1.329895262833E1);
#179=CARTESIAN_POINT('',(0.E0,5.6E1,-9.707791764233E0));
#180=LINE('',#179,#178);
#181=CARTESIAN_POINT('',(0.E0,4.875115779287E1,-2.2E0));
#182=CARTESIAN_POINT('',(0.E0,4.896544709558E1,-3.223518679204E0));
#183=CARTESIAN_POINT('',(0.E0,4.964265505028E1,-5.016767290621E0));
#184=CARTESIAN_POINT('',(0.E0,5.118624350637E1,-7.167911601817E0));
#185=CARTESIAN_POINT('',(0.E0,5.322920717910E1,-8.809317980301E0));
#186=CARTESIAN_POINT('',(0.E0,5.497229650233E1,-9.514566732685E0));
#187=CARTESIAN_POINT('',(0.E0,5.6E1,-9.707791764233E0));
#189=DIRECTION('',(0.E0,1.E0,0.E0));
#190=VECTOR('',#189,7.511577928680E-1);
#191=CARTESIAN_POINT('',(0.E0,4.8E1,-2.2E0));
#192=LINE('',#191,#190);
#193=DIRECTION('',(0.E0,0.E0,-1.E0));
#194=VECTOR('',#193,2.E1);
#195=CARTESIAN_POINT('',(0.E0,4.8E1,1.78E1));
#196=LINE('',#195,#194);
#197=DIRECTION('',(0.E0,-1.E0,0.E0));
#198=VECTOR('',#197,4.E0);
#199=CARTESIAN_POINT('',(0.E0,5.2E1,1.78E1));
#200=LINE('',#199,#198);
#201=DIRECTION('',(0.E0,0.E0,1.E0));
#202=VECTOR('',#201,1.002346502210E1);
#203=CARTESIAN_POINT('',(0.E0,5.2E1,7.776534977895E0));
#204=LINE('',#203,#202);
#205=CARTESIAN_POINT('',(0.E0,5.6E1,9.707791764233E0));
#206=CARTESIAN_POINT('',(0.E0,5.449447198056E1,9.424727923629E0));
#207=CARTESIAN_POINT('',(0.E0,5.316674614462E1,8.769229890333E0));
#208=CARTESIAN_POINT('',(0.E0,5.2E1,7.776534977895E0));
#210=DIRECTION('',(0.E0,0.E0,-1.E0));
#211=VECTOR('',#210,1.329895262833E1);
#212=CARTESIAN_POINT('',(0.E0,5.6E1,2.300674439256E1));
#213=LINE('',#212,#211);
#214=CARTESIAN_POINT('',(0.E0,-4.999980589837E1,2.300674439256E1));
#215=CARTESIAN_POINT('',(0.E0,-4.999878864972E1,2.296293547511E1));
#216=CARTESIAN_POINT('',(0.E0,-4.999675415241E1,2.296001563941E1));
#217=CARTESIAN_POINT('',(0.E0,-4.999268515779E1,2.291482781592E1));
#218=CARTESIAN_POINT('',(0.E0,-4.998759891451E1,2.289002591516E1));
#219=CARTESIAN_POINT('',(0.E0,-4.998149542258E1,2.285914161751E1));
#220=CARTESIAN_POINT('',(0.E0,-4.997335743334E1,2.282675030449E1));
#221=CARTESIAN_POINT('',(0.E0,-4.996318494679E1,2.279217622787E1));
#222=CARTESIAN_POINT('',(0.E0,-4.995097796292E1,2.275717926326E1));
#223=CARTESIAN_POINT('',(0.E0,-4.993877097906E1,2.272612813334E1));
#224=CARTESIAN_POINT('',(0.E0,-4.992249500058E1,2.268865960451E1));
#225=CARTESIAN_POINT('',(0.E0,-4.990215002748E1,2.264732245345E1));
#226=CARTESIAN_POINT('',(0.E0,-4.987773605975E1,2.260343166424E1));
#227=CARTESIAN_POINT('',(0.E0,-4.984518410279E1,2.255045148834E1));
#228=CARTESIAN_POINT('',(0.E0,-4.980449415658E1,2.249203888195E1));
#229=CARTESIAN_POINT('',(0.E0,-4.975566622113E1,2.243004584445E1));
#230=CARTESIAN_POINT('',(0.E0,-4.970683828569E1,2.237393581208E1));
#231=CARTESIAN_POINT('',(0.E0,-4.965801035024E1,2.232230879741E1));
#232=CARTESIAN_POINT('',(0.E0,-4.959290643631E1,2.225824435446E1));
#233=CARTESIAN_POINT('',(0.E0,-4.951152654390E1,2.218543666483E1));
#234=CARTESIAN_POINT('',(0.E0,-4.941387067300E1,2.210638667412E1));
#235=CARTESIAN_POINT('',(0.E0,-4.931621480211E1,2.203371775220E1));
#236=CARTESIAN_POINT('',(0.E0,-4.918600697425E1,2.194360832128E1));
#237=CARTESIAN_POINT('',(0.E0,-4.902324718942E1,2.184132344776E1));
#238=CARTESIAN_POINT('',(0.E0,-4.882793544763E1,2.173043709134E1));
#239=CARTESIAN_POINT('',(0.E0,-4.863262370584E1,2.162866116275E1));
#240=CARTESIAN_POINT('',(0.E0,-4.843731196405E1,2.153414476174E1));
#241=CARTESIAN_POINT('',(0.E0,-4.824200022226E1,2.144559728195E1));
#242=CARTESIAN_POINT('',(0.E0,-4.798158456654E1,2.133423869789E1));
#243=CARTESIAN_POINT('',(0.E0,-4.765606499689E1,2.120575034787E1));
#244=CARTESIAN_POINT('',(0.E0,-4.726544151331E1,2.106465391509E1));
#245=CARTESIAN_POINT('',(0.E0,-4.687481802972E1,2.093405104471E1));
#246=CARTESIAN_POINT('',(0.E0,-4.648419454614E1,2.081209603821E1));
#247=CARTESIAN_POINT('',(0.E0,-4.609357106256E1,2.069744166011E1));
#248=CARTESIAN_POINT('',(0.E0,-4.570294757898E1,2.058906136661E1));
#249=CARTESIAN_POINT('',(0.E0,-4.518211626754E1,2.045186103938E1));
#250=CARTESIAN_POINT('',(0.E0,-4.453107712824E1,2.029241255469E1));
#251=CARTESIAN_POINT('',(0.E0,-4.374983016108E1,2.011654595208E1));
#252=CARTESIAN_POINT('',(0.E0,-4.296858319391E1,1.995353448306E1));
#253=CARTESIAN_POINT('',(0.E0,-4.218733622675E1,1.980143949872E1));
#254=CARTESIAN_POINT('',(0.E0,-4.140608925959E1,1.965878953349E1));
#255=CARTESIAN_POINT('',(0.E0,-4.036442663671E1,1.947966122512E1));
#256=CARTESIAN_POINT('',(0.E0,-3.906234835810E1,1.927414078070E1));
#257=CARTESIAN_POINT('',(0.E0,-3.749985442378E1,1.905145443278E1));
#258=CARTESIAN_POINT('',(0.E0,-3.593736048946E1,1.884893775761E1));
#259=CARTESIAN_POINT('',(0.E0,-3.437486655513E1,1.866379772060E1));
#260=CARTESIAN_POINT('',(0.E0,-3.281237262081E1,1.849391972878E1));
#261=CARTESIAN_POINT('',(0.E0,-3.124987868648E1,1.833765346407E1));
#262=CARTESIAN_POINT('',(0.E0,-2.968738475216E1,1.819368240722E1));
#263=CARTESIAN_POINT('',(0.E0,-2.760405950639E1,1.801670308875E1));
#264=CARTESIAN_POINT('',(0.E0,-2.499990294919E1,1.782131313031E1));
#265=CARTESIAN_POINT('',(0.E0,-2.187491508054E1,1.762278843630E1));
#266=CARTESIAN_POINT('',(0.E0,-1.874992721189E1,1.745641751195E1));
#267=CARTESIAN_POINT('',(0.E0,-1.562493934324E1,1.731940404153E1));
#268=CARTESIAN_POINT('',(0.E0,-1.249995147459E1,1.720968952647E1));
#269=CARTESIAN_POINT('',(0.E0,-9.374963605945E0,1.712575563308E1));
#270=CARTESIAN_POINT('',(0.E0,-5.208313114414E0,1.704679366137E1));
#271=CARTESIAN_POINT('',(0.E0,0.E0,1.700790892503E1));
#272=CARTESIAN_POINT('',(0.E0,5.208313114414E0,1.704679366137E1));
#273=CARTESIAN_POINT('',(0.E0,9.374963605945E0,1.712575563308E1));
#274=CARTESIAN_POINT('',(0.E0,1.249995147459E1,1.720968952647E1));
#275=CARTESIAN_POINT('',(0.E0,1.562493934324E1,1.731940404153E1));
#276=CARTESIAN_POINT('',(0.E0,1.874992721189E1,1.745641751195E1));
#277=CARTESIAN_POINT('',(0.E0,2.187491508054E1,1.762278843630E1));
#278=CARTESIAN_POINT('',(0.E0,2.499990294919E1,1.782131313031E1));
#279=CARTESIAN_POINT('',(0.E0,2.760405950639E1,1.801670308875E1));
#280=CARTESIAN_POINT('',(0.E0,2.968738475216E1,1.819368240722E1));
#281=CARTESIAN_POINT('',(0.E0,3.124987868648E1,1.833765346407E1));
#282=CARTESIAN_POINT('',(0.E0,3.281237262081E1,1.849391972878E1));
#283=CARTESIAN_POINT('',(0.E0,3.437486655513E1,1.866379772060E1));
#284=CARTESIAN_POINT('',(0.E0,3.593736048946E1,1.884893775761E1));
#285=CARTESIAN_POINT('',(0.E0,3.749985442378E1,1.905145443278E1));
#286=CARTESIAN_POINT('',(0.E0,3.906234835810E1,1.927414078070E1));
#287=CARTESIAN_POINT('',(0.E0,4.036442663671E1,1.947966122512E1));
#288=CARTESIAN_POINT('',(0.E0,4.140608925959E1,1.965878953349E1));
#289=CARTESIAN_POINT('',(0.E0,4.218733622675E1,1.980143949872E1));
#290=CARTESIAN_POINT('',(0.E0,4.296858319391E1,1.995353448306E1));
#291=CARTESIAN_POINT('',(0.E0,4.374983016108E1,2.011654595208E1));
#292=CARTESIAN_POINT('',(0.E0,4.453107712824E1,2.029241255469E1));
#293=CARTESIAN_POINT('',(0.E0,4.518211626754E1,2.045186103938E1));
#294=CARTESIAN_POINT('',(0.E0,4.570294757898E1,2.058906136661E1));
#295=CARTESIAN_POINT('',(0.E0,4.609357106256E1,2.069744166011E1));
#296=CARTESIAN_POINT('',(0.E0,4.648419454614E1,2.081209603821E1));
#297=CARTESIAN_POINT('',(0.E0,4.687481802972E1,2.093405104471E1));
#298=CARTESIAN_POINT('',(0.E0,4.726544151331E1,2.106465391509E1));
#299=CARTESIAN_POINT('',(0.E0,4.765606499689E1,2.120575034787E1));
#300=CARTESIAN_POINT('',(0.E0,4.798158456654E1,2.133423869789E1));
#301=CARTESIAN_POINT('',(0.E0,4.824200022226E1,2.144559728195E1));
#302=CARTESIAN_POINT('',(0.E0,4.843731196405E1,2.153414476174E1));
#303=CARTESIAN_POINT('',(0.E0,4.863262370584E1,2.162866116275E1));
#304=CARTESIAN_POINT('',(0.E0,4.882793544763E1,2.173043709134E1));
#305=CARTESIAN_POINT('',(0.E0,4.902324718942E1,2.184132344776E1));
#306=CARTESIAN_POINT('',(0.E0,4.918600697425E1,2.194360832128E1));
#307=CARTESIAN_POINT('',(0.E0,4.931621480211E1,2.203371775220E1));
#308=CARTESIAN_POINT('',(0.E0,4.941387067300E1,2.210638667412E1));
#309=CARTESIAN_POINT('',(0.E0,4.951152654390E1,2.218543666483E1));
#310=CARTESIAN_POINT('',(0.E0,4.959290643631E1,2.225824435446E1));
#311=CARTESIAN_POINT('',(0.E0,4.965801035024E1,2.232230879741E1));
#312=CARTESIAN_POINT('',(0.E0,4.970683828569E1,2.237393581208E1));
#313=CARTESIAN_POINT('',(0.E0,4.975566622113E1,2.243004584445E1));
#314=CARTESIAN_POINT('',(0.E0,4.980449415658E1,2.249203888195E1));
#315=CARTESIAN_POINT('',(0.E0,4.984518410279E1,2.255045148834E1));
#316=CARTESIAN_POINT('',(0.E0,4.987773605975E1,2.260343166424E1));
#317=CARTESIAN_POINT('',(0.E0,4.990215002748E1,2.264732245345E1));
#318=CARTESIAN_POINT('',(0.E0,4.992249500058E1,2.268865960451E1));
#319=CARTESIAN_POINT('',(0.E0,4.993877097906E1,2.272612813334E1));
#320=CARTESIAN_POINT('',(0.E0,4.995097796292E1,2.275717926326E1));
#321=CARTESIAN_POINT('',(0.E0,4.996318494679E1,2.279217622787E1));
#322=CARTESIAN_POINT('',(0.E0,4.997335743334E1,2.282675030449E1));
#323=CARTESIAN_POINT('',(0.E0,4.998149542258E1,2.285914161751E1));
#324=CARTESIAN_POINT('',(0.E0,4.998759891451E1,2.289002591516E1));
#325=CARTESIAN_POINT('',(0.E0,4.999268515779E1,2.291482781592E1));
#326=CARTESIAN_POINT('',(0.E0,4.999675415241E1,2.296001563941E1));
#327=CARTESIAN_POINT('',(0.E0,4.999878864972E1,2.296293547511E1));
#328=CARTESIAN_POINT('',(0.E0,4.999980589837E1,2.300674439256E1));
#330=DIRECTION('',(0.E0,0.E0,-1.E0));
#331=VECTOR('',#330,1.329895262833E1);
#332=CARTESIAN_POINT('',(0.E0,-5.6E1,2.300674439256E1));
#333=LINE('',#332,#331);
#334=CARTESIAN_POINT('',(0.E0,-5.6E1,9.707791764233E0));
#335=CARTESIAN_POINT('',(0.E0,-5.449447198056E1,9.424727923629E0));
#336=CARTESIAN_POINT('',(0.E0,-5.316674614462E1,8.769229890333E0));
#337=CARTESIAN_POINT('',(0.E0,-5.2E1,7.776534977895E0));
#339=DIRECTION('',(-1.E0,0.E0,0.E0));
#340=VECTOR('',#339,3.E0);
#341=CARTESIAN_POINT('',(3.E0,-2.8E1,-3.E0));
#342=LINE('',#341,#340);
#343=DIRECTION('',(-1.E0,0.E0,0.E0));
#344=VECTOR('',#343,3.E0);
#345=CARTESIAN_POINT('',(3.E0,2.8E1,-3.E0));
#346=LINE('',#345,#344);
#347=CARTESIAN_POINT('',(3.E0,-2.8E1,-1.E0));
#348=DIRECTION('',(-1.E0,0.E0,0.E0));
#349=DIRECTION('',(0.E0,0.E0,-1.E0));
#350=AXIS2_PLACEMENT_3D('',#347,#348,#349);
#352=CARTESIAN_POINT('',(0.E0,-2.8E1,-1.E0));
#353=DIRECTION('',(1.E0,0.E0,0.E0));
#354=DIRECTION('',(0.E0,-1.E0,0.E0));
#355=AXIS2_PLACEMENT_3D('',#352,#353,#354);
#357=DIRECTION('',(0.E0,0.E0,-1.E0));
#358=VECTOR('',#357,2.E0);
#359=CARTESIAN_POINT('',(3.E0,-3.E1,1.E0));
#360=LINE('',#359,#358);
#361=DIRECTION('',(0.E0,1.E0,0.E0));
#362=VECTOR('',#361,5.6E1);
#363=CARTESIAN_POINT('',(3.E0,-2.8E1,-3.E0));
#364=LINE('',#363,#362);
#365=DIRECTION('',(0.E0,0.E0,1.E0));
#366=VECTOR('',#365,2.E0);
#367=CARTESIAN_POINT('',(3.E0,3.E1,-1.E0));
#368=LINE('',#367,#366);
#369=DIRECTION('',(0.E0,-1.E0,0.E0));
#370=VECTOR('',#369,5.6E1);
#371=CARTESIAN_POINT('',(3.E0,2.8E1,3.E0));
#372=LINE('',#371,#370);
#373=DIRECTION('',(0.E0,0.E0,1.E0));
#374=VECTOR('',#373,1.002346502210E1);
#375=CARTESIAN_POINT('',(3.E0,-5.2E1,7.776534977895E0));
#376=LINE('',#375,#374);
#377=CARTESIAN_POINT('',(3.E0,-5.752380208031E1,9.85E0));
#378=CARTESIAN_POINT('',(3.E0,-5.647604832132E1,9.85E0));
#379=CARTESIAN_POINT('',(3.E0,-5.452270556015E1,9.463523353800E0));
#380=CARTESIAN_POINT('',(3.E0,-5.279800045099E1,8.455492428475E0));
#381=CARTESIAN_POINT('',(3.E0,-5.2E1,7.776534977895E0));
#383=DIRECTION('',(0.E0,1.E0,0.E0));
#384=VECTOR('',#383,2.476197919685E0);
#385=CARTESIAN_POINT('',(3.E0,-6.E1,9.85E0));
#386=LINE('',#385,#384);
#387=DIRECTION('',(0.E0,0.E0,-1.E0));
#388=VECTOR('',#387,1.047346281956E1);
#389=CARTESIAN_POINT('',(3.E0,-6.E1,2.032346281956E1));
#390=LINE('',#389,#388);
#391=CARTESIAN_POINT('',(3.E0,-4.465142774873E1,2.032346281956E1));
#392=CARTESIAN_POINT('',(3.E0,-4.279095159253E1,1.988040726401E1));
#393=CARTESIAN_POINT('',(3.E0,-3.906999928014E1,1.923322603483E1));
#394=CARTESIAN_POINT('',(3.E0,-3.162809465535E1,1.830729394782E1));
#395=CARTESIAN_POINT('',(3.E0,-2.232571387436E1,1.758910625766E1));
#396=CARTESIAN_POINT('',(3.E0,-1.116285693718E1,1.712146609817E1));
#397=CARTESIAN_POINT('',(3.E0,0.E0,1.697446118026E1));
#398=CARTESIAN_POINT('',(3.E0,1.116285693718E1,1.712146609817E1));
#399=CARTESIAN_POINT('',(3.E0,2.232571387436E1,1.758910625766E1));
#400=CARTESIAN_POINT('',(3.E0,3.162809465535E1,1.830729394782E1));
#401=CARTESIAN_POINT('',(3.E0,3.906999928014E1,1.923322603483E1));
#402=CARTESIAN_POINT('',(3.E0,4.279095159253E1,1.988040726401E1));
#403=CARTESIAN_POINT('',(3.E0,4.465142774873E1,2.032346281956E1));
#405=DIRECTION('',(0.E0,0.E0,1.E0));
#406=VECTOR('',#405,1.047346281956E1);
#407=CARTESIAN_POINT('',(3.E0,6.E1,9.85E0));
#408=LINE('',#407,#406);
#409=DIRECTION('',(0.E0,-1.E0,0.E0));
#410=VECTOR('',#409,2.476197919685E0);
#411=CARTESIAN_POINT('',(3.E0,6.E1,9.85E0));
#412=LINE('',#411,#410);
#413=CARTESIAN_POINT('',(3.E0,5.752380208031E1,9.85E0));
#414=CARTESIAN_POINT('',(3.E0,5.647604832132E1,9.85E0));
#415=CARTESIAN_POINT('',(3.E0,5.452270556015E1,9.463523353800E0));
#416=CARTESIAN_POINT('',(3.E0,5.279800045099E1,8.455492428475E0));
#417=CARTESIAN_POINT('',(3.E0,5.2E1,7.776534977895E0));
#419=DIRECTION('',(0.E0,0.E0,-1.E0));
#420=VECTOR('',#419,1.002346502210E1);
#421=CARTESIAN_POINT('',(3.E0,5.2E1,1.78E1));
#422=LINE('',#421,#420);
#423=DIRECTION('',(0.E0,-1.E0,0.E0));
#424=VECTOR('',#423,4.E0);
#425=CARTESIAN_POINT('',(3.E0,5.2E1,1.78E1));
#426=LINE('',#425,#424);
#427=DIRECTION('',(0.E0,0.E0,-1.E0));
#428=VECTOR('',#427,2.E1);
#429=CARTESIAN_POINT('',(3.E0,4.8E1,1.78E1));
#430=LINE('',#429,#428);
#431=DIRECTION('',(0.E0,1.E0,0.E0));
#432=VECTOR('',#431,7.511577928680E-1);
#433=CARTESIAN_POINT('',(3.E0,4.8E1,-2.2E0));
#434=LINE('',#433,#432);
#435=CARTESIAN_POINT('',(3.E0,4.875115779287E1,-2.2E0));
#436=CARTESIAN_POINT('',(3.E0,4.900708626918E1,-3.422401551201E0));
#437=CARTESIAN_POINT('',(3.E0,4.985252292998E1,-5.456552297354E0));
#438=CARTESIAN_POINT('',(3.E0,5.173731163088E1,-7.748673232404E0));
#439=CARTESIAN_POINT('',(3.E0,5.419606028831E1,-9.334222386399E0));
#440=CARTESIAN_POINT('',(3.E0,5.627489658454E1,-9.85E0));
#441=CARTESIAN_POINT('',(3.E0,5.752380208031E1,-9.85E0));
#443=DIRECTION('',(0.E0,-1.E0,0.E0));
#444=VECTOR('',#443,2.476197919685E0);
#445=CARTESIAN_POINT('',(3.E0,6.E1,-9.85E0));
#446=LINE('',#445,#444);
#447=DIRECTION('',(0.E0,0.E0,1.E0));
#448=VECTOR('',#447,1.047346281956E1);
#449=CARTESIAN_POINT('',(3.E0,6.E1,-2.032346281956E1));
#450=LINE('',#449,#448);
#451=CARTESIAN_POINT('',(3.E0,-4.465142774873E1,-2.032346281956E1));
#452=CARTESIAN_POINT('',(3.E0,-4.279095159253E1,-1.988040726401E1));
#453=CARTESIAN_POINT('',(3.E0,-3.906999928014E1,-1.923322603483E1));
#454=CARTESIAN_POINT('',(3.E0,-3.162809465535E1,-1.830729394782E1));
#455=CARTESIAN_POINT('',(3.E0,-2.232571387436E1,-1.758910625766E1));
#456=CARTESIAN_POINT('',(3.E0,-1.116285693718E1,-1.712146609817E1));
#457=CARTESIAN_POINT('',(3.E0,2.975397705995E-14,-1.697446118026E1));
#458=CARTESIAN_POINT('',(3.E0,1.116285693718E1,-1.712146609817E1));
#459=CARTESIAN_POINT('',(3.E0,2.232571387436E1,-1.758910625766E1));
#460=CARTESIAN_POINT('',(3.E0,3.162809465535E1,-1.830729394782E1));
#461=CARTESIAN_POINT('',(3.E0,3.906999928014E1,-1.923322603483E1));
#462=CARTESIAN_POINT('',(3.E0,4.279095159253E1,-1.988040726401E1));
#463=CARTESIAN_POINT('',(3.E0,4.465142774873E1,-2.032346281956E1));
#465=DIRECTION('',(0.E0,0.E0,-1.E0));
#466=VECTOR('',#465,1.047346281956E1);
#467=CARTESIAN_POINT('',(3.E0,-6.E1,-9.85E0));
#468=LINE('',#467,#466);
#469=DIRECTION('',(0.E0,1.E0,0.E0));
#470=VECTOR('',#469,2.476197919685E0);
#471=CARTESIAN_POINT('',(3.E0,-6.E1,-9.85E0));
#472=LINE('',#471,#470);
#473=CARTESIAN_POINT('',(3.E0,-4.875115779287E1,-2.2E0));
#474=CARTESIAN_POINT('',(3.E0,-4.900708626918E1,-3.422401551201E0));
#475=CARTESIAN_POINT('',(3.E0,-4.985252292998E1,-5.456552297354E0));
#476=CARTESIAN_POINT('',(3.E0,-5.173731163088E1,-7.748673232404E0));
#477=CARTESIAN_POINT('',(3.E0,-5.419606028831E1,-9.334222386399E0));
#478=CARTESIAN_POINT('',(3.E0,-5.627489658454E1,-9.85E0));
#479=CARTESIAN_POINT('',(3.E0,-5.752380208031E1,-9.85E0));
#481=DIRECTION('',(0.E0,-1.E0,0.E0));
#482=VECTOR('',#481,7.511577928680E-1);
#483=CARTESIAN_POINT('',(3.E0,-4.8E1,-2.2E0));
#484=LINE('',#483,#482);
#485=DIRECTION('',(0.E0,0.E0,-1.E0));
#486=VECTOR('',#485,2.E1);
#487=CARTESIAN_POINT('',(3.E0,-4.8E1,1.78E1));
#488=LINE('',#487,#486);
#489=DIRECTION('',(0.E0,1.E0,0.E0));
#490=VECTOR('',#489,4.E0);
#491=CARTESIAN_POINT('',(3.E0,-5.2E1,1.78E1));
#492=LINE('',#491,#490);
#493=DIRECTION('',(-1.E0,0.E0,0.E0));
#494=VECTOR('',#493,3.E0);
#495=CARTESIAN_POINT('',(3.E0,-3.E1,1.E0));
#496=LINE('',#495,#494);
#497=DIRECTION('',(-1.E0,0.E0,0.E0));
#498=VECTOR('',#497,3.E0);
#499=CARTESIAN_POINT('',(3.E0,-3.E1,-1.E0));
#500=LINE('',#499,#498);
#501=CARTESIAN_POINT('',(3.E0,-2.8E1,1.E0));
#502=DIRECTION('',(-1.E0,0.E0,0.E0));
#503=DIRECTION('',(0.E0,-1.E0,0.E0));
#504=AXIS2_PLACEMENT_3D('',#501,#502,#503);
#506=CARTESIAN_POINT('',(0.E0,-2.8E1,1.E0));
#507=DIRECTION('',(1.E0,0.E0,0.E0));
#508=DIRECTION('',(0.E0,0.E0,1.E0));
#509=AXIS2_PLACEMENT_3D('',#506,#507,#508);
#511=DIRECTION('',(-1.E0,0.E0,0.E0));
#512=VECTOR('',#511,3.E0);
#513=CARTESIAN_POINT('',(3.E0,-2.8E1,3.E0));
#514=LINE('',#513,#512);
#515=DIRECTION('',(-1.E0,0.E0,0.E0));
#516=VECTOR('',#515,3.E0);
#517=CARTESIAN_POINT('',(3.E0,2.8E1,3.E0));
#518=LINE('',#517,#516);
#519=CARTESIAN_POINT('',(3.E0,2.8E1,1.E0));
#520=DIRECTION('',(-1.E0,0.E0,0.E0));
#521=DIRECTION('',(0.E0,0.E0,1.E0));
#522=AXIS2_PLACEMENT_3D('',#519,#520,#521);
#524=CARTESIAN_POINT('',(0.E0,2.8E1,1.E0));
#525=DIRECTION('',(1.E0,0.E0,0.E0));
#526=DIRECTION('',(0.E0,1.E0,0.E0));
#527=AXIS2_PLACEMENT_3D('',#524,#525,#526);
#529=DIRECTION('',(-1.E0,0.E0,0.E0));
#530=VECTOR('',#529,3.E0);
#531=CARTESIAN_POINT('',(3.E0,3.E1,1.E0));
#532=LINE('',#531,#530);
#533=DIRECTION('',(-1.E0,0.E0,0.E0));
#534=VECTOR('',#533,3.E0);
#535=CARTESIAN_POINT('',(3.E0,3.E1,-1.E0));
#536=LINE('',#535,#534);
#537=CARTESIAN_POINT('',(3.E0,2.8E1,-1.E0));
#538=DIRECTION('',(-1.E0,0.E0,0.E0));
#539=DIRECTION('',(0.E0,1.E0,0.E0));
#540=AXIS2_PLACEMENT_3D('',#537,#538,#539);
#542=CARTESIAN_POINT('',(0.E0,2.8E1,-1.E0));
#543=DIRECTION('',(1.E0,0.E0,0.E0));
#544=DIRECTION('',(0.E0,0.E0,-1.E0));
#545=AXIS2_PLACEMENT_3D('',#542,#543,#544);
#547=DIRECTION('',(-1.E0,0.E0,0.E0));
#548=VECTOR('',#547,3.E0);
#549=CARTESIAN_POINT('',(3.E0,-5.2E1,1.78E1));
#550=LINE('',#549,#548);
#551=DIRECTION('',(-1.E0,0.E0,0.E0));
#552=VECTOR('',#551,3.E0);
#553=CARTESIAN_POINT('',(3.E0,-4.8E1,1.78E1));
#554=LINE('',#553,#552);
#555=DIRECTION('',(-1.E0,0.E0,0.E0));
#556=VECTOR('',#555,3.E0);
#557=CARTESIAN_POINT('',(3.E0,-4.8E1,-2.2E0));
#558=LINE('',#557,#556);
#559=DIRECTION('',(-1.E0,0.E0,0.E0));
#560=VECTOR('',#559,3.E0);
#561=CARTESIAN_POINT('',(3.E0,-5.2E1,7.776534977895E0));
#562=LINE('',#561,#560);
#563=CARTESIAN_POINT('',(-2.000000039702E0,-5.752380208031E1,9.85E0));
#564=CARTESIAN_POINT('',(-1.924338008973E0,-5.735356251118E1,9.85E0));
#565=CARTESIAN_POINT('',(-1.773086571198E0,-5.701324690720E1,9.839425274401E0));
#566=CARTESIAN_POINT('',(-1.547060289427E0,-5.650468771961E1,9.791958878511E0));
#567=CARTESIAN_POINT('',(-1.397298996380E0,-5.616772482217E1,9.739326768375E0));
#568=CARTESIAN_POINT('',(-1.322754630971E0,-5.6E1,9.707791764233E0));
#570=DIRECTION('',(-1.E0,0.E0,0.E0));
#571=VECTOR('',#570,5.000000039702E0);
#572=CARTESIAN_POINT('',(3.E0,-5.752380208031E1,9.85E0));
#573=LINE('',#572,#571);
#574=DIRECTION('',(-1.E0,0.E0,0.E0));
#575=VECTOR('',#574,3.E0);
#576=CARTESIAN_POINT('',(3.E0,-4.875115779287E1,-2.2E0));
#577=LINE('',#576,#575);
#578=CARTESIAN_POINT('',(-1.322754630971E0,-5.6E1,-9.707791764233E0));
#579=CARTESIAN_POINT('',(-1.397299001824E0,-5.616772483442E1,
-9.739326770678E0));
#580=CARTESIAN_POINT('',(-1.547060298560E0,-5.650468775207E1,
-9.791958883588E0));
#581=CARTESIAN_POINT('',(-1.773086629824E0,-5.701324699742E1,
-9.839425280882E0));
#582=CARTESIAN_POINT('',(-1.924337998432E0,-5.735356257679E1,-9.85E0));
#583=CARTESIAN_POINT('',(-2.E0,-5.752380208031E1,-9.85E0));
#585=CARTESIAN_POINT('',(-1.6E1,-5.6E1,8.5E0));
#586=DIRECTION('',(0.E0,1.E0,0.E0));
#587=DIRECTION('',(0.E0,0.E0,-1.E0));
#588=AXIS2_PLACEMENT_3D('',#585,#586,#587);
#590=CARTESIAN_POINT('',(-1.6E1,-5.6E1,8.5E0));
#591=DIRECTION('',(0.E0,1.E0,0.E0));
#592=DIRECTION('',(0.E0,0.E0,1.E0));
#593=AXIS2_PLACEMENT_3D('',#590,#591,#592);
#595=CARTESIAN_POINT('',(-1.6E1,-5.6E1,-8.5E0));
#596=DIRECTION('',(0.E0,-1.E0,0.E0));
#597=DIRECTION('',(0.E0,0.E0,1.E0));
#598=AXIS2_PLACEMENT_3D('',#595,#596,#597);
#600=CARTESIAN_POINT('',(-1.6E1,-5.6E1,-8.5E0));
#601=DIRECTION('',(0.E0,-1.E0,0.E0));
#602=DIRECTION('',(0.E0,0.E0,-1.E0));
#603=AXIS2_PLACEMENT_3D('',#600,#601,#602);
#605=CARTESIAN_POINT('',(-2.630127018922E1,-5.6E1,0.E0));
#606=DIRECTION('',(0.E0,1.E0,0.E0));
#607=DIRECTION('',(-5.E-1,0.E0,-8.660254037844E-1));
#608=AXIS2_PLACEMENT_3D('',#605,#606,#607);
#610=DIRECTION('',(-8.660254037844E-1,0.E0,5.E-1));
#611=VECTOR('',#610,3.319910716658E1);
#612=CARTESIAN_POINT('',(-1.05E0,-5.6E1,-2.266173140978E1));
#613=LINE('',#612,#611);
#614=CARTESIAN_POINT('',(3.E-1,-5.6E1,-2.032346281956E1));
#615=DIRECTION('',(0.E0,-1.E0,0.E0));
#616=DIRECTION('',(-5.E-1,0.E0,-8.660254037844E-1));
#617=AXIS2_PLACEMENT_3D('',#614,#615,#616);
#619=DIRECTION('',(-1.E0,0.E0,0.E0));
#620=VECTOR('',#619,1.322754630971E0);
#621=CARTESIAN_POINT('',(0.E0,-5.6E1,-9.707791764233E0));
#622=LINE('',#621,#620);
#623=DIRECTION('',(-1.E0,1.074337929535E-14,0.E0));
#624=VECTOR('',#623,1.322754630971E0);
#625=CARTESIAN_POINT('',(0.E0,-5.6E1,9.707791764233E0));
#626=LINE('',#625,#624);
#627=CARTESIAN_POINT('',(3.E-1,-5.6E1,2.032346281956E1));
#628=DIRECTION('',(0.E0,-1.E0,0.E0));
#629=DIRECTION('',(-1.111111111111E-1,0.E0,9.938079899999E-1));
#630=AXIS2_PLACEMENT_3D('',#627,#628,#629);
#632=DIRECTION('',(8.660254037844E-1,0.E0,5.E-1));
#633=VECTOR('',#632,3.319910716658E1);
#634=CARTESIAN_POINT('',(-2.980127018922E1,-5.6E1,6.062177826491E0));
#635=LINE('',#634,#633);
#636=CARTESIAN_POINT('',(-1.6E1,-5.6E1,0.E0));
#637=DIRECTION('',(0.E0,-1.E0,0.E0));
#638=DIRECTION('',(0.E0,0.E0,-1.E0));
#639=AXIS2_PLACEMENT_3D('',#636,#637,#638);
#641=CARTESIAN_POINT('',(-1.6E1,-5.6E1,0.E0));
#642=DIRECTION('',(0.E0,-1.E0,0.E0));
#643=DIRECTION('',(0.E0,0.E0,1.E0));
#644=AXIS2_PLACEMENT_3D('',#641,#642,#643);
#646=DIRECTION('',(0.E0,-1.E0,0.E0));
#647=VECTOR('',#646,1.5E0);
#648=CARTESIAN_POINT('',(-1.6E1,-5.6E1,6.75E0));
#649=LINE('',#648,#647);
#650=DIRECTION('',(0.E0,-1.E0,0.E0));
#651=VECTOR('',#650,1.5E0);
#652=CARTESIAN_POINT('',(-1.6E1,-5.6E1,1.025E1));
#653=LINE('',#652,#651);
#654=CARTESIAN_POINT('',(-1.6E1,-5.75E1,8.5E0));
#655=DIRECTION('',(0.E0,1.E0,0.E0));
#656=DIRECTION('',(0.E0,0.E0,-1.E0));
#657=AXIS2_PLACEMENT_3D('',#654,#655,#656);
#659=CARTESIAN_POINT('',(-1.6E1,-5.75E1,8.5E0));
#660=DIRECTION('',(0.E0,1.E0,0.E0));
#661=DIRECTION('',(0.E0,0.E0,1.E0));
#662=AXIS2_PLACEMENT_3D('',#659,#660,#661);
#664=CARTESIAN_POINT('',(-1.6E1,-5.75E1,8.5E0));
#665=DIRECTION('',(0.E0,-1.E0,0.E0));
#666=DIRECTION('',(0.E0,0.E0,-1.E0));
#667=AXIS2_PLACEMENT_3D('',#664,#665,#666);
#669=DIRECTION('',(0.E0,1.E0,0.E0));
#670=VECTOR('',#669,2.5E0);
#671=CARTESIAN_POINT('',(-1.6E1,-6.E1,5.5E0));
#672=LINE('',#671,#670);
#673=CARTESIAN_POINT('',(-1.6E1,5.75E1,8.5E0));
#674=DIRECTION('',(0.E0,-1.E0,0.E0));
#675=DIRECTION('',(0.E0,0.E0,-1.E0));
#676=AXIS2_PLACEMENT_3D('',#673,#674,#675);
#678=DIRECTION('',(0.E0,1.E0,0.E0));
#679=VECTOR('',#678,2.5E0);
#680=CARTESIAN_POINT('',(-1.6E1,5.75E1,5.5E0));
#681=LINE('',#680,#679);
#682=CARTESIAN_POINT('',(-1.6E1,-5.75E1,8.5E0));
#683=DIRECTION('',(0.E0,-1.E0,0.E0));
#684=DIRECTION('',(0.E0,0.E0,1.E0));
#685=AXIS2_PLACEMENT_3D('',#682,#683,#684);
#687=DIRECTION('',(0.E0,1.E0,0.E0));
#688=VECTOR('',#687,2.5E0);
#689=CARTESIAN_POINT('',(-1.6E1,-6.E1,1.15E1));
#690=LINE('',#689,#688);
#691=CARTESIAN_POINT('',(-1.6E1,5.75E1,8.5E0));
#692=DIRECTION('',(0.E0,-1.E0,0.E0));
#693=DIRECTION('',(0.E0,0.E0,1.E0));
#694=AXIS2_PLACEMENT_3D('',#691,#692,#693);
#696=DIRECTION('',(0.E0,1.E0,0.E0));
#697=VECTOR('',#696,2.5E0);
#698=CARTESIAN_POINT('',(-1.6E1,5.75E1,1.15E1));
#699=LINE('',#698,#697);
#700=CARTESIAN_POINT('',(-2.630127018922E1,-6.E1,0.E0));
#701=DIRECTION('',(0.E0,-1.E0,0.E0));
#702=DIRECTION('',(-5.E-1,0.E0,8.660254037844E-1));
#703=AXIS2_PLACEMENT_3D('',#700,#701,#702);
#705=CARTESIAN_POINT('',(3.E-1,-6.E1,2.032346281956E1));
#706=DIRECTION('',(0.E0,-1.E0,0.E0));
#707=DIRECTION('',(1.E0,0.E0,0.E0));
#708=AXIS2_PLACEMENT_3D('',#705,#706,#707);
#710=DIRECTION('',(-1.E0,0.E0,0.E0));
#711=VECTOR('',#710,5.E0);
#712=CARTESIAN_POINT('',(3.E0,-6.E1,9.85E0));
#713=LINE('',#712,#711);
#714=CARTESIAN_POINT('',(-2.E0,-6.E1,-9.85E0));
#715=CARTESIAN_POINT('',(-2.471404520791E0,-6.E1,-9.85E0));
#716=CARTESIAN_POINT('',(-3.490248649282E0,-6.E1,-9.429339639374E0));
#717=CARTESIAN_POINT('',(-4.674454754722E0,-6.E1,-7.548889819046E0));
#718=CARTESIAN_POINT('',(-5.373213085883E0,-6.E1,-5.421135781904E0));
#719=CARTESIAN_POINT('',(-5.745895588204E0,-6.E1,-3.638601987683E0));
#720=CARTESIAN_POINT('',(-5.958123786798E0,-6.E1,-1.778853602469E0));
#721=CARTESIAN_POINT('',(-6.020938106601E0,-6.E1,-2.714495295209E-14));
#722=CARTESIAN_POINT('',(-5.958123786798E0,-6.E1,1.778853602469E0));
#723=CARTESIAN_POINT('',(-5.745895588204E0,-6.E1,3.638601987683E0));
#724=CARTESIAN_POINT('',(-5.373213085883E0,-6.E1,5.421135781904E0));
#725=CARTESIAN_POINT('',(-4.674454754722E0,-6.E1,7.548889819046E0));
#726=CARTESIAN_POINT('',(-3.490248649283E0,-6.E1,9.429339639374E0));
#727=CARTESIAN_POINT('',(-2.471404520791E0,-6.E1,9.85E0));
#728=CARTESIAN_POINT('',(-2.E0,-6.E1,9.85E0));
#730=DIRECTION('',(-1.E0,0.E0,0.E0));
#731=VECTOR('',#730,5.E0);
#732=CARTESIAN_POINT('',(3.E0,-6.E1,-9.85E0));
#733=LINE('',#732,#731);
#734=CARTESIAN_POINT('',(3.E-1,-6.E1,-2.032346281956E1));
#735=DIRECTION('',(0.E0,-1.E0,0.E0));
#736=DIRECTION('',(-5.E-1,0.E0,-8.660254037844E-1));
#737=AXIS2_PLACEMENT_3D('',#734,#735,#736);
#739=CARTESIAN_POINT('',(-1.6E1,-6.E1,0.E0));
#740=DIRECTION('',(0.E0,-1.E0,0.E0));
#741=DIRECTION('',(0.E0,0.E0,-1.E0));
#742=AXIS2_PLACEMENT_3D('',#739,#740,#741);
#744=CARTESIAN_POINT('',(-1.6E1,-6.E1,0.E0));
#745=DIRECTION('',(0.E0,-1.E0,0.E0));
#746=DIRECTION('',(0.E0,0.E0,1.E0));
#747=AXIS2_PLACEMENT_3D('',#744,#745,#746);
#749=CARTESIAN_POINT('',(-1.6E1,-6.E1,8.5E0));
#750=DIRECTION('',(0.E0,-1.E0,0.E0));
#751=DIRECTION('',(0.E0,0.E0,-1.E0));
#752=AXIS2_PLACEMENT_3D('',#749,#750,#751);
#754=CARTESIAN_POINT('',(-1.6E1,-6.E1,8.5E0));
#755=DIRECTION('',(0.E0,-1.E0,0.E0));
#756=DIRECTION('',(0.E0,0.E0,1.E0));
#757=AXIS2_PLACEMENT_3D('',#754,#755,#756);
#759=CARTESIAN_POINT('',(-1.6E1,-6.E1,-8.5E0));
#760=DIRECTION('',(0.E0,1.E0,0.E0));
#761=DIRECTION('',(0.E0,0.E0,1.E0));
#762=AXIS2_PLACEMENT_3D('',#759,#760,#761);
#764=CARTESIAN_POINT('',(-1.6E1,-6.E1,-8.5E0));
#765=DIRECTION('',(0.E0,1.E0,0.E0));
#766=DIRECTION('',(0.E0,0.E0,-1.E0));
#767=AXIS2_PLACEMENT_3D('',#764,#765,#766);
#769=DIRECTION('',(0.E0,1.E0,0.E0));
#770=VECTOR('',#769,4.E0);
#771=CARTESIAN_POINT('',(-1.05E0,5.6E1,-2.266173140978E1));
#772=LINE('',#771,#770);
#773=DIRECTION('',(-8.660254037844E-1,0.E0,5.E-1));
#774=VECTOR('',#773,3.025462079371E1);
#775=CARTESIAN_POINT('',(-1.05E0,6.E1,-2.266173140978E1));
#776=LINE('',#775,#774);
#777=DIRECTION('',(0.E0,-1.E0,0.E0));
#778=VECTOR('',#777,4.E0);
#779=CARTESIAN_POINT('',(-2.725127018922E1,6.E1,-7.534421012925E0));
#780=LINE('',#779,#778);
#781=DIRECTION('',(0.E0,-1.E0,0.E0));
#782=VECTOR('',#781,4.E0);
#783=CARTESIAN_POINT('',(-2.980127018922E1,-5.6E1,-6.062177826491E0));
#784=LINE('',#783,#782);
#785=DIRECTION('',(8.660254037844E-1,0.E0,-5.E-1));
#786=VECTOR('',#785,3.319910716658E1);
#787=CARTESIAN_POINT('',(-2.980127018922E1,-6.E1,-6.062177826491E0));
#788=LINE('',#787,#786);
#789=DIRECTION('',(0.E0,1.E0,0.E0));
#790=VECTOR('',#789,4.E0);
#791=CARTESIAN_POINT('',(-1.05E0,-6.E1,-2.266173140978E1));
#792=LINE('',#791,#790);
#793=CARTESIAN_POINT('',(0.E0,4.999980589837E1,-2.300674439256E1));
#794=CARTESIAN_POINT('',(1.463909701816E-1,5.000018594239E1,-2.302311140059E1));
#795=CARTESIAN_POINT('',(4.493874916708E-1,4.999980634611E1,-2.303157908080E1));
#796=CARTESIAN_POINT('',(9.000837187909E-1,5.000032880371E1,-2.297097782436E1));
#797=CARTESIAN_POINT('',(1.398914865557E0,4.997882614047E1,-2.280905815263E1));
#798=CARTESIAN_POINT('',(1.845058936496E0,4.986414395225E1,-2.255442703984E1));
#799=CARTESIAN_POINT('',(2.179917766413E0,4.963114870247E1,-2.227632576588E1));
#800=CARTESIAN_POINT('',(2.451333469013E0,4.924704458076E1,-2.197035475806E1));
#801=CARTESIAN_POINT('',(2.649941926182E0,4.872779968173E1,-2.166725217222E1));
#802=CARTESIAN_POINT('',(2.791022758343E0,4.810754762984E1,-2.137970261332E1));
#803=CARTESIAN_POINT('',(2.889710561279E0,4.739337064458E1,-2.110439373775E1));
#804=CARTESIAN_POINT('',(2.954935293862E0,4.658586605604E1,-2.083830155765E1));
#805=CARTESIAN_POINT('',(2.992057943882E0,4.568115248130E1,-2.057865589057E1));
#806=CARTESIAN_POINT('',(3.E0,4.500618188330E1,-2.040794430548E1));
#807=CARTESIAN_POINT('',(3.E0,4.465142774873E1,-2.032346281956E1));
#809=DIRECTION('',(0.E0,1.E0,0.E0));
#810=VECTOR('',#809,1.534857225127E1);
#811=CARTESIAN_POINT('',(3.E0,4.465142774873E1,-2.032346281956E1));
#812=LINE('',#811,#810);
#813=DIRECTION('',(0.E0,-1.E0,0.E0));
#814=VECTOR('',#813,6.000194101628E0);
#815=CARTESIAN_POINT('',(0.E0,5.6E1,-2.300674439256E1));
#816=LINE('',#815,#814);
#817=CARTESIAN_POINT('',(3.E0,-4.465142774873E1,-2.032346281956E1));
#818=CARTESIAN_POINT('',(3.E0,-4.500727769146E1,-2.040820526227E1));
#819=CARTESIAN_POINT('',(2.992010321276E0,-4.568420721575E1,-2.057944378318E1));
#820=CARTESIAN_POINT('',(2.954649362027E0,-4.659117881594E1,-2.083990115783E1));
#821=CARTESIAN_POINT('',(2.889037508276E0,-4.740019466064E1,-2.110676957260E1));
#822=CARTESIAN_POINT('',(2.789595980493E0,-4.811572884562E1,-2.138312260119E1));
#823=CARTESIAN_POINT('',(2.647744011250E0,-4.873583991309E1,-2.167129295417E1));
#824=CARTESIAN_POINT('',(2.446800494403E0,-4.925599907971E1,-2.197635936112E1));
#825=CARTESIAN_POINT('',(2.174478029091E0,-4.963671523606E1,-2.228163979170E1));
#826=CARTESIAN_POINT('',(1.835277181876E0,-4.986909822258E1,-2.256167296647E1));
#827=CARTESIAN_POINT('',(1.382328879340E0,-4.998072390364E1,-2.281647193394E1));
#828=CARTESIAN_POINT('',(8.854822897583E-1,-5.000028686016E1,
-2.297378594301E1));
#829=CARTESIAN_POINT('',(4.431818473776E-1,-4.999982393163E1,
-2.303148296050E1));
#830=CARTESIAN_POINT('',(1.443319996932E-1,-5.000018059712E1,
-2.302288120070E1));
#831=CARTESIAN_POINT('',(0.E0,-4.999980589837E1,-2.300674439256E1));
#833=DIRECTION('',(0.E0,-1.E0,0.E0));
#834=VECTOR('',#833,6.000194101628E0);
#835=CARTESIAN_POINT('',(0.E0,-4.999980589837E1,-2.300674439256E1));
#836=LINE('',#835,#834);
#837=DIRECTION('',(0.E0,1.E0,0.E0));
#838=VECTOR('',#837,1.534857225127E1);
#839=CARTESIAN_POINT('',(3.E0,-6.E1,-2.032346281956E1));
#840=LINE('',#839,#838);
#841=CARTESIAN_POINT('',(3.E-1,6.E1,-2.032346281956E1));
#842=DIRECTION('',(0.E0,1.E0,0.E0));
#843=DIRECTION('',(1.E0,0.E0,0.E0));
#844=AXIS2_PLACEMENT_3D('',#841,#842,#843);
#846=DIRECTION('',(-1.E0,0.E0,0.E0));
#847=VECTOR('',#846,5.E0);
#848=CARTESIAN_POINT('',(3.E0,6.E1,-9.85E0));
#849=LINE('',#848,#847);
#850=CARTESIAN_POINT('',(-2.E0,6.E1,-9.85E0));
#851=CARTESIAN_POINT('',(-2.471404520791E0,6.E1,-9.85E0));
#852=CARTESIAN_POINT('',(-3.490248649282E0,6.E1,-9.429339639374E0));
#853=CARTESIAN_POINT('',(-4.674454754722E0,6.E1,-7.548889819046E0));
#854=CARTESIAN_POINT('',(-5.373213085883E0,6.E1,-5.421135781904E0));
#855=CARTESIAN_POINT('',(-5.745895588204E0,6.E1,-3.638601987683E0));
#856=CARTESIAN_POINT('',(-5.958123786798E0,6.E1,-1.778853602469E0));
#857=CARTESIAN_POINT('',(-6.020938106601E0,6.E1,0.E0));
#858=CARTESIAN_POINT('',(-5.958123786798E0,6.E1,1.778853602469E0));
#859=CARTESIAN_POINT('',(-5.745895588204E0,6.E1,3.638601987683E0));
#860=CARTESIAN_POINT('',(-5.373213085883E0,6.E1,5.421135781904E0));
#861=CARTESIAN_POINT('',(-4.674454754722E0,6.E1,7.548889819046E0));
#862=CARTESIAN_POINT('',(-3.490248649282E0,6.E1,9.429339639374E0));
#863=CARTESIAN_POINT('',(-2.471404520791E0,6.E1,9.85E0));
#864=CARTESIAN_POINT('',(-2.E0,6.E1,9.85E0));
#866=DIRECTION('',(-1.E0,0.E0,0.E0));
#867=VECTOR('',#866,5.E0);
#868=CARTESIAN_POINT('',(3.E0,6.E1,9.85E0));
#869=LINE('',#868,#867);
#870=CARTESIAN_POINT('',(3.E-1,6.E1,2.032346281956E1));
#871=DIRECTION('',(0.E0,1.E0,0.E0));
#872=DIRECTION('',(-5.E-1,0.E0,8.660254037844E-1));
#873=AXIS2_PLACEMENT_3D('',#870,#871,#872);
#875=CARTESIAN_POINT('',(-2.290127018922E1,6.E1,0.E0));
#876=DIRECTION('',(0.E0,1.E0,0.E0));
#877=DIRECTION('',(-5.E-1,0.E0,-8.660254037844E-1));
#878=AXIS2_PLACEMENT_3D('',#875,#876,#877);
#880=CARTESIAN_POINT('',(-1.6E1,6.E1,0.E0));
#881=DIRECTION('',(0.E0,-1.E0,0.E0));
#882=DIRECTION('',(0.E0,0.E0,-1.E0));
#883=AXIS2_PLACEMENT_3D('',#880,#881,#882);
#885=CARTESIAN_POINT('',(-1.6E1,6.E1,0.E0));
#886=DIRECTION('',(0.E0,-1.E0,0.E0));
#887=DIRECTION('',(0.E0,0.E0,1.E0));
#888=AXIS2_PLACEMENT_3D('',#885,#886,#887);
#890=CARTESIAN_POINT('',(-1.6E1,6.E1,8.5E0));
#891=DIRECTION('',(0.E0,-1.E0,0.E0));
#892=DIRECTION('',(0.E0,0.E0,-1.E0));
#893=AXIS2_PLACEMENT_3D('',#890,#891,#892);
#895=CARTESIAN_POINT('',(-1.6E1,6.E1,8.5E0));
#896=DIRECTION('',(0.E0,-1.E0,0.E0));
#897=DIRECTION('',(0.E0,0.E0,1.E0));
#898=AXIS2_PLACEMENT_3D('',#895,#896,#897);
#900=CARTESIAN_POINT('',(-1.6E1,6.E1,-8.5E0));
#901=DIRECTION('',(0.E0,1.E0,0.E0));
#902=DIRECTION('',(0.E0,0.E0,1.E0));
#903=AXIS2_PLACEMENT_3D('',#900,#901,#902);
#905=CARTESIAN_POINT('',(-1.6E1,6.E1,-8.5E0));
#906=DIRECTION('',(0.E0,1.E0,0.E0));
#907=DIRECTION('',(0.E0,0.E0,-1.E0));
#908=AXIS2_PLACEMENT_3D('',#905,#906,#907);
#910=DIRECTION('',(0.E0,1.E0,0.E0));
#911=VECTOR('',#910,2.476197919685E0);
#912=CARTESIAN_POINT('',(-2.E0,5.752380208031E1,-9.85E0));
#913=LINE('',#912,#911);
#914=DIRECTION('',(-1.E0,0.E0,0.E0));
#915=VECTOR('',#914,5.E0);
#916=CARTESIAN_POINT('',(3.E0,5.752380208031E1,-9.85E0));
#917=LINE('',#916,#915);
#918=CARTESIAN_POINT('',(-1.322754630971E0,5.6E1,-9.707791764233E0));
#919=CARTESIAN_POINT('',(-1.825147013417E0,5.6E1,-9.920322191908E0));
#920=CARTESIAN_POINT('',(-2.964286938045E0,5.6E1,-9.902653204628E0));
#921=CARTESIAN_POINT('',(-4.388398300472E0,5.6E1,-8.164671404856E0));
#922=CARTESIAN_POINT('',(-5.241691255047E0,5.6E1,-5.917812293199E0));
#923=CARTESIAN_POINT('',(-5.695876258443E0,5.6E1,-3.973479801824E0));
#924=CARTESIAN_POINT('',(-5.908495929821E0,5.6E1,-2.280264180023E0));
#925=CARTESIAN_POINT('',(-5.987797143166E0,5.6E1,-9.536685825749E-1));
#926=CARTESIAN_POINT('',(-6.006101428417E0,5.6E1,0.E0));
#927=CARTESIAN_POINT('',(-5.987797143166E0,5.6E1,9.536685825750E-1));
#928=CARTESIAN_POINT('',(-5.908495929821E0,5.6E1,2.280264180023E0));
#929=CARTESIAN_POINT('',(-5.695876258443E0,5.6E1,3.973479801824E0));
#930=CARTESIAN_POINT('',(-5.241691255047E0,5.6E1,5.917812293199E0));
#931=CARTESIAN_POINT('',(-4.388398300472E0,5.6E1,8.164671404856E0));
#932=CARTESIAN_POINT('',(-2.964286938045E0,5.6E1,9.902653204628E0));
#933=CARTESIAN_POINT('',(-1.825147013417E0,5.6E1,9.920322191908E0));
#934=CARTESIAN_POINT('',(-1.322754630971E0,5.6E1,9.707791764233E0));
#936=DIRECTION('',(-1.E0,0.E0,0.E0));
#937=VECTOR('',#936,5.000000040382E0);
#938=CARTESIAN_POINT('',(3.E0,5.752380208031E1,9.85E0));
#939=LINE('',#938,#937);
#940=CARTESIAN_POINT('',(-1.322754630971E0,5.6E1,9.707791764233E0));
#941=CARTESIAN_POINT('',(-1.397308507645E0,5.616774622252E1,9.739330791989E0));
#942=CARTESIAN_POINT('',(-1.547082614723E0,5.650473795133E1,9.791965539615E0));
#943=CARTESIAN_POINT('',(-1.773107604009E0,5.701329423174E1,9.839427744012E0));
#944=CARTESIAN_POINT('',(-1.924347019542E0,5.735358278342E1,9.85E0));
#945=CARTESIAN_POINT('',(-2.000000040382E0,5.752380208031E1,9.85E0));
#947=DIRECTION('',(1.E0,0.E0,0.E0));
#948=VECTOR('',#947,3.E0);
#949=CARTESIAN_POINT('',(0.E0,5.2E1,7.776534977895E0));
#950=LINE('',#949,#948);
#951=DIRECTION('',(1.E0,0.E0,0.E0));
#952=VECTOR('',#951,3.E0);
#953=CARTESIAN_POINT('',(0.E0,4.875115779287E1,-2.2E0));
#954=LINE('',#953,#952);
#955=CARTESIAN_POINT('',(-2.E0,5.752380208031E1,-9.85E0));
#956=CARTESIAN_POINT('',(-1.924347008822E0,5.735358285016E1,-9.85E0));
#957=CARTESIAN_POINT('',(-1.773107663644E0,5.701329432351E1,-9.839427750604E0));
#958=CARTESIAN_POINT('',(-1.547082624018E0,5.650473798435E1,-9.791965544780E0));
#959=CARTESIAN_POINT('',(-1.397308513184E0,5.616774623498E1,-9.739330794333E0));
#960=CARTESIAN_POINT('',(-1.322754630971E0,5.6E1,-9.707791764233E0));
#962=DIRECTION('',(1.630823511039E-8,1.E0,0.E0));
#963=VECTOR('',#962,2.476197919685E0);
#964=CARTESIAN_POINT('',(-2.000000040382E0,5.752380208031E1,9.85E0));
#965=LINE('',#964,#963);
#966=CARTESIAN_POINT('',(-1.6E1,5.6E1,8.5E0));
#967=DIRECTION('',(0.E0,1.E0,0.E0));
#968=DIRECTION('',(0.E0,0.E0,-1.E0));
#969=AXIS2_PLACEMENT_3D('',#966,#967,#968);
#971=CARTESIAN_POINT('',(-1.6E1,5.6E1,8.5E0));
#972=DIRECTION('',(0.E0,1.E0,0.E0));
#973=DIRECTION('',(0.E0,0.E0,1.E0));
#974=AXIS2_PLACEMENT_3D('',#971,#972,#973);
#976=CARTESIAN_POINT('',(-1.6E1,5.6E1,-8.5E0));
#977=DIRECTION('',(0.E0,-1.E0,0.E0));
#978=DIRECTION('',(0.E0,0.E0,1.E0));
#979=AXIS2_PLACEMENT_3D('',#976,#977,#978);
#981=CARTESIAN_POINT('',(-1.6E1,5.6E1,-8.5E0));
#982=DIRECTION('',(0.E0,-1.E0,0.E0));
#983=DIRECTION('',(0.E0,0.E0,-1.E0));
#984=AXIS2_PLACEMENT_3D('',#981,#982,#983);
#986=CARTESIAN_POINT('',(3.E-1,5.6E1,-2.032346281956E1));
#987=DIRECTION('',(0.E0,1.E0,0.E0));
#988=DIRECTION('',(-1.111111111111E-1,0.E0,-9.938079899999E-1));
#989=AXIS2_PLACEMENT_3D('',#986,#987,#988);
#991=DIRECTION('',(-8.660254037844E-1,0.E0,5.E-1));
#992=VECTOR('',#991,3.025462079371E1);
#993=CARTESIAN_POINT('',(-1.05E0,5.6E1,-2.266173140978E1));
#994=LINE('',#993,#992);
#995=CARTESIAN_POINT('',(-2.290127018922E1,5.6E1,0.E0));
#996=DIRECTION('',(0.E0,-1.E0,0.E0));
#997=DIRECTION('',(-5.E-1,0.E0,8.660254037844E-1));
#998=AXIS2_PLACEMENT_3D('',#995,#996,#997);
#1000=DIRECTION('',(8.660254037844E-1,0.E0,5.E-1));
#1001=VECTOR('',#1000,3.025462079371E1);
#1002=CARTESIAN_POINT('',(-2.725127018922E1,5.6E1,7.534421012925E0));
#1003=LINE('',#1002,#1001);
#1004=CARTESIAN_POINT('',(3.E-1,5.6E1,2.032346281956E1));
#1005=DIRECTION('',(0.E0,1.E0,0.E0));
#1006=DIRECTION('',(-5.E-1,0.E0,8.660254037844E-1));
#1007=AXIS2_PLACEMENT_3D('',#1004,#1005,#1006);
#1009=DIRECTION('',(1.E0,1.074337929535E-14,0.E0));
#1010=VECTOR('',#1009,1.322754630971E0);
#1011=CARTESIAN_POINT('',(-1.322754630971E0,5.6E1,9.707791764233E0));
#1012=LINE('',#1011,#1010);
#1013=DIRECTION('',(1.E0,1.074337929535E-14,0.E0));
#1014=VECTOR('',#1013,1.322754630971E0);
#1015=CARTESIAN_POINT('',(-1.322754630971E0,5.6E1,-9.707791764233E0));
#1016=LINE('',#1015,#1014);
#1017=CARTESIAN_POINT('',(-1.6E1,5.6E1,0.E0));
#1018=DIRECTION('',(0.E0,-1.E0,0.E0));
#1019=DIRECTION('',(0.E0,0.E0,-1.E0));
#1020=AXIS2_PLACEMENT_3D('',#1017,#1018,#1019);
#1022=CARTESIAN_POINT('',(-1.6E1,5.6E1,0.E0));
#1023=DIRECTION('',(0.E0,-1.E0,0.E0));
#1024=DIRECTION('',(0.E0,0.E0,1.E0));
#1025=AXIS2_PLACEMENT_3D('',#1022,#1023,#1024);
#1027=DIRECTION('',(0.E0,1.E0,0.E0));
#1028=VECTOR('',#1027,1.5E0);
#1029=CARTESIAN_POINT('',(-1.6E1,5.6E1,6.75E0));
#1030=LINE('',#1029,#1028);
#1031=DIRECTION('',(0.E0,1.E0,0.E0));
#1032=VECTOR('',#1031,1.5E0);
#1033=CARTESIAN_POINT('',(-1.6E1,5.6E1,1.025E1));
#1034=LINE('',#1033,#1032);
#1035=CARTESIAN_POINT('',(-1.6E1,5.75E1,8.5E0));
#1036=DIRECTION('',(0.E0,1.E0,0.E0));
#1037=DIRECTION('',(0.E0,0.E0,-1.E0));
#1038=AXIS2_PLACEMENT_3D('',#1035,#1036,#1037);
#1040=CARTESIAN_POINT('',(-1.6E1,5.75E1,8.5E0));
#1041=DIRECTION('',(0.E0,1.E0,0.E0));
#1042=DIRECTION('',(0.E0,0.E0,1.E0));
#1043=AXIS2_PLACEMENT_3D('',#1040,#1041,#1042);
#1045=DIRECTION('',(0.E0,1.E0,0.E0));
#1046=VECTOR('',#1045,1.5E0);
#1047=CARTESIAN_POINT('',(-1.6E1,5.6E1,-6.75E0));
#1048=LINE('',#1047,#1046);
#1049=DIRECTION('',(0.E0,1.E0,0.E0));
#1050=VECTOR('',#1049,1.5E0);
#1051=CARTESIAN_POINT('',(-1.6E1,5.6E1,-1.025E1));
#1052=LINE('',#1051,#1050);
#1053=CARTESIAN_POINT('',(-1.6E1,5.75E1,-8.5E0));
#1054=DIRECTION('',(0.E0,-1.E0,0.E0));
#1055=DIRECTION('',(0.E0,0.E0,1.E0));
#1056=AXIS2_PLACEMENT_3D('',#1053,#1054,#1055);
#1058=CARTESIAN_POINT('',(-1.6E1,5.75E1,-8.5E0));
#1059=DIRECTION('',(0.E0,-1.E0,0.E0));
#1060=DIRECTION('',(0.E0,0.E0,-1.E0));
#1061=AXIS2_PLACEMENT_3D('',#1058,#1059,#1060);
#1063=CARTESIAN_POINT('',(-1.6E1,-5.75E1,-8.5E0));
#1064=DIRECTION('',(0.E0,1.E0,0.E0));
#1065=DIRECTION('',(0.E0,0.E0,1.E0));
#1066=AXIS2_PLACEMENT_3D('',#1063,#1064,#1065);
#1068=DIRECTION('',(0.E0,1.E0,0.E0));
#1069=VECTOR('',#1068,2.5E0);
#1070=CARTESIAN_POINT('',(-1.6E1,-6.E1,-5.5E0));
#1071=LINE('',#1070,#1069);
#1072=CARTESIAN_POINT('',(-1.6E1,5.75E1,-8.5E0));
#1073=DIRECTION('',(0.E0,1.E0,0.E0));
#1074=DIRECTION('',(0.E0,0.E0,1.E0));
#1075=AXIS2_PLACEMENT_3D('',#1072,#1073,#1074);
#1077=DIRECTION('',(0.E0,1.E0,0.E0));
#1078=VECTOR('',#1077,2.5E0);
#1079=CARTESIAN_POINT('',(-1.6E1,5.75E1,-5.5E0));
#1080=LINE('',#1079,#1078);
#1081=CARTESIAN_POINT('',(-1.6E1,-5.75E1,-8.5E0));
#1082=DIRECTION('',(0.E0,-1.E0,0.E0));
#1083=DIRECTION('',(0.E0,0.E0,1.E0));
#1084=AXIS2_PLACEMENT_3D('',#1081,#1082,#1083);
#1086=CARTESIAN_POINT('',(-1.6E1,-5.75E1,-8.5E0));
#1087=DIRECTION('',(0.E0,-1.E0,0.E0));
#1088=DIRECTION('',(0.E0,0.E0,-1.E0));
#1089=AXIS2_PLACEMENT_3D('',#1086,#1087,#1088);
#1091=DIRECTION('',(0.E0,-1.E0,0.E0));
#1092=VECTOR('',#1091,1.5E0);
#1093=CARTESIAN_POINT('',(-1.6E1,-5.6E1,-6.75E0));
#1094=LINE('',#1093,#1092);
#1095=DIRECTION('',(0.E0,-1.E0,0.E0));
#1096=VECTOR('',#1095,1.5E0);
#1097=CARTESIAN_POINT('',(-1.6E1,-5.6E1,-1.025E1));
#1098=LINE('',#1097,#1096);
#1099=CARTESIAN_POINT('',(-1.6E1,-5.75E1,-8.5E0));
#1100=DIRECTION('',(0.E0,1.E0,0.E0));
#1101=DIRECTION('',(0.E0,0.E0,-1.E0));
#1102=AXIS2_PLACEMENT_3D('',#1099,#1100,#1101);
#1104=DIRECTION('',(0.E0,1.E0,0.E0));
#1105=VECTOR('',#1104,2.5E0);
#1106=CARTESIAN_POINT('',(-1.6E1,-6.E1,-1.15E1));
#1107=LINE('',#1106,#1105);
#1108=CARTESIAN_POINT('',(-1.6E1,5.75E1,-8.5E0));
#1109=DIRECTION('',(0.E0,1.E0,0.E0));
#1110=DIRECTION('',(0.E0,0.E0,-1.E0));
#1111=AXIS2_PLACEMENT_3D('',#1108,#1109,#1110);
#1113=DIRECTION('',(0.E0,1.E0,0.E0));
#1114=VECTOR('',#1113,2.5E0);
#1115=CARTESIAN_POINT('',(-1.6E1,5.75E1,-1.15E1));
#1116=LINE('',#1115,#1114);
#1117=DIRECTION('',(0.E0,-1.E0,0.E0));
#1118=VECTOR('',#1117,4.E0);
#1119=CARTESIAN_POINT('',(-1.05E0,6.E1,2.266173140978E1));
#1120=LINE('',#1119,#1118);
#1121=DIRECTION('',(0.E0,-1.E0,0.E0));
#1122=VECTOR('',#1121,4.E0);
#1123=CARTESIAN_POINT('',(-2.725127018922E1,6.E1,7.534421012925E0));
#1124=LINE('',#1123,#1122);
#1125=DIRECTION('',(8.660254037844E-1,0.E0,5.E-1));
#1126=VECTOR('',#1125,3.025462079371E1);
#1127=CARTESIAN_POINT('',(-2.725127018922E1,6.E1,7.534421012925E0));
#1128=LINE('',#1127,#1126);
#1129=DIRECTION('',(0.E0,-1.E0,0.E0));
#1130=VECTOR('',#1129,4.E0);
#1131=CARTESIAN_POINT('',(-2.980127018922E1,-5.6E1,6.062177826491E0));
#1132=LINE('',#1131,#1130);
#1133=DIRECTION('',(0.E0,-1.E0,0.E0));
#1134=VECTOR('',#1133,4.E0);
#1135=CARTESIAN_POINT('',(-1.05E0,-5.6E1,2.266173140978E1));
#1136=LINE('',#1135,#1134);
#1137=DIRECTION('',(-8.660254037844E-1,0.E0,-5.E-1));
#1138=VECTOR('',#1137,3.319910716658E1);
#1139=CARTESIAN_POINT('',(-1.05E0,-6.E1,2.266173140978E1));
#1140=LINE('',#1139,#1138);
#1141=DIRECTION('',(0.E0,-1.E0,0.E0));
#1142=VECTOR('',#1141,1.534857225127E1);
#1143=CARTESIAN_POINT('',(3.E0,6.E1,2.032346281956E1));
#1144=LINE('',#1143,#1142);
#1145=CARTESIAN_POINT('',(3.E0,4.465142774873E1,2.032346281956E1));
#1146=CARTESIAN_POINT('',(3.E0,4.499908025576E1,2.040625311716E1));
#1147=CARTESIAN_POINT('',(2.992372543810E0,4.566086941071E1,2.057343018521E1));
#1148=CARTESIAN_POINT('',(2.956831847186E0,4.654902859174E1,2.082729567210E1));
#1149=CARTESIAN_POINT('',(2.894658296389E0,4.734296852213E1,2.108689350692E1));
#1150=CARTESIAN_POINT('',(2.801000729972E0,4.804688386862E1,2.135483210303E1));
#1151=CARTESIAN_POINT('',(2.668443514107E0,4.866033924037E1,2.163340779462E1));
#1152=CARTESIAN_POINT('',(2.482151577807E0,4.918079821096E1,2.192768257445E1));
#1153=CARTESIAN_POINT('',(2.231790589067E0,4.957440122445E1,2.222416797092E1));
#1154=CARTESIAN_POINT('',(1.910425580927E0,4.983192142298E1,2.250657616789E1));
#1155=CARTESIAN_POINT('',(1.488973513497E0,4.996670569041E1,2.276697188735E1));
#1156=CARTESIAN_POINT('',(9.779179894755E-1,5.000046235296E1,2.295462071986E1));
#1157=CARTESIAN_POINT('',(4.842709291935E-1,4.999972732484E1,2.303184784986E1));
#1158=CARTESIAN_POINT('',(1.580421056435E-1,5.000021618977E1,2.302441403714E1));
#1159=CARTESIAN_POINT('',(0.E0,4.999980589837E1,2.300674439256E1));
#1161=DIRECTION('',(0.E0,1.E0,0.E0));
#1162=VECTOR('',#1161,6.000194101628E0);
#1163=CARTESIAN_POINT('',(0.E0,4.999980589837E1,2.300674439256E1));
#1164=LINE('',#1163,#1162);
#1165=DIRECTION('',(0.E0,-1.E0,0.E0));
#1166=VECTOR('',#1165,1.534857225127E1);
#1167=CARTESIAN_POINT('',(3.E0,-4.465142774873E1,2.032346281956E1));
#1168=LINE('',#1167,#1166);
#1169=DIRECTION('',(0.E0,1.E0,0.E0));
#1170=VECTOR('',#1169,6.000194101628E0);
#1171=CARTESIAN_POINT('',(0.E0,-5.6E1,2.300674439256E1));
#1172=LINE('',#1171,#1170);
#1173=CARTESIAN_POINT('',(0.E0,-4.999980589837E1,2.300674439256E1));
#1174=CARTESIAN_POINT('',(1.459730279382E-1,-5.000018485737E1,
2.302306467323E1));
#1175=CARTESIAN_POINT('',(4.481881618067E-1,-4.999981186693E1,
2.303160828503E1));
#1176=CARTESIAN_POINT('',(8.982984555852E-1,-5.000031316264E1,
2.297130906348E1));
#1177=CARTESIAN_POINT('',(1.396205306808E0,-4.997912816408E1,2.281025426481E1));
#1178=CARTESIAN_POINT('',(1.843851572476E0,-4.986489479578E1,2.255540753677E1));
#1179=CARTESIAN_POINT('',(2.179739329120E0,-4.963132348065E1,2.227649424373E1));
#1180=CARTESIAN_POINT('',(2.450687423242E0,-4.924818572378E1,2.197116303533E1));
#1181=CARTESIAN_POINT('',(2.649604896287E0,-4.872903372143E1,2.166787434354E1));
#1182=CARTESIAN_POINT('',(2.790746473882E0,-4.810908199984E1,2.138035098830E1));
#1183=CARTESIAN_POINT('',(2.889562836124E0,-4.739484084087E1,2.110490851214E1));
#1184=CARTESIAN_POINT('',(2.954864144363E0,-4.658715633413E1,2.083869186245E1));
#1185=CARTESIAN_POINT('',(2.992044230373E0,-4.568198007419E1,2.057887031276E1));
#1186=CARTESIAN_POINT('',(3.E0,-4.500649180260E1,2.040801810995E1));
#1187=CARTESIAN_POINT('',(3.E0,-4.465142774873E1,2.032346281956E1));
#1189=DIRECTION('',(0.E0,1.E0,0.E0));
#1190=VECTOR('',#1189,4.E0);
#1191=CARTESIAN_POINT('',(-1.6E1,5.6E1,-4.E0));
#1192=LINE('',#1191,#1190);
#1193=DIRECTION('',(0.E0,1.E0,0.E0));
#1194=VECTOR('',#1193,4.E0);
#1195=CARTESIAN_POINT('',(-1.6E1,-6.E1,-4.E0));
#1196=LINE('',#1195,#1194);
#1197=DIRECTION('',(0.E0,1.E0,0.E0));
#1198=VECTOR('',#1197,4.E0);
#1199=CARTESIAN_POINT('',(-1.6E1,5.6E1,4.E0));
#1200=LINE('',#1199,#1198);
#1201=DIRECTION('',(0.E0,1.E0,0.E0));
#1202=VECTOR('',#1201,4.E0);
#1203=CARTESIAN_POINT('',(-1.6E1,-6.E1,4.E0));
#1204=LINE('',#1203,#1202);
#1205=DIRECTION('',(-1.E0,0.E0,0.E0));
#1206=VECTOR('',#1205,3.E0);
#1207=CARTESIAN_POINT('',(3.E0,5.2E1,1.78E1));
#1208=LINE('',#1207,#1206);
#1209=DIRECTION('',(-1.E0,0.E0,0.E0));
#1210=VECTOR('',#1209,3.E0);
#1211=CARTESIAN_POINT('',(3.E0,4.8E1,1.78E1));
#1212=LINE('',#1211,#1210);
#1213=DIRECTION('',(-1.E0,0.E0,0.E0));
#1214=VECTOR('',#1213,3.E0);
#1215=CARTESIAN_POINT('',(3.E0,4.8E1,-2.2E0));
#1216=LINE('',#1215,#1214);
#1217=DIRECTION('',(-1.603334416071E-8,1.E0,0.E0));
#1218=VECTOR('',#1217,2.476197919685E0);
#1219=CARTESIAN_POINT('',(-2.E0,-6.E1,9.85E0));
#1220=LINE('',#1219,#1218);
#1221=CARTESIAN_POINT('',(-1.322754630971E0,-5.6E1,9.707791764233E0));
#1222=CARTESIAN_POINT('',(-1.825147013417E0,-5.6E1,9.920322191908E0));
#1223=CARTESIAN_POINT('',(-2.964286938045E0,-5.6E1,9.902653204628E0));
#1224=CARTESIAN_POINT('',(-4.388398300472E0,-5.6E1,8.164671404856E0));
#1225=CARTESIAN_POINT('',(-5.241691255047E0,-5.6E1,5.917812293199E0));
#1226=CARTESIAN_POINT('',(-5.695876258443E0,-5.6E1,3.973479801824E0));
#1227=CARTESIAN_POINT('',(-5.908495929821E0,-5.6E1,2.280264180023E0));
#1228=CARTESIAN_POINT('',(-5.987797143166E0,-5.6E1,9.536685825750E-1));
#1229=CARTESIAN_POINT('',(-6.006101428417E0,-5.6E1,0.E0));
#1230=CARTESIAN_POINT('',(-5.987797143166E0,-5.6E1,-9.536685825749E-1));
#1231=CARTESIAN_POINT('',(-5.908495929821E0,-5.6E1,-2.280264180023E0));
#1232=CARTESIAN_POINT('',(-5.695876258443E0,-5.6E1,-3.973479801824E0));
#1233=CARTESIAN_POINT('',(-5.241691255047E0,-5.6E1,-5.917812293199E0));
#1234=CARTESIAN_POINT('',(-4.388398300472E0,-5.6E1,-8.164671404856E0));
#1235=CARTESIAN_POINT('',(-2.964286938045E0,-5.6E1,-9.902653204628E0));
#1236=CARTESIAN_POINT('',(-1.825147013417E0,-5.6E1,-9.920322191908E0));
#1237=CARTESIAN_POINT('',(-1.322754630971E0,-5.6E1,-9.707791764233E0));
#1239=DIRECTION('',(0.E0,1.E0,0.E0));
#1240=VECTOR('',#1239,2.476197919685E0);
#1241=CARTESIAN_POINT('',(-2.E0,-6.E1,-9.85E0));
#1242=LINE('',#1241,#1240);
#1243=DIRECTION('',(-1.E0,0.E0,0.E0));
#1244=VECTOR('',#1243,5.E0);
#1245=CARTESIAN_POINT('',(3.E0,-5.752380208031E1,-9.85E0));
#1246=LINE('',#1245,#1244);
#1247=DIRECTION('',(1.E0,0.E0,0.E0));
#1248=VECTOR('',#1247,1.000000000541E0);
#1249=CARTESIAN_POINT('',(-1.000000000541E0,2.8E1,-9.E0));
#1250=LINE('',#1249,#1248);
#1251=DIRECTION('',(-1.E0,0.E0,0.E0));
#1252=VECTOR('',#1251,1.000000001082E0);
#1253=CARTESIAN_POINT('',(0.E0,-2.8E1,-9.E0));
#1254=LINE('',#1253,#1252);
#1255=DIRECTION('',(9.664455743622E-12,1.E0,0.E0));
#1256=VECTOR('',#1255,5.6E1);
#1257=CARTESIAN_POINT('',(-1.000000001082E0,-2.8E1,-9.E0));
#1258=LINE('',#1257,#1256);
#1259=CARTESIAN_POINT('',(-1.E0,2.8E1,-1.1E1));
#1260=DIRECTION('',(1.E0,0.E0,0.E0));
#1261=DIRECTION('',(0.E0,1.E0,0.E0));
#1262=AXIS2_PLACEMENT_3D('',#1259,#1260,#1261);
#1264=CARTESIAN_POINT('',(0.E0,2.8E1,-1.1E1));
#1265=DIRECTION('',(1.E0,0.E0,0.E0));
#1266=DIRECTION('',(0.E0,1.E0,0.E0));
#1267=AXIS2_PLACEMENT_3D('',#1264,#1265,#1266);
#1269=CARTESIAN_POINT('',(-1.E0,2.8E1,-1.1E1));
#1270=DIRECTION('',(0.E0,0.E0,1.E0));
#1271=DIRECTION('',(0.E0,1.E0,0.E0));
#1272=AXIS2_PLACEMENT_3D('',#1269,#1270,#1271);
#1274=CARTESIAN_POINT('',(-1.E0,2.8E1,-1.1E1));
#1275=DIRECTION('',(0.E0,1.E0,0.E0));
#1276=DIRECTION('',(-1.E0,0.E0,0.E0));
#1277=AXIS2_PLACEMENT_3D('',#1274,#1275,#1276);
#1279=CARTESIAN_POINT('',(-1.E0,-2.8E1,-1.1E1));
#1280=DIRECTION('',(0.E0,-1.E0,0.E0));
#1281=DIRECTION('',(0.E0,0.E0,1.E0));
#1282=AXIS2_PLACEMENT_3D('',#1279,#1280,#1281);
#1284=CARTESIAN_POINT('',(-1.E0,-2.8E1,-1.1E1));
#1285=DIRECTION('',(-1.E0,0.E0,0.E0));
#1286=DIRECTION('',(0.E0,-1.E0,0.E0));
#1287=AXIS2_PLACEMENT_3D('',#1284,#1285,#1286);
#1289=CARTESIAN_POINT('',(0.E0,-2.8E1,-1.1E1));
#1290=DIRECTION('',(1.E0,0.E0,0.E0));
#1291=DIRECTION('',(0.E0,0.E0,1.E0));
#1292=AXIS2_PLACEMENT_3D('',#1289,#1290,#1291);
#1294=DIRECTION('',(1.E0,0.E0,0.E0));
#1295=VECTOR('',#1294,1.E0);
#1296=CARTESIAN_POINT('',(-1.E0,-3.E1,-1.2E1));
#1297=LINE('',#1296,#1295);
#1298=DIRECTION('',(0.E0,0.E0,-1.E0));
#1299=VECTOR('',#1298,1.E0);
#1300=CARTESIAN_POINT('',(-1.E0,-3.E1,-1.1E1));
#1301=LINE('',#1300,#1299);
#1302=DIRECTION('',(-1.E0,0.E0,0.E0));
#1303=VECTOR('',#1302,1.E0);
#1304=CARTESIAN_POINT('',(0.E0,-3.E1,-1.1E1));
#1305=LINE('',#1304,#1303);
#1306=CARTESIAN_POINT('',(-1.E0,-2.8E1,-1.2E1));
#1307=DIRECTION('',(1.E0,0.E0,0.E0));
#1308=DIRECTION('',(0.E0,-1.E0,0.E0));
#1309=AXIS2_PLACEMENT_3D('',#1306,#1307,#1308);
#1311=CARTESIAN_POINT('',(0.E0,-2.8E1,-1.2E1));
#1312=DIRECTION('',(1.E0,0.E0,0.E0));
#1313=DIRECTION('',(0.E0,-1.E0,0.E0));
#1314=AXIS2_PLACEMENT_3D('',#1311,#1312,#1313);
#1316=DIRECTION('',(-1.E0,0.E0,0.E0));
#1317=VECTOR('',#1316,1.000000001082E0);
#1318=CARTESIAN_POINT('',(0.E0,2.8E1,-1.4E1));
#1319=LINE('',#1318,#1317);
#1320=DIRECTION('',(9.664479534115E-12,-1.E0,0.E0));
#1321=VECTOR('',#1320,5.6E1);
#1322=CARTESIAN_POINT('',(-1.000000001082E0,2.8E1,-1.4E1));
#1323=LINE('',#1322,#1321);
#1324=DIRECTION('',(1.E0,0.E0,0.E0));
#1325=VECTOR('',#1324,1.000000000541E0);
#1326=CARTESIAN_POINT('',(-1.000000000541E0,-2.8E1,-1.4E1));
#1327=LINE('',#1326,#1325);
#1328=CARTESIAN_POINT('',(0.E0,2.8E1,-1.2E1));
#1329=DIRECTION('',(1.E0,0.E0,0.E0));
#1330=DIRECTION('',(0.E0,0.E0,-1.E0));
#1331=AXIS2_PLACEMENT_3D('',#1328,#1329,#1330);
#1333=DIRECTION('',(1.E0,0.E0,0.E0));
#1334=VECTOR('',#1333,1.E0);
#1335=CARTESIAN_POINT('',(-1.E0,3.E1,-1.1E1));
#1336=LINE('',#1335,#1334);
#1337=DIRECTION('',(0.E0,0.E0,1.E0));
#1338=VECTOR('',#1337,1.E0);
#1339=CARTESIAN_POINT('',(-1.E0,3.E1,-1.2E1));
#1340=LINE('',#1339,#1338);
#1341=DIRECTION('',(-1.E0,0.E0,0.E0));
#1342=VECTOR('',#1341,1.E0);
#1343=CARTESIAN_POINT('',(0.E0,3.E1,-1.2E1));
#1344=LINE('',#1343,#1342);
#1345=CARTESIAN_POINT('',(-1.E0,2.8E1,-1.2E1));
#1346=DIRECTION('',(0.E0,0.E0,1.E0));
#1347=DIRECTION('',(0.E0,1.E0,0.E0));
#1348=AXIS2_PLACEMENT_3D('',#1345,#1346,#1347);
#1350=DIRECTION('',(0.E0,0.E0,1.E0));
#1351=VECTOR('',#1350,9.999999970665E-1);
#1352=CARTESIAN_POINT('',(-3.E0,2.8E1,-1.199999999853E1));
#1353=LINE('',#1352,#1351);
#1354=DIRECTION('',(0.E0,1.E0,0.E0));
#1355=VECTOR('',#1354,5.6E1);
#1356=CARTESIAN_POINT('',(-3.E0,-2.8E1,-1.100000000147E1));
#1357=LINE('',#1356,#1355);
#1358=DIRECTION('',(0.E0,0.E0,-1.E0));
#1359=VECTOR('',#1358,9.999999970665E-1);
#1360=CARTESIAN_POINT('',(-3.E0,-2.8E1,-1.100000000147E1));
#1361=LINE('',#1360,#1359);
#1362=DIRECTION('',(0.E0,-1.E0,0.E0));
#1363=VECTOR('',#1362,5.6E1);
#1364=CARTESIAN_POINT('',(-3.E0,2.8E1,-1.199999999853E1));
#1365=LINE('',#1364,#1363);
#1366=CARTESIAN_POINT('',(-1.E0,-2.8E1,-1.1E1));
#1367=DIRECTION('',(0.E0,0.E0,-1.E0));
#1368=DIRECTION('',(0.E0,-1.E0,0.E0));
#1369=AXIS2_PLACEMENT_3D('',#1366,#1367,#1368);
#1371=CARTESIAN_POINT('',(-1.E0,-2.8E1,-1.2E1));
#1372=DIRECTION('',(0.E0,0.E0,-1.E0));
#1373=DIRECTION('',(0.E0,-1.E0,0.E0));
#1374=AXIS2_PLACEMENT_3D('',#1371,#1372,#1373);
#1376=CARTESIAN_POINT('',(-1.E0,2.8E1,-1.2E1));
#1377=DIRECTION('',(0.E0,1.E0,0.E0));
#1378=DIRECTION('',(0.E0,0.E0,-1.E0));
#1379=AXIS2_PLACEMENT_3D('',#1376,#1377,#1378);
#1381=CARTESIAN_POINT('',(-1.E0,-2.8E1,-1.2E1));
#1382=DIRECTION('',(0.E0,-1.E0,0.E0));
#1383=DIRECTION('',(-1.E0,0.E0,0.E0));
#1384=AXIS2_PLACEMENT_3D('',#1381,#1382,#1383);
#1386=CARTESIAN_POINT('',(-1.E0,2.8E1,-1.2E1));
#1387=DIRECTION('',(-1.E0,0.E0,0.E0));
#1388=DIRECTION('',(0.E0,1.E0,0.E0));
#1389=AXIS2_PLACEMENT_3D('',#1386,#1387,#1388);
#1391=CARTESIAN_POINT('',(-2.725127018922E1,5.6E1,7.534421012925E0));
#1392=CARTESIAN_POINT('',(-2.725127018922E1,5.6E1,-7.534421012925E0));
#1393=VERTEX_POINT('',#1391);
#1394=VERTEX_POINT('',#1392);
#1395=CARTESIAN_POINT('',(-2.725127018922E1,6.E1,-7.534421012925E0));
#1396=VERTEX_POINT('',#1395);
#1397=CARTESIAN_POINT('',(-2.725127018922E1,6.E1,7.534421012925E0));
#1398=VERTEX_POINT('',#1397);
#1399=CARTESIAN_POINT('',(3.E0,6.E1,-9.85E0));
#1400=CARTESIAN_POINT('',(3.E0,5.752380208031E1,-9.85E0));
#1401=VERTEX_POINT('',#1399);
#1402=VERTEX_POINT('',#1400);
#1403=CARTESIAN_POINT('',(3.E0,6.E1,9.85E0));
#1404=CARTESIAN_POINT('',(3.E0,5.752380208031E1,9.85E0));
#1405=VERTEX_POINT('',#1403);
#1406=VERTEX_POINT('',#1404);
#1407=CARTESIAN_POINT('',(3.E0,-6.E1,-9.85E0));
#1408=CARTESIAN_POINT('',(3.E0,-5.752380208031E1,-9.85E0));
#1409=VERTEX_POINT('',#1407);
#1410=VERTEX_POINT('',#1408);
#1411=CARTESIAN_POINT('',(3.E0,-6.E1,9.85E0));
#1412=CARTESIAN_POINT('',(3.E0,-5.752380208031E1,9.85E0));
#1413=VERTEX_POINT('',#1411);
#1414=VERTEX_POINT('',#1412);
#1415=VERTEX_POINT('',#850);
#1416=VERTEX_POINT('',#864);
#1417=CARTESIAN_POINT('',(-2.000000040382E0,5.752380208031E1,9.85E0));
#1418=VERTEX_POINT('',#1417);
#1419=CARTESIAN_POINT('',(-2.E0,5.752380208031E1,-9.85E0));
#1420=VERTEX_POINT('',#1419);
#1421=VERTEX_POINT('',#940);
#1422=VERTEX_POINT('',#960);
#1423=CARTESIAN_POINT('',(0.E0,5.6E1,9.707791764233E0));
#1424=VERTEX_POINT('',#1423);
#1425=CARTESIAN_POINT('',(0.E0,5.6E1,-9.707791764233E0));
#1426=VERTEX_POINT('',#1425);
#1427=VERTEX_POINT('',#714);
#1428=VERTEX_POINT('',#728);
#1429=CARTESIAN_POINT('',(-2.000000039702E0,-5.752380208031E1,9.85E0));
#1430=VERTEX_POINT('',#1429);
#1431=CARTESIAN_POINT('',(-2.E0,-5.752380208031E1,-9.85E0));
#1432=VERTEX_POINT('',#1431);
#1433=VERTEX_POINT('',#568);
#1434=VERTEX_POINT('',#578);
#1435=CARTESIAN_POINT('',(0.E0,-5.6E1,9.707791764233E0));
#1436=VERTEX_POINT('',#1435);
#1437=CARTESIAN_POINT('',(0.E0,-5.6E1,-9.707791764233E0));
#1438=VERTEX_POINT('',#1437);
#1439=CARTESIAN_POINT('',(3.E0,-6.E1,2.032346281956E1));
#1440=CARTESIAN_POINT('',(-1.05E0,-6.E1,2.266173140978E1));
#1441=VERTEX_POINT('',#1439);
#1442=VERTEX_POINT('',#1440);
#1443=CARTESIAN_POINT('',(-1.05E0,-5.6E1,2.266173140978E1));
#1444=VERTEX_POINT('',#1443);
#1445=CARTESIAN_POINT('',(0.E0,-5.6E1,2.300674439256E1));
#1446=VERTEX_POINT('',#1445);
#1447=CARTESIAN_POINT('',(-1.05E0,6.E1,2.266173140978E1));
#1448=CARTESIAN_POINT('',(3.E0,6.E1,2.032346281956E1));
#1449=VERTEX_POINT('',#1447);
#1450=VERTEX_POINT('',#1448);
#1451=CARTESIAN_POINT('',(-1.05E0,5.6E1,2.266173140978E1));
#1452=CARTESIAN_POINT('',(0.E0,5.6E1,2.300674439256E1));
#1453=VERTEX_POINT('',#1451);
#1454=VERTEX_POINT('',#1452);
#1455=CARTESIAN_POINT('',(3.E0,6.E1,-2.032346281956E1));
#1456=CARTESIAN_POINT('',(-1.05E0,6.E1,-2.266173140978E1));
#1457=VERTEX_POINT('',#1455);
#1458=VERTEX_POINT('',#1456);
#1459=CARTESIAN_POINT('',(-1.05E0,5.6E1,-2.266173140978E1));
#1460=VERTEX_POINT('',#1459);
#1461=CARTESIAN_POINT('',(0.E0,5.6E1,-2.300674439256E1));
#1462=VERTEX_POINT('',#1461);
#1463=CARTESIAN_POINT('',(-1.05E0,-6.E1,-2.266173140978E1));
#1464=CARTESIAN_POINT('',(3.E0,-6.E1,-2.032346281956E1));
#1465=VERTEX_POINT('',#1463);
#1466=VERTEX_POINT('',#1464);
#1467=CARTESIAN_POINT('',(-1.05E0,-5.6E1,-2.266173140978E1));
#1468=CARTESIAN_POINT('',(0.E0,-5.6E1,-2.300674439256E1));
#1469=VERTEX_POINT('',#1467);
#1470=VERTEX_POINT('',#1468);
#1471=CARTESIAN_POINT('',(-2.980127018922E1,-6.E1,6.062177826491E0));
#1472=CARTESIAN_POINT('',(-2.980127018922E1,-6.E1,-6.062177826491E0));
#1473=VERTEX_POINT('',#1471);
#1474=VERTEX_POINT('',#1472);
#1475=CARTESIAN_POINT('',(-2.980127018922E1,-5.6E1,-6.062177826491E0));
#1476=VERTEX_POINT('',#1475);
#1477=CARTESIAN_POINT('',(-2.980127018922E1,-5.6E1,6.062177826491E0));
#1478=VERTEX_POINT('',#1477);
#1479=VERTEX_POINT('',#391);
#1480=VERTEX_POINT('',#403);
#1481=VERTEX_POINT('',#214);
#1482=VERTEX_POINT('',#328);
#1483=VERTEX_POINT('',#61);
#1484=VERTEX_POINT('',#175);
#1485=VERTEX_POINT('',#451);
#1486=VERTEX_POINT('',#463);
#1487=CARTESIAN_POINT('',(3.E0,-3.E1,1.E0));
#1488=CARTESIAN_POINT('',(0.E0,-3.E1,1.E0));
#1489=VERTEX_POINT('',#1487);
#1490=VERTEX_POINT('',#1488);
#1491=CARTESIAN_POINT('',(3.E0,-2.8E1,3.E0));
#1492=CARTESIAN_POINT('',(0.E0,-2.8E1,3.E0));
#1493=VERTEX_POINT('',#1491);
#1494=VERTEX_POINT('',#1492);
#1495=CARTESIAN_POINT('',(3.E0,-2.8E1,-3.E0));
#1496=CARTESIAN_POINT('',(0.E0,-2.8E1,-3.E0));
#1497=VERTEX_POINT('',#1495);
#1498=VERTEX_POINT('',#1496);
#1499=CARTESIAN_POINT('',(3.E0,-3.E1,-1.E0));
#1500=CARTESIAN_POINT('',(0.E0,-3.E1,-1.E0));
#1501=VERTEX_POINT('',#1499);
#1502=VERTEX_POINT('',#1500);
#1503=CARTESIAN_POINT('',(3.E0,2.8E1,3.E0));
#1504=CARTESIAN_POINT('',(0.E0,2.8E1,3.E0));
#1505=VERTEX_POINT('',#1503);
#1506=VERTEX_POINT('',#1504);
#1507=CARTESIAN_POINT('',(3.E0,3.E1,1.E0));
#1508=CARTESIAN_POINT('',(0.E0,3.E1,1.E0));
#1509=VERTEX_POINT('',#1507);
#1510=VERTEX_POINT('',#1508);
#1511=CARTESIAN_POINT('',(3.E0,3.E1,-1.E0));
#1512=CARTESIAN_POINT('',(0.E0,3.E1,-1.E0));
#1513=VERTEX_POINT('',#1511);
#1514=VERTEX_POINT('',#1512);
#1515=CARTESIAN_POINT('',(3.E0,2.8E1,-3.E0));
#1516=CARTESIAN_POINT('',(0.E0,2.8E1,-3.E0));
#1517=VERTEX_POINT('',#1515);
#1518=VERTEX_POINT('',#1516);
#1519=CARTESIAN_POINT('',(-1.6E1,6.E1,-4.E0));
#1520=CARTESIAN_POINT('',(-1.6E1,6.E1,4.E0));
#1521=VERTEX_POINT('',#1519);
#1522=VERTEX_POINT('',#1520);
#1523=CARTESIAN_POINT('',(-1.6E1,-6.E1,-4.E0));
#1524=CARTESIAN_POINT('',(-1.6E1,-6.E1,4.E0));
#1525=VERTEX_POINT('',#1523);
#1526=VERTEX_POINT('',#1524);
#1527=CARTESIAN_POINT('',(-1.6E1,5.6E1,-4.E0));
#1528=CARTESIAN_POINT('',(-1.6E1,5.6E1,4.E0));
#1529=VERTEX_POINT('',#1527);
#1530=VERTEX_POINT('',#1528);
#1531=CARTESIAN_POINT('',(-1.6E1,-5.6E1,-4.E0));
#1532=CARTESIAN_POINT('',(-1.6E1,-5.6E1,4.E0));
#1533=VERTEX_POINT('',#1531);
#1534=VERTEX_POINT('',#1532);
#1535=CARTESIAN_POINT('',(-1.6E1,6.E1,5.5E0));
#1536=CARTESIAN_POINT('',(-1.6E1,6.E1,1.15E1));
#1537=VERTEX_POINT('',#1535);
#1538=VERTEX_POINT('',#1536);
#1539=CARTESIAN_POINT('',(-1.6E1,-6.E1,5.5E0));
#1540=CARTESIAN_POINT('',(-1.6E1,-6.E1,1.15E1));
#1541=VERTEX_POINT('',#1539);
#1542=VERTEX_POINT('',#1540);
#1543=CARTESIAN_POINT('',(-1.6E1,6.E1,-5.5E0));
#1544=CARTESIAN_POINT('',(-1.6E1,6.E1,-1.15E1));
#1545=VERTEX_POINT('',#1543);
#1546=VERTEX_POINT('',#1544);
#1547=CARTESIAN_POINT('',(-1.6E1,-6.E1,-5.5E0));
#1548=CARTESIAN_POINT('',(-1.6E1,-6.E1,-1.15E1));
#1549=VERTEX_POINT('',#1547);
#1550=VERTEX_POINT('',#1548);
#1551=CARTESIAN_POINT('',(-1.6E1,-5.6E1,-6.75E0));
#1552=CARTESIAN_POINT('',(-1.6E1,-5.6E1,-1.025E1));
#1553=VERTEX_POINT('',#1551);
#1554=VERTEX_POINT('',#1552);
#1555=CARTESIAN_POINT('',(-1.6E1,-5.75E1,-6.75E0));
#1556=CARTESIAN_POINT('',(-1.6E1,-5.75E1,-1.025E1));
#1557=VERTEX_POINT('',#1555);
#1558=VERTEX_POINT('',#1556);
#1559=CARTESIAN_POINT('',(-1.6E1,-5.75E1,-5.5E0));
#1560=CARTESIAN_POINT('',(-1.6E1,-5.75E1,-1.15E1));
#1561=VERTEX_POINT('',#1559);
#1562=VERTEX_POINT('',#1560);
#1563=CARTESIAN_POINT('',(-1.6E1,5.6E1,-6.75E0));
#1564=CARTESIAN_POINT('',(-1.6E1,5.6E1,-1.025E1));
#1565=VERTEX_POINT('',#1563);
#1566=VERTEX_POINT('',#1564);
#1567=CARTESIAN_POINT('',(-1.6E1,5.75E1,-6.75E0));
#1568=CARTESIAN_POINT('',(-1.6E1,5.75E1,-1.025E1));
#1569=VERTEX_POINT('',#1567);
#1570=VERTEX_POINT('',#1568);
#1571=CARTESIAN_POINT('',(-1.6E1,5.75E1,-5.5E0));
#1572=CARTESIAN_POINT('',(-1.6E1,5.75E1,-1.15E1));
#1573=VERTEX_POINT('',#1571);
#1574=VERTEX_POINT('',#1572);
#1575=CARTESIAN_POINT('',(-1.6E1,-5.6E1,6.75E0));
#1576=CARTESIAN_POINT('',(-1.6E1,-5.6E1,1.025E1));
#1577=VERTEX_POINT('',#1575);
#1578=VERTEX_POINT('',#1576);
#1579=CARTESIAN_POINT('',(-1.6E1,-5.75E1,6.75E0));
#1580=CARTESIAN_POINT('',(-1.6E1,-5.75E1,1.025E1));
#1581=VERTEX_POINT('',#1579);
#1582=VERTEX_POINT('',#1580);
#1583=CARTESIAN_POINT('',(-1.6E1,5.6E1,6.75E0));
#1584=CARTESIAN_POINT('',(-1.6E1,5.6E1,1.025E1));
#1585=VERTEX_POINT('',#1583);
#1586=VERTEX_POINT('',#1584);
#1587=CARTESIAN_POINT('',(-1.6E1,5.75E1,6.75E0));
#1588=CARTESIAN_POINT('',(-1.6E1,5.75E1,1.025E1));
#1589=VERTEX_POINT('',#1587);
#1590=VERTEX_POINT('',#1588);
#1591=CARTESIAN_POINT('',(-1.6E1,-5.75E1,5.5E0));
#1592=CARTESIAN_POINT('',(-1.6E1,-5.75E1,1.15E1));
#1593=VERTEX_POINT('',#1591);
#1594=VERTEX_POINT('',#1592);
#1595=CARTESIAN_POINT('',(-1.6E1,5.75E1,5.5E0));
#1596=CARTESIAN_POINT('',(-1.6E1,5.75E1,1.15E1));
#1597=VERTEX_POINT('',#1595);
#1598=VERTEX_POINT('',#1596);
#1599=CARTESIAN_POINT('',(3.E0,5.2E1,1.78E1));
#1600=CARTESIAN_POINT('',(3.E0,5.2E1,7.776534977895E0));
#1601=VERTEX_POINT('',#1599);
#1602=VERTEX_POINT('',#1600);
#1603=CARTESIAN_POINT('',(3.E0,4.8E1,1.78E1));
#1604=CARTESIAN_POINT('',(3.E0,4.8E1,-2.2E0));
#1605=VERTEX_POINT('',#1603);
#1606=VERTEX_POINT('',#1604);
#1607=CARTESIAN_POINT('',(3.E0,4.875115779287E1,-2.2E0));
#1608=VERTEX_POINT('',#1607);
#1609=CARTESIAN_POINT('',(0.E0,4.8E1,-2.2E0));
#1610=VERTEX_POINT('',#1609);
#1611=CARTESIAN_POINT('',(0.E0,5.2E1,1.78E1));
#1612=VERTEX_POINT('',#1611);
#1613=CARTESIAN_POINT('',(0.E0,4.8E1,1.78E1));
#1614=VERTEX_POINT('',#1613);
#1615=CARTESIAN_POINT('',(0.E0,5.2E1,7.776534977895E0));
#1616=VERTEX_POINT('',#1615);
#1617=CARTESIAN_POINT('',(0.E0,4.875115779287E1,-2.2E0));
#1618=VERTEX_POINT('',#1617);
#1619=CARTESIAN_POINT('',(-1.000000000541E0,-2.8E1,-1.4E1));
#1620=CARTESIAN_POINT('',(0.E0,-2.8E1,-1.4E1));
#1621=VERTEX_POINT('',#1619);
#1622=VERTEX_POINT('',#1620);
#1623=CARTESIAN_POINT('',(-1.E0,-3.E1,-1.2E1));
#1624=CARTESIAN_POINT('',(0.E0,-3.E1,-1.2E1));
#1625=VERTEX_POINT('',#1623);
#1626=VERTEX_POINT('',#1624);
#1627=CARTESIAN_POINT('',(-3.E0,-2.8E1,-1.2E1));
#1628=VERTEX_POINT('',#1627);
#1629=CARTESIAN_POINT('',(-1.E0,-3.E1,-1.1E1));
#1630=VERTEX_POINT('',#1629);
#1631=CARTESIAN_POINT('',(-3.E0,-2.8E1,-1.100000000147E1));
#1632=VERTEX_POINT('',#1631);
#1633=CARTESIAN_POINT('',(-1.E0,-2.8E1,-9.E0));
#1634=VERTEX_POINT('',#1633);
#1635=CARTESIAN_POINT('',(0.E0,-3.E1,-1.1E1));
#1636=VERTEX_POINT('',#1635);
#1637=CARTESIAN_POINT('',(0.E0,-2.8E1,-9.E0));
#1638=VERTEX_POINT('',#1637);
#1639=CARTESIAN_POINT('',(-1.000000000541E0,2.8E1,-9.E0));
#1640=CARTESIAN_POINT('',(0.E0,2.8E1,-9.E0));
#1641=VERTEX_POINT('',#1639);
#1642=VERTEX_POINT('',#1640);
#1643=CARTESIAN_POINT('',(-1.E0,3.E1,-1.1E1));
#1644=CARTESIAN_POINT('',(0.E0,3.E1,-1.1E1));
#1645=VERTEX_POINT('',#1643);
#1646=VERTEX_POINT('',#1644);
#1647=CARTESIAN_POINT('',(-3.E0,2.8E1,-1.1E1));
#1648=VERTEX_POINT('',#1647);
#1649=CARTESIAN_POINT('',(-1.E0,3.E1,-1.2E1));
#1650=VERTEX_POINT('',#1649);
#1651=CARTESIAN_POINT('',(-3.E0,2.8E1,-1.199999999853E1));
#1652=VERTEX_POINT('',#1651);
#1653=CARTESIAN_POINT('',(-1.E0,2.8E1,-1.4E1));
#1654=VERTEX_POINT('',#1653);
#1655=CARTESIAN_POINT('',(0.E0,3.E1,-1.2E1));
#1656=VERTEX_POINT('',#1655);
#1657=CARTESIAN_POINT('',(0.E0,2.8E1,-1.4E1));
#1658=VERTEX_POINT('',#1657);
#1659=CARTESIAN_POINT('',(3.E0,-4.8E1,-2.2E0));
#1660=CARTESIAN_POINT('',(0.E0,-4.8E1,-2.2E0));
#1661=VERTEX_POINT('',#1659);
#1662=VERTEX_POINT('',#1660);
#1663=CARTESIAN_POINT('',(3.E0,-5.2E1,1.78E1));
#1664=CARTESIAN_POINT('',(0.E0,-5.2E1,1.78E1));
#1665=VERTEX_POINT('',#1663);
#1666=VERTEX_POINT('',#1664);
#1667=CARTESIAN_POINT('',(3.E0,-4.8E1,1.78E1));
#1668=CARTESIAN_POINT('',(0.E0,-4.8E1,1.78E1));
#1669=VERTEX_POINT('',#1667);
#1670=VERTEX_POINT('',#1668);
#1671=CARTESIAN_POINT('',(0.E0,-5.2E1,7.776534977895E0));
#1672=VERTEX_POINT('',#1671);
#1673=CARTESIAN_POINT('',(0.E0,-4.875115779287E1,-2.2E0));
#1674=VERTEX_POINT('',#1673);
#1675=CARTESIAN_POINT('',(3.E0,-5.2E1,7.776534977895E0));
#1676=VERTEX_POINT('',#1675);
#1677=CARTESIAN_POINT('',(3.E0,-4.875115779287E1,-2.2E0));
#1678=VERTEX_POINT('',#1677);
#1679=CARTESIAN_POINT('',(0.E0,0.E0,0.E0));
#1680=DIRECTION('',(1.E0,0.E0,0.E0));
#1681=DIRECTION('',(0.E0,-1.E0,0.E0));
#1682=AXIS2_PLACEMENT_3D('',#1679,#1680,#1681);
#1683=PLANE('',#1682);
#1685=ORIENTED_EDGE('',*,*,#1684,.T.);
#1687=ORIENTED_EDGE('',*,*,#1686,.T.);
#1689=ORIENTED_EDGE('',*,*,#1688,.T.);
#1691=ORIENTED_EDGE('',*,*,#1690,.T.);
#1693=ORIENTED_EDGE('',*,*,#1692,.T.);
#1695=ORIENTED_EDGE('',*,*,#1694,.T.);
#1697=ORIENTED_EDGE('',*,*,#1696,.F.);
#1699=ORIENTED_EDGE('',*,*,#1698,.T.);
#1701=ORIENTED_EDGE('',*,*,#1700,.F.);
#1703=ORIENTED_EDGE('',*,*,#1702,.F.);
#1705=ORIENTED_EDGE('',*,*,#1704,.F.);
#1707=ORIENTED_EDGE('',*,*,#1706,.F.);
#1709=ORIENTED_EDGE('',*,*,#1708,.F.);
#1711=ORIENTED_EDGE('',*,*,#1710,.F.);
#1713=ORIENTED_EDGE('',*,*,#1712,.F.);
#1715=ORIENTED_EDGE('',*,*,#1714,.F.);
#1717=ORIENTED_EDGE('',*,*,#1716,.F.);
#1719=ORIENTED_EDGE('',*,*,#1718,.F.);
#1721=ORIENTED_EDGE('',*,*,#1720,.F.);
#1723=ORIENTED_EDGE('',*,*,#1722,.F.);
#1725=ORIENTED_EDGE('',*,*,#1724,.T.);
#1727=ORIENTED_EDGE('',*,*,#1726,.T.);
#1728=EDGE_LOOP('',(#1685,#1687,#1689,#1691,#1693,#1695,#1697,#1699,#1701,#1703,
#1705,#1707,#1709,#1711,#1713,#1715,#1717,#1719,#1721,#1723,#1725,#1727));
#1729=FACE_OUTER_BOUND('',#1728,.F.);
#1731=ORIENTED_EDGE('',*,*,#1730,.T.);
#1733=ORIENTED_EDGE('',*,*,#1732,.F.);
#1735=ORIENTED_EDGE('',*,*,#1734,.T.);
#1737=ORIENTED_EDGE('',*,*,#1736,.F.);
#1739=ORIENTED_EDGE('',*,*,#1738,.T.);
#1741=ORIENTED_EDGE('',*,*,#1740,.F.);
#1743=ORIENTED_EDGE('',*,*,#1742,.T.);
#1745=ORIENTED_EDGE('',*,*,#1744,.F.);
#1746=EDGE_LOOP('',(#1731,#1733,#1735,#1737,#1739,#1741,#1743,#1745));
#1747=FACE_BOUND('',#1746,.F.);
#1749=ORIENTED_EDGE('',*,*,#1748,.F.);
#1751=ORIENTED_EDGE('',*,*,#1750,.F.);
#1753=ORIENTED_EDGE('',*,*,#1752,.F.);
#1755=ORIENTED_EDGE('',*,*,#1754,.F.);
#1757=ORIENTED_EDGE('',*,*,#1756,.F.);
#1759=ORIENTED_EDGE('',*,*,#1758,.F.);
#1761=ORIENTED_EDGE('',*,*,#1760,.F.);
#1763=ORIENTED_EDGE('',*,*,#1762,.F.);
#1764=EDGE_LOOP('',(#1749,#1751,#1753,#1755,#1757,#1759,#1761,#1763));
#1765=FACE_BOUND('',#1764,.F.);
#1766=ADVANCED_FACE('',(#1729,#1747,#1765),#1683,.F.);
#1767=CARTESIAN_POINT('',(3.E0,-3.E1,-3.E0));
#1768=DIRECTION('',(0.E0,0.E0,-1.E0));
#1769=DIRECTION('',(0.E0,1.E0,0.E0));
#1770=AXIS2_PLACEMENT_3D('',#1767,#1768,#1769);
#1771=PLANE('',#1770);
#1773=ORIENTED_EDGE('',*,*,#1772,.T.);
#1774=ORIENTED_EDGE('',*,*,#1748,.T.);
#1776=ORIENTED_EDGE('',*,*,#1775,.F.);
#1778=ORIENTED_EDGE('',*,*,#1777,.F.);
#1779=EDGE_LOOP('',(#1773,#1774,#1776,#1778));
#1780=FACE_OUTER_BOUND('',#1779,.F.);
#1781=ADVANCED_FACE('',(#1780),#1771,.F.);
#1782=CARTESIAN_POINT('',(5.032233581867E1,-2.8E1,-1.E0));
#1783=DIRECTION('',(-1.E0,0.E0,0.E0));
#1784=DIRECTION('',(0.E0,0.E0,-1.E0));
#1785=AXIS2_PLACEMENT_3D('',#1782,#1783,#1784);
#1786=CYLINDRICAL_SURFACE('',#1785,2.E0);
#1787=ORIENTED_EDGE('',*,*,#1772,.F.);
#1789=ORIENTED_EDGE('',*,*,#1788,.T.);
#1791=ORIENTED_EDGE('',*,*,#1790,.T.);
#1792=ORIENTED_EDGE('',*,*,#1750,.T.);
#1793=EDGE_LOOP('',(#1787,#1789,#1791,#1792));
#1794=FACE_OUTER_BOUND('',#1793,.F.);
#1795=ADVANCED_FACE('',(#1794),#1786,.F.);
#1796=CARTESIAN_POINT('',(3.E0,0.E0,0.E0));
#1797=DIRECTION('',(1.E0,0.E0,0.E0));
#1798=DIRECTION('',(0.E0,-1.E0,0.E0));
#1799=AXIS2_PLACEMENT_3D('',#1796,#1797,#1798);
#1800=PLANE('',#1799);
#1802=ORIENTED_EDGE('',*,*,#1801,.F.);
#1804=ORIENTED_EDGE('',*,*,#1803,.F.);
#1806=ORIENTED_EDGE('',*,*,#1805,.F.);
#1808=ORIENTED_EDGE('',*,*,#1807,.F.);
#1810=ORIENTED_EDGE('',*,*,#1809,.F.);
#1812=ORIENTED_EDGE('',*,*,#1811,.T.);
#1814=ORIENTED_EDGE('',*,*,#1813,.F.);
#1816=ORIENTED_EDGE('',*,*,#1815,.F.);
#1818=ORIENTED_EDGE('',*,*,#1817,.T.);
#1820=ORIENTED_EDGE('',*,*,#1819,.T.);
#1822=ORIENTED_EDGE('',*,*,#1821,.F.);
#1824=ORIENTED_EDGE('',*,*,#1823,.T.);
#1826=ORIENTED_EDGE('',*,*,#1825,.T.);
#1828=ORIENTED_EDGE('',*,*,#1827,.T.);
#1830=ORIENTED_EDGE('',*,*,#1829,.T.);
#1832=ORIENTED_EDGE('',*,*,#1831,.F.);
#1834=ORIENTED_EDGE('',*,*,#1833,.F.);
#1836=ORIENTED_EDGE('',*,*,#1835,.F.);
#1838=ORIENTED_EDGE('',*,*,#1837,.F.);
#1840=ORIENTED_EDGE('',*,*,#1839,.F.);
#1842=ORIENTED_EDGE('',*,*,#1841,.F.);
#1844=ORIENTED_EDGE('',*,*,#1843,.T.);
#1846=ORIENTED_EDGE('',*,*,#1845,.F.);
#1848=ORIENTED_EDGE('',*,*,#1847,.F.);
#1850=ORIENTED_EDGE('',*,*,#1849,.F.);
#1852=ORIENTED_EDGE('',*,*,#1851,.F.);
#1853=EDGE_LOOP('',(#1802,#1804,#1806,#1808,#1810,#1812,#1814,#1816,#1818,#1820,
#1822,#1824,#1826,#1828,#1830,#1832,#1834,#1836,#1838,#1840,#1842,#1844,#1846,
#1848,#1850,#1852));
#1854=FACE_OUTER_BOUND('',#1853,.F.);
#1856=ORIENTED_EDGE('',*,*,#1855,.T.);
#1857=ORIENTED_EDGE('',*,*,#1788,.F.);
#1858=ORIENTED_EDGE('',*,*,#1777,.T.);
#1860=ORIENTED_EDGE('',*,*,#1859,.F.);
#1862=ORIENTED_EDGE('',*,*,#1861,.T.);
#1864=ORIENTED_EDGE('',*,*,#1863,.F.);
#1866=ORIENTED_EDGE('',*,*,#1865,.T.);
#1868=ORIENTED_EDGE('',*,*,#1867,.F.);
#1869=EDGE_LOOP('',(#1856,#1857,#1858,#1860,#1862,#1864,#1866,#1868));
#1870=FACE_BOUND('',#1869,.F.);
#1871=ADVANCED_FACE('',(#1854,#1870),#1800,.T.);
#1872=CARTESIAN_POINT('',(3.E0,-3.E1,3.E0));
#1873=DIRECTION('',(0.E0,-1.E0,0.E0));
#1874=DIRECTION('',(0.E0,0.E0,-1.E0));
#1875=AXIS2_PLACEMENT_3D('',#1872,#1873,#1874);
#1876=PLANE('',#1875);
#1878=ORIENTED_EDGE('',*,*,#1877,.T.);
#1879=ORIENTED_EDGE('',*,*,#1752,.T.);
#1880=ORIENTED_EDGE('',*,*,#1790,.F.);
#1881=ORIENTED_EDGE('',*,*,#1855,.F.);
#1882=EDGE_LOOP('',(#1878,#1879,#1880,#1881));
#1883=FACE_OUTER_BOUND('',#1882,.F.);
#1884=ADVANCED_FACE('',(#1883),#1876,.F.);
#1885=CARTESIAN_POINT('',(5.032233581867E1,-2.8E1,1.E0));
#1886=DIRECTION('',(-1.E0,0.E0,0.E0));
#1887=DIRECTION('',(0.E0,-1.E0,0.E0));
#1888=AXIS2_PLACEMENT_3D('',#1885,#1886,#1887);
#1889=CYLINDRICAL_SURFACE('',#1888,2.E0);
#1890=ORIENTED_EDGE('',*,*,#1877,.F.);
#1891=ORIENTED_EDGE('',*,*,#1867,.T.);
#1893=ORIENTED_EDGE('',*,*,#1892,.T.);
#1894=ORIENTED_EDGE('',*,*,#1754,.T.);
#1895=EDGE_LOOP('',(#1890,#1891,#1893,#1894));
#1896=FACE_OUTER_BOUND('',#1895,.F.);
#1897=ADVANCED_FACE('',(#1896),#1889,.F.);
#1898=CARTESIAN_POINT('',(3.E0,3.E1,3.E0));
#1899=DIRECTION('',(0.E0,0.E0,1.E0));
#1900=DIRECTION('',(0.E0,-1.E0,0.E0));
#1901=AXIS2_PLACEMENT_3D('',#1898,#1899,#1900);
#1902=PLANE('',#1901);
#1903=ORIENTED_EDGE('',*,*,#1892,.F.);
#1904=ORIENTED_EDGE('',*,*,#1865,.F.);
#1906=ORIENTED_EDGE('',*,*,#1905,.T.);
#1907=ORIENTED_EDGE('',*,*,#1756,.T.);
#1908=EDGE_LOOP('',(#1903,#1904,#1906,#1907));
#1909=FACE_OUTER_BOUND('',#1908,.F.);
#1910=ADVANCED_FACE('',(#1909),#1902,.F.);
#1911=CARTESIAN_POINT('',(5.032233581867E1,2.8E1,1.E0));
#1912=DIRECTION('',(-1.E0,0.E0,0.E0));
#1913=DIRECTION('',(0.E0,0.E0,1.E0));
#1914=AXIS2_PLACEMENT_3D('',#1911,#1912,#1913);
#1915=CYLINDRICAL_SURFACE('',#1914,2.E0);
#1916=ORIENTED_EDGE('',*,*,#1905,.F.);
#1917=ORIENTED_EDGE('',*,*,#1863,.T.);
#1919=ORIENTED_EDGE('',*,*,#1918,.T.);
#1920=ORIENTED_EDGE('',*,*,#1758,.T.);
#1921=EDGE_LOOP('',(#1916,#1917,#1919,#1920));
#1922=FACE_OUTER_BOUND('',#1921,.F.);
#1923=ADVANCED_FACE('',(#1922),#1915,.F.);
#1924=CARTESIAN_POINT('',(3.E0,3.E1,-3.E0));
#1925=DIRECTION('',(0.E0,1.E0,0.E0));
#1926=DIRECTION('',(0.E0,0.E0,1.E0));
#1927=AXIS2_PLACEMENT_3D('',#1924,#1925,#1926);
#1928=PLANE('',#1927);
#1929=ORIENTED_EDGE('',*,*,#1918,.F.);
#1930=ORIENTED_EDGE('',*,*,#1861,.F.);
#1932=ORIENTED_EDGE('',*,*,#1931,.T.);
#1933=ORIENTED_EDGE('',*,*,#1760,.T.);
#1934=EDGE_LOOP('',(#1929,#1930,#1932,#1933));
#1935=FACE_OUTER_BOUND('',#1934,.F.);
#1936=ADVANCED_FACE('',(#1935),#1928,.F.);
#1937=CARTESIAN_POINT('',(5.032233581867E1,2.8E1,-1.E0));
#1938=DIRECTION('',(-1.E0,0.E0,0.E0));
#1939=DIRECTION('',(0.E0,1.E0,0.E0));
#1940=AXIS2_PLACEMENT_3D('',#1937,#1938,#1939);
#1941=CYLINDRICAL_SURFACE('',#1940,2.E0);
#1942=ORIENTED_EDGE('',*,*,#1931,.F.);
#1943=ORIENTED_EDGE('',*,*,#1859,.T.);
#1944=ORIENTED_EDGE('',*,*,#1775,.T.);
#1945=ORIENTED_EDGE('',*,*,#1762,.T.);
#1946=EDGE_LOOP('',(#1942,#1943,#1944,#1945));
#1947=FACE_OUTER_BOUND('',#1946,.F.);
#1948=ADVANCED_FACE('',(#1947),#1941,.F.);
#1949=CARTESIAN_POINT('',(3.E0,-5.2E1,-2.2E0));
#1950=DIRECTION('',(0.E0,1.E0,0.E0));
#1951=DIRECTION('',(0.E0,0.E0,1.E0));
#1952=AXIS2_PLACEMENT_3D('',#1949,#1950,#1951);
#1953=PLANE('',#1952);
#1955=ORIENTED_EDGE('',*,*,#1954,.T.);
#1956=ORIENTED_EDGE('',*,*,#1684,.F.);
#1958=ORIENTED_EDGE('',*,*,#1957,.F.);
#1959=ORIENTED_EDGE('',*,*,#1801,.T.);
#1960=EDGE_LOOP('',(#1955,#1956,#1958,#1959));
#1961=FACE_OUTER_BOUND('',#1960,.F.);
#1962=ADVANCED_FACE('',(#1961),#1953,.T.);
#1963=CARTESIAN_POINT('',(3.E0,-5.2E1,1.78E1));
#1964=DIRECTION('',(0.E0,0.E0,-1.E0));
#1965=DIRECTION('',(0.E0,1.E0,0.E0));
#1966=AXIS2_PLACEMENT_3D('',#1963,#1964,#1965);
#1967=PLANE('',#1966);
#1968=ORIENTED_EDGE('',*,*,#1954,.F.);
#1969=ORIENTED_EDGE('',*,*,#1851,.T.);
#1971=ORIENTED_EDGE('',*,*,#1970,.T.);
#1972=ORIENTED_EDGE('',*,*,#1686,.F.);
#1973=EDGE_LOOP('',(#1968,#1969,#1971,#1972));
#1974=FACE_OUTER_BOUND('',#1973,.F.);
#1975=ADVANCED_FACE('',(#1974),#1967,.T.);
#1976=CARTESIAN_POINT('',(3.E0,-4.8E1,1.78E1));
#1977=DIRECTION('',(0.E0,-1.E0,0.E0));
#1978=DIRECTION('',(0.E0,0.E0,-1.E0));
#1979=AXIS2_PLACEMENT_3D('',#1976,#1977,#1978);
#1980=PLANE('',#1979);
#1982=ORIENTED_EDGE('',*,*,#1981,.T.);
#1983=ORIENTED_EDGE('',*,*,#1688,.F.);
#1984=ORIENTED_EDGE('',*,*,#1970,.F.);
#1985=ORIENTED_EDGE('',*,*,#1849,.T.);
#1986=EDGE_LOOP('',(#1982,#1983,#1984,#1985));
#1987=FACE_OUTER_BOUND('',#1986,.F.);
#1988=ADVANCED_FACE('',(#1987),#1980,.T.);
#1989=CARTESIAN_POINT('',(3.E0,-4.8E1,-2.2E0));
#1990=DIRECTION('',(0.E0,0.E0,1.E0));
#1991=DIRECTION('',(0.E0,-1.E0,0.E0));
#1992=AXIS2_PLACEMENT_3D('',#1989,#1990,#1991);
#1993=PLANE('',#1992);
#1994=ORIENTED_EDGE('',*,*,#1981,.F.);
#1995=ORIENTED_EDGE('',*,*,#1847,.T.);
#1997=ORIENTED_EDGE('',*,*,#1996,.T.);
#1998=ORIENTED_EDGE('',*,*,#1690,.F.);
#1999=EDGE_LOOP('',(#1994,#1995,#1997,#1998));
#2000=FACE_OUTER_BOUND('',#1999,.F.);
#2001=ADVANCED_FACE('',(#2000),#1993,.T.);
#2002=CARTESIAN_POINT('',(3.E0,-5.752380208031E1,0.E0));
#2003=DIRECTION('',(1.E0,0.E0,0.E0));
#2004=DIRECTION('',(0.E0,1.E0,0.E0));
#2005=AXIS2_PLACEMENT_3D('',#2002,#2003,#2004);
#2007=DIRECTION('',(-1.E0,0.E0,0.E0));
#2008=VECTOR('',#2007,1.E0);
#2009=SURFACE_OF_LINEAR_EXTRUSION('',#2006,#2008);
#2010=ORIENTED_EDGE('',*,*,#1957,.T.);
#2011=ORIENTED_EDGE('',*,*,#1726,.F.);
#2013=ORIENTED_EDGE('',*,*,#2012,.T.);
#2015=ORIENTED_EDGE('',*,*,#2014,.F.);
#2017=ORIENTED_EDGE('',*,*,#2016,.F.);
#2018=ORIENTED_EDGE('',*,*,#1803,.T.);
#2019=EDGE_LOOP('',(#2010,#2011,#2013,#2015,#2017,#2018));
#2020=FACE_OUTER_BOUND('',#2019,.F.);
#2021=ADVANCED_FACE('',(#2020),#2009,.F.);
#2022=CARTESIAN_POINT('',(3.E0,-5.752380208031E1,0.E0));
#2023=DIRECTION('',(1.E0,0.E0,0.E0));
#2024=DIRECTION('',(0.E0,1.E0,0.E0));
#2025=AXIS2_PLACEMENT_3D('',#2022,#2023,#2024);
#2027=DIRECTION('',(-1.E0,0.E0,0.E0));
#2028=VECTOR('',#2027,1.E0);
#2029=SURFACE_OF_LINEAR_EXTRUSION('',#2026,#2028);
#2030=ORIENTED_EDGE('',*,*,#1996,.F.);
#2031=ORIENTED_EDGE('',*,*,#1845,.T.);
#2033=ORIENTED_EDGE('',*,*,#2032,.T.);
#2035=ORIENTED_EDGE('',*,*,#2034,.F.);
#2037=ORIENTED_EDGE('',*,*,#2036,.F.);
#2038=ORIENTED_EDGE('',*,*,#1692,.F.);
#2039=EDGE_LOOP('',(#2030,#2031,#2033,#2035,#2037,#2038));
#2040=FACE_OUTER_BOUND('',#2039,.F.);
#2041=ADVANCED_FACE('',(#2040),#2029,.F.);
#2042=CARTESIAN_POINT('',(0.E0,-5.6E1,0.E0));
#2043=DIRECTION('',(0.E0,1.E0,0.E0));
#2044=DIRECTION('',(0.E0,0.E0,1.E0));
#2045=AXIS2_PLACEMENT_3D('',#2042,#2043,#2044);
#2046=PLANE('',#2045);
#2048=ORIENTED_EDGE('',*,*,#2047,.F.);
#2050=ORIENTED_EDGE('',*,*,#2049,.F.);
#2052=ORIENTED_EDGE('',*,*,#2051,.T.);
#2053=ORIENTED_EDGE('',*,*,#1694,.F.);
#2054=ORIENTED_EDGE('',*,*,#2036,.T.);
#2056=ORIENTED_EDGE('',*,*,#2055,.F.);
#2057=ORIENTED_EDGE('',*,*,#2012,.F.);
#2058=ORIENTED_EDGE('',*,*,#1724,.F.);
#2060=ORIENTED_EDGE('',*,*,#2059,.T.);
#2062=ORIENTED_EDGE('',*,*,#2061,.F.);
#2063=EDGE_LOOP('',(#2048,#2050,#2052,#2053,#2054,#2056,#2057,#2058,#2060,
#2062));
#2064=FACE_OUTER_BOUND('',#2063,.F.);
#2066=ORIENTED_EDGE('',*,*,#2065,.F.);
#2068=ORIENTED_EDGE('',*,*,#2067,.F.);
#2069=EDGE_LOOP('',(#2066,#2068));
#2070=FACE_BOUND('',#2069,.F.);
#2072=ORIENTED_EDGE('',*,*,#2071,.T.);
#2074=ORIENTED_EDGE('',*,*,#2073,.T.);
#2075=EDGE_LOOP('',(#2072,#2074));
#2076=FACE_BOUND('',#2075,.F.);
#2078=ORIENTED_EDGE('',*,*,#2077,.F.);
#2080=ORIENTED_EDGE('',*,*,#2079,.F.);
#2081=EDGE_LOOP('',(#2078,#2080));
#2082=FACE_BOUND('',#2081,.F.);
#2083=ADVANCED_FACE('',(#2064,#2070,#2076,#2082),#2046,.T.);
#2084=CARTESIAN_POINT('',(-1.6E1,-5.6E1,8.5E0));
#2085=DIRECTION('',(0.E0,-1.E0,0.E0));
#2086=DIRECTION('',(0.E0,0.E0,-1.E0));
#2087=AXIS2_PLACEMENT_3D('',#2084,#2085,#2086);
#2088=CYLINDRICAL_SURFACE('',#2087,1.75E0);
#2089=ORIENTED_EDGE('',*,*,#2071,.F.);
#2091=ORIENTED_EDGE('',*,*,#2090,.T.);
#2093=ORIENTED_EDGE('',*,*,#2092,.T.);
#2095=ORIENTED_EDGE('',*,*,#2094,.F.);
#2096=EDGE_LOOP('',(#2089,#2091,#2093,#2095));
#2097=FACE_OUTER_BOUND('',#2096,.F.);
#2098=ADVANCED_FACE('',(#2097),#2088,.F.);
#2099=CARTESIAN_POINT('',(-1.6E1,-5.6E1,8.5E0));
#2100=DIRECTION('',(0.E0,-1.E0,0.E0));
#2101=DIRECTION('',(0.E0,0.E0,-1.E0));
#2102=AXIS2_PLACEMENT_3D('',#2099,#2100,#2101);
#2103=CYLINDRICAL_SURFACE('',#2102,1.75E0);
#2104=ORIENTED_EDGE('',*,*,#2073,.F.);
#2105=ORIENTED_EDGE('',*,*,#2094,.T.);
#2107=ORIENTED_EDGE('',*,*,#2106,.T.);
#2108=ORIENTED_EDGE('',*,*,#2090,.F.);
#2109=EDGE_LOOP('',(#2104,#2105,#2107,#2108));
#2110=FACE_OUTER_BOUND('',#2109,.F.);
#2111=ADVANCED_FACE('',(#2110),#2103,.F.);
#2112=CARTESIAN_POINT('',(0.E0,-5.75E1,0.E0));
#2113=DIRECTION('',(0.E0,-1.E0,0.E0));
#2114=DIRECTION('',(0.E0,0.E0,-1.E0));
#2115=AXIS2_PLACEMENT_3D('',#2112,#2113,#2114);
#2116=PLANE('',#2115);
#2118=ORIENTED_EDGE('',*,*,#2117,.F.);
#2120=ORIENTED_EDGE('',*,*,#2119,.F.);
#2121=EDGE_LOOP('',(#2118,#2120));
#2122=FACE_OUTER_BOUND('',#2121,.F.);
#2123=ORIENTED_EDGE('',*,*,#2092,.F.);
#2124=ORIENTED_EDGE('',*,*,#2106,.F.);
#2125=EDGE_LOOP('',(#2123,#2124));
#2126=FACE_BOUND('',#2125,.F.);
#2127=ADVANCED_FACE('',(#2122,#2126),#2116,.T.);
#2128=CARTESIAN_POINT('',(-1.6E1,-6.E1,8.5E0));
#2129=DIRECTION('',(0.E0,-1.E0,0.E0));
#2130=DIRECTION('',(0.E0,0.E0,-1.E0));
#2131=AXIS2_PLACEMENT_3D('',#2128,#2129,#2130);
#2132=CYLINDRICAL_SURFACE('',#2131,3.E0);
#2133=ORIENTED_EDGE('',*,*,#2117,.T.);
#2135=ORIENTED_EDGE('',*,*,#2134,.F.);
#2137=ORIENTED_EDGE('',*,*,#2136,.F.);
#2139=ORIENTED_EDGE('',*,*,#2138,.T.);
#2140=EDGE_LOOP('',(#2133,#2135,#2137,#2139));
#2141=FACE_OUTER_BOUND('',#2140,.F.);
#2142=ADVANCED_FACE('',(#2141),#2132,.F.);
#2143=CARTESIAN_POINT('',(-1.6E1,-6.E1,8.5E0));
#2144=DIRECTION('',(0.E0,-1.E0,0.E0));
#2145=DIRECTION('',(0.E0,0.E0,-1.E0));
#2146=AXIS2_PLACEMENT_3D('',#2143,#2144,#2145);
#2147=CYLINDRICAL_SURFACE('',#2146,3.E0);
#2149=ORIENTED_EDGE('',*,*,#2148,.F.);
#2151=ORIENTED_EDGE('',*,*,#2150,.T.);
#2153=ORIENTED_EDGE('',*,*,#2152,.T.);
#2155=ORIENTED_EDGE('',*,*,#2154,.F.);
#2156=EDGE_LOOP('',(#2149,#2151,#2153,#2155));
#2157=FACE_OUTER_BOUND('',#2156,.F.);
#2158=ADVANCED_FACE('',(#2157),#2147,.F.);
#2159=CARTESIAN_POINT('',(-1.6E1,-6.E1,8.5E0));
#2160=DIRECTION('',(0.E0,-1.E0,0.E0));
#2161=DIRECTION('',(0.E0,0.E0,-1.E0));
#2162=AXIS2_PLACEMENT_3D('',#2159,#2160,#2161);
#2163=CYLINDRICAL_SURFACE('',#2162,3.E0);
#2164=ORIENTED_EDGE('',*,*,#2119,.T.);
#2165=ORIENTED_EDGE('',*,*,#2138,.F.);
#2167=ORIENTED_EDGE('',*,*,#2166,.F.);
#2168=ORIENTED_EDGE('',*,*,#2134,.T.);
#2169=EDGE_LOOP('',(#2164,#2165,#2167,#2168));
#2170=FACE_OUTER_BOUND('',#2169,.F.);
#2171=ADVANCED_FACE('',(#2170),#2163,.F.);
#2172=CARTESIAN_POINT('',(-1.6E1,-6.E1,8.5E0));
#2173=DIRECTION('',(0.E0,-1.E0,0.E0));
#2174=DIRECTION('',(0.E0,0.E0,-1.E0));
#2175=AXIS2_PLACEMENT_3D('',#2172,#2173,#2174);
#2176=CYLINDRICAL_SURFACE('',#2175,3.E0);
#2178=ORIENTED_EDGE('',*,*,#2177,.F.);
#2179=ORIENTED_EDGE('',*,*,#2154,.T.);
#2181=ORIENTED_EDGE('',*,*,#2180,.T.);
#2182=ORIENTED_EDGE('',*,*,#2150,.F.);
#2183=EDGE_LOOP('',(#2178,#2179,#2181,#2182));
#2184=FACE_OUTER_BOUND('',#2183,.F.);
#2185=ADVANCED_FACE('',(#2184),#2176,.F.);
#2186=CARTESIAN_POINT('',(0.E0,-6.E1,2.5E1));
#2187=DIRECTION('',(0.E0,-1.E0,0.E0));
#2188=DIRECTION('',(0.E0,0.E0,-1.E0));
#2189=AXIS2_PLACEMENT_3D('',#2186,#2187,#2188);
#2190=PLANE('',#2189);
#2192=ORIENTED_EDGE('',*,*,#2191,.F.);
#2194=ORIENTED_EDGE('',*,*,#2193,.F.);
#2196=ORIENTED_EDGE('',*,*,#2195,.F.);
#2197=ORIENTED_EDGE('',*,*,#1807,.T.);
#2199=ORIENTED_EDGE('',*,*,#2198,.T.);
#2201=ORIENTED_EDGE('',*,*,#2200,.F.);
#2203=ORIENTED_EDGE('',*,*,#2202,.F.);
#2204=ORIENTED_EDGE('',*,*,#1841,.T.);
#2206=ORIENTED_EDGE('',*,*,#2205,.F.);
#2208=ORIENTED_EDGE('',*,*,#2207,.F.);
#2209=EDGE_LOOP('',(#2192,#2194,#2196,#2197,#2199,#2201,#2203,#2204,#2206,
#2208));
#2210=FACE_OUTER_BOUND('',#2209,.F.);
#2212=ORIENTED_EDGE('',*,*,#2211,.T.);
#2214=ORIENTED_EDGE('',*,*,#2213,.T.);
#2215=EDGE_LOOP('',(#2212,#2214));
#2216=FACE_BOUND('',#2215,.F.);
#2217=ORIENTED_EDGE('',*,*,#2136,.T.);
#2218=ORIENTED_EDGE('',*,*,#2166,.T.);
#2219=EDGE_LOOP('',(#2217,#2218));
#2220=FACE_BOUND('',#2219,.F.);
#2222=ORIENTED_EDGE('',*,*,#2221,.F.);
#2224=ORIENTED_EDGE('',*,*,#2223,.F.);
#2225=EDGE_LOOP('',(#2222,#2224));
#2226=FACE_BOUND('',#2225,.F.);
#2227=ADVANCED_FACE('',(#2210,#2216,#2220,#2226),#2190,.T.);
#2228=CARTESIAN_POINT('',(-2.630127018922E1,2.16432E2,0.E0));
#2229=DIRECTION('',(0.E0,-1.E0,0.E0));
#2230=DIRECTION('',(-5.E-1,0.E0,8.660254037844E-1));
#2231=AXIS2_PLACEMENT_3D('',#2228,#2229,#2230);
#2232=CYLINDRICAL_SURFACE('',#2231,7.E0);
#2233=ORIENTED_EDGE('',*,*,#2191,.T.);
#2235=ORIENTED_EDGE('',*,*,#2234,.F.);
#2236=ORIENTED_EDGE('',*,*,#2047,.T.);
#2238=ORIENTED_EDGE('',*,*,#2237,.T.);
#2239=EDGE_LOOP('',(#2233,#2235,#2236,#2238));
#2240=FACE_OUTER_BOUND('',#2239,.F.);
#2241=ADVANCED_FACE('',(#2240),#2232,.T.);
#2242=CARTESIAN_POINT('',(3.E0,6.E1,-2.5E1));
#2243=DIRECTION('',(-5.E-1,0.E0,-8.660254037844E-1));
#2244=DIRECTION('',(-8.660254037844E-1,0.E0,5.E-1));
#2245=AXIS2_PLACEMENT_3D('',#2242,#2243,#2244);
#2246=PLANE('',#2245);
#2248=ORIENTED_EDGE('',*,*,#2247,.T.);
#2250=ORIENTED_EDGE('',*,*,#2249,.T.);
#2252=ORIENTED_EDGE('',*,*,#2251,.T.);
#2254=ORIENTED_EDGE('',*,*,#2253,.F.);
#2255=EDGE_LOOP('',(#2248,#2250,#2252,#2254));
#2256=FACE_OUTER_BOUND('',#2255,.F.);
#2257=ADVANCED_FACE('',(#2256),#2246,.T.);
#2258=CARTESIAN_POINT('',(3.E0,6.E1,-2.5E1));
#2259=DIRECTION('',(-5.E-1,0.E0,-8.660254037844E-1));
#2260=DIRECTION('',(-8.660254037844E-1,0.E0,5.E-1));
#2261=AXIS2_PLACEMENT_3D('',#2258,#2259,#2260);
#2262=PLANE('',#2261);
#2263=ORIENTED_EDGE('',*,*,#2234,.T.);
#2264=ORIENTED_EDGE('',*,*,#2207,.T.);
#2266=ORIENTED_EDGE('',*,*,#2265,.T.);
#2267=ORIENTED_EDGE('',*,*,#2049,.T.);
#2268=EDGE_LOOP('',(#2263,#2264,#2266,#2267));
#2269=FACE_OUTER_BOUND('',#2268,.F.);
#2270=ADVANCED_FACE('',(#2269),#2262,.T.);
#2271=CARTESIAN_POINT('',(3.E-1,-2.16432E2,-2.032346281956E1));
#2272=DIRECTION('',(0.E0,1.E0,0.E0));
#2273=DIRECTION('',(1.E0,0.E0,0.E0));
#2274=AXIS2_PLACEMENT_3D('',#2271,#2272,#2273);
#2275=CYLINDRICAL_SURFACE('',#2274,2.7E0);
#2277=ORIENTED_EDGE('',*,*,#2276,.T.);
#2278=ORIENTED_EDGE('',*,*,#1835,.T.);
#2280=ORIENTED_EDGE('',*,*,#2279,.T.);
#2281=ORIENTED_EDGE('',*,*,#2247,.F.);
#2283=ORIENTED_EDGE('',*,*,#2282,.F.);
#2284=ORIENTED_EDGE('',*,*,#1700,.T.);
#2285=EDGE_LOOP('',(#2277,#2278,#2280,#2281,#2283,#2284));
#2286=FACE_OUTER_BOUND('',#2285,.F.);
#2287=ADVANCED_FACE('',(#2286),#2275,.T.);
#2288=CARTESIAN_POINT('',(3.E-1,-2.16432E2,-2.032346281956E1));
#2289=DIRECTION('',(0.E0,1.E0,0.E0));
#2290=DIRECTION('',(1.E0,0.E0,0.E0));
#2291=AXIS2_PLACEMENT_3D('',#2288,#2289,#2290);
#2292=CYLINDRICAL_SURFACE('',#2291,2.7E0);
#2294=ORIENTED_EDGE('',*,*,#2293,.T.);
#2295=ORIENTED_EDGE('',*,*,#1696,.T.);
#2296=ORIENTED_EDGE('',*,*,#2051,.F.);
#2297=ORIENTED_EDGE('',*,*,#2265,.F.);
#2298=ORIENTED_EDGE('',*,*,#2205,.T.);
#2299=ORIENTED_EDGE('',*,*,#1839,.T.);
#2300=EDGE_LOOP('',(#2294,#2295,#2296,#2297,#2298,#2299));
#2301=FACE_OUTER_BOUND('',#2300,.F.);
#2302=ADVANCED_FACE('',(#2301),#2292,.T.);
#2303=CARTESIAN_POINT('',(3.E0,0.E0,-2.302346281956E1));
#2304=DIRECTION('',(1.E0,0.E0,0.E0));
#2305=DIRECTION('',(0.E0,-1.E0,0.E0));
#2306=AXIS2_PLACEMENT_3D('',#2303,#2304,#2305);
#2308=DIRECTION('',(-1.E0,0.E0,0.E0));
#2309=VECTOR('',#2308,1.E0);
#2310=SURFACE_OF_LINEAR_EXTRUSION('',#2307,#2309);
#2311=ORIENTED_EDGE('',*,*,#1698,.F.);
#2312=ORIENTED_EDGE('',*,*,#2293,.F.);
#2313=ORIENTED_EDGE('',*,*,#1837,.T.);
#2314=ORIENTED_EDGE('',*,*,#2276,.F.);
#2315=EDGE_LOOP('',(#2311,#2312,#2313,#2314));
#2316=FACE_OUTER_BOUND('',#2315,.F.);
#2317=ADVANCED_FACE('',(#2316),#2310,.F.);
#2318=CARTESIAN_POINT('',(0.E0,6.E1,-2.5E1));
#2319=DIRECTION('',(0.E0,1.E0,0.E0));
#2320=DIRECTION('',(0.E0,0.E0,1.E0));
#2321=AXIS2_PLACEMENT_3D('',#2318,#2319,#2320);
#2322=PLANE('',#2321);
#2323=ORIENTED_EDGE('',*,*,#2279,.F.);
#2324=ORIENTED_EDGE('',*,*,#1833,.T.);
#2326=ORIENTED_EDGE('',*,*,#2325,.T.);
#2328=ORIENTED_EDGE('',*,*,#2327,.T.);
#2330=ORIENTED_EDGE('',*,*,#2329,.F.);
#2331=ORIENTED_EDGE('',*,*,#1815,.T.);
#2333=ORIENTED_EDGE('',*,*,#2332,.F.);
#2335=ORIENTED_EDGE('',*,*,#2334,.F.);
#2337=ORIENTED_EDGE('',*,*,#2336,.F.);
#2338=ORIENTED_EDGE('',*,*,#2249,.F.);
#2339=EDGE_LOOP('',(#2323,#2324,#2326,#2328,#2330,#2331,#2333,#2335,#2337,
#2338));
#2340=FACE_OUTER_BOUND('',#2339,.F.);
#2342=ORIENTED_EDGE('',*,*,#2341,.F.);
#2344=ORIENTED_EDGE('',*,*,#2343,.F.);
#2345=EDGE_LOOP('',(#2342,#2344));
#2346=FACE_BOUND('',#2345,.F.);
#2347=ORIENTED_EDGE('',*,*,#2152,.F.);
#2348=ORIENTED_EDGE('',*,*,#2180,.F.);
#2349=EDGE_LOOP('',(#2347,#2348));
#2350=FACE_BOUND('',#2349,.F.);
#2352=ORIENTED_EDGE('',*,*,#2351,.T.);
#2354=ORIENTED_EDGE('',*,*,#2353,.T.);
#2355=EDGE_LOOP('',(#2352,#2354));
#2356=FACE_BOUND('',#2355,.F.);
#2357=ADVANCED_FACE('',(#2340,#2346,#2350,#2356),#2322,.T.);
#2358=CARTESIAN_POINT('',(3.E0,5.752380208031E1,-9.85E0));
#2359=DIRECTION('',(0.E0,0.E0,-1.E0));
#2360=DIRECTION('',(0.E0,1.E0,0.E0));
#2361=AXIS2_PLACEMENT_3D('',#2358,#2359,#2360);
#2362=PLANE('',#2361);
#2364=ORIENTED_EDGE('',*,*,#2363,.T.);
#2365=ORIENTED_EDGE('',*,*,#2325,.F.);
#2366=ORIENTED_EDGE('',*,*,#1831,.T.);
#2368=ORIENTED_EDGE('',*,*,#2367,.T.);
#2369=EDGE_LOOP('',(#2364,#2365,#2366,#2368));
#2370=FACE_OUTER_BOUND('',#2369,.F.);
#2371=ADVANCED_FACE('',(#2370),#2362,.F.);
#2372=CARTESIAN_POINT('',(-2.E0,6.E1,0.E0));
#2373=DIRECTION('',(0.E0,1.E0,0.E0));
#2374=DIRECTION('',(0.E0,0.E0,1.E0));
#2375=AXIS2_PLACEMENT_3D('',#2372,#2373,#2374);
#2377=DIRECTION('',(0.E0,1.E0,0.E0));
#2378=VECTOR('',#2377,1.E0);
#2379=SURFACE_OF_LINEAR_EXTRUSION('',#2376,#2378);
#2380=ORIENTED_EDGE('',*,*,#2363,.F.);
#2382=ORIENTED_EDGE('',*,*,#2381,.T.);
#2384=ORIENTED_EDGE('',*,*,#2383,.T.);
#2386=ORIENTED_EDGE('',*,*,#2385,.T.);
#2388=ORIENTED_EDGE('',*,*,#2387,.T.);
#2389=ORIENTED_EDGE('',*,*,#2327,.F.);
#2390=EDGE_LOOP('',(#2380,#2382,#2384,#2386,#2388,#2389));
#2391=FACE_OUTER_BOUND('',#2390,.F.);
#2392=ADVANCED_FACE('',(#2391),#2379,.F.);
#2393=CARTESIAN_POINT('',(3.E0,5.752380208031E1,0.E0));
#2394=DIRECTION('',(1.E0,0.E0,0.E0));
#2395=DIRECTION('',(0.E0,-1.E0,0.E0));
#2396=AXIS2_PLACEMENT_3D('',#2393,#2394,#2395);
#2398=DIRECTION('',(1.E0,0.E0,0.E0));
#2399=VECTOR('',#2398,1.E0);
#2400=SURFACE_OF_LINEAR_EXTRUSION('',#2397,#2399);
#2401=ORIENTED_EDGE('',*,*,#1819,.F.);
#2403=ORIENTED_EDGE('',*,*,#2402,.T.);
#2404=ORIENTED_EDGE('',*,*,#2385,.F.);
#2406=ORIENTED_EDGE('',*,*,#2405,.T.);
#2407=ORIENTED_EDGE('',*,*,#1714,.T.);
#2409=ORIENTED_EDGE('',*,*,#2408,.T.);
#2410=EDGE_LOOP('',(#2401,#2403,#2404,#2406,#2407,#2409));
#2411=FACE_OUTER_BOUND('',#2410,.F.);
#2412=ADVANCED_FACE('',(#2411),#2400,.F.);
#2413=CARTESIAN_POINT('',(3.E0,5.752380208031E1,0.E0));
#2414=DIRECTION('',(1.E0,0.E0,0.E0));
#2415=DIRECTION('',(0.E0,-1.E0,0.E0));
#2416=AXIS2_PLACEMENT_3D('',#2413,#2414,#2415);
#2418=DIRECTION('',(1.E0,0.E0,0.E0));
#2419=VECTOR('',#2418,1.E0);
#2420=SURFACE_OF_LINEAR_EXTRUSION('',#2417,#2419);
#2421=ORIENTED_EDGE('',*,*,#1829,.F.);
#2423=ORIENTED_EDGE('',*,*,#2422,.F.);
#2424=ORIENTED_EDGE('',*,*,#1704,.T.);
#2426=ORIENTED_EDGE('',*,*,#2425,.F.);
#2427=ORIENTED_EDGE('',*,*,#2381,.F.);
#2428=ORIENTED_EDGE('',*,*,#2367,.F.);
#2429=EDGE_LOOP('',(#2421,#2423,#2424,#2426,#2427,#2428));
#2430=FACE_OUTER_BOUND('',#2429,.F.);
#2431=ADVANCED_FACE('',(#2430),#2420,.F.);
#2432=CARTESIAN_POINT('',(3.E0,6.E1,9.85E0));
#2433=DIRECTION('',(0.E0,0.E0,1.E0));
#2434=DIRECTION('',(0.E0,-1.E0,0.E0));
#2435=AXIS2_PLACEMENT_3D('',#2432,#2433,#2434);
#2436=PLANE('',#2435);
#2437=ORIENTED_EDGE('',*,*,#2387,.F.);
#2438=ORIENTED_EDGE('',*,*,#2402,.F.);
#2439=ORIENTED_EDGE('',*,*,#1817,.F.);
#2440=ORIENTED_EDGE('',*,*,#2329,.T.);
#2441=EDGE_LOOP('',(#2437,#2438,#2439,#2440));
#2442=FACE_OUTER_BOUND('',#2441,.F.);
#2443=ADVANCED_FACE('',(#2442),#2436,.F.);
#2444=CARTESIAN_POINT('',(0.E0,5.6E1,0.E0));
#2445=DIRECTION('',(0.E0,1.E0,0.E0));
#2446=DIRECTION('',(0.E0,0.E0,1.E0));
#2447=AXIS2_PLACEMENT_3D('',#2444,#2445,#2446);
#2448=PLANE('',#2447);
#2449=ORIENTED_EDGE('',*,*,#2282,.T.);
#2450=ORIENTED_EDGE('',*,*,#2253,.T.);
#2452=ORIENTED_EDGE('',*,*,#2451,.F.);
#2454=ORIENTED_EDGE('',*,*,#2453,.T.);
#2456=ORIENTED_EDGE('',*,*,#2455,.T.);
#2457=ORIENTED_EDGE('',*,*,#1716,.T.);
#2458=ORIENTED_EDGE('',*,*,#2405,.F.);
#2459=ORIENTED_EDGE('',*,*,#2383,.F.);
#2460=ORIENTED_EDGE('',*,*,#2425,.T.);
#2461=ORIENTED_EDGE('',*,*,#1702,.T.);
#2462=EDGE_LOOP('',(#2449,#2450,#2452,#2454,#2456,#2457,#2458,#2459,#2460,
#2461));
#2463=FACE_OUTER_BOUND('',#2462,.F.);
#2465=ORIENTED_EDGE('',*,*,#2464,.T.);
#2467=ORIENTED_EDGE('',*,*,#2466,.T.);
#2468=EDGE_LOOP('',(#2465,#2467));
#2469=FACE_BOUND('',#2468,.F.);
#2471=ORIENTED_EDGE('',*,*,#2470,.F.);
#2473=ORIENTED_EDGE('',*,*,#2472,.F.);
#2474=EDGE_LOOP('',(#2471,#2473));
#2475=FACE_BOUND('',#2474,.F.);
#2477=ORIENTED_EDGE('',*,*,#2476,.T.);
#2479=ORIENTED_EDGE('',*,*,#2478,.T.);
#2480=EDGE_LOOP('',(#2477,#2479));
#2481=FACE_BOUND('',#2480,.F.);
#2482=ADVANCED_FACE('',(#2463,#2469,#2475,#2481),#2448,.F.);
#2483=CARTESIAN_POINT('',(-1.6E1,5.6E1,8.5E0));
#2484=DIRECTION('',(0.E0,-1.E0,0.E0));
#2485=DIRECTION('',(0.E0,0.E0,-1.E0));
#2486=AXIS2_PLACEMENT_3D('',#2483,#2484,#2485);
#2487=CYLINDRICAL_SURFACE('',#2486,1.75E0);
#2488=ORIENTED_EDGE('',*,*,#2470,.T.);
#2490=ORIENTED_EDGE('',*,*,#2489,.T.);
#2492=ORIENTED_EDGE('',*,*,#2491,.F.);
#2494=ORIENTED_EDGE('',*,*,#2493,.F.);
#2495=EDGE_LOOP('',(#2488,#2490,#2492,#2494));
#2496=FACE_OUTER_BOUND('',#2495,.F.);
#2497=ADVANCED_FACE('',(#2496),#2487,.F.);
#2498=CARTESIAN_POINT('',(-1.6E1,5.6E1,8.5E0));
#2499=DIRECTION('',(0.E0,-1.E0,0.E0));
#2500=DIRECTION('',(0.E0,0.E0,-1.E0));
#2501=AXIS2_PLACEMENT_3D('',#2498,#2499,#2500);
#2502=CYLINDRICAL_SURFACE('',#2501,1.75E0);
#2503=ORIENTED_EDGE('',*,*,#2472,.T.);
#2504=ORIENTED_EDGE('',*,*,#2493,.T.);
#2506=ORIENTED_EDGE('',*,*,#2505,.F.);
#2507=ORIENTED_EDGE('',*,*,#2489,.F.);
#2508=EDGE_LOOP('',(#2503,#2504,#2506,#2507));
#2509=FACE_OUTER_BOUND('',#2508,.F.);
#2510=ADVANCED_FACE('',(#2509),#2502,.F.);
#2511=CARTESIAN_POINT('',(0.E0,5.75E1,0.E0));
#2512=DIRECTION('',(0.E0,-1.E0,0.E0));
#2513=DIRECTION('',(0.E0,0.E0,-1.E0));
#2514=AXIS2_PLACEMENT_3D('',#2511,#2512,#2513);
#2515=PLANE('',#2514);
#2516=ORIENTED_EDGE('',*,*,#2148,.T.);
#2517=ORIENTED_EDGE('',*,*,#2177,.T.);
#2518=EDGE_LOOP('',(#2516,#2517));
#2519=FACE_OUTER_BOUND('',#2518,.F.);
#2520=ORIENTED_EDGE('',*,*,#2491,.T.);
#2521=ORIENTED_EDGE('',*,*,#2505,.T.);
#2522=EDGE_LOOP('',(#2520,#2521));
#2523=FACE_BOUND('',#2522,.F.);
#2524=ADVANCED_FACE('',(#2519,#2523),#2515,.F.);
#2525=CARTESIAN_POINT('',(-1.6E1,5.6E1,-8.5E0));
#2526=DIRECTION('',(0.E0,1.E0,0.E0));
#2527=DIRECTION('',(0.E0,0.E0,1.E0));
#2528=AXIS2_PLACEMENT_3D('',#2525,#2526,#2527);
#2529=CYLINDRICAL_SURFACE('',#2528,1.75E0);
#2530=ORIENTED_EDGE('',*,*,#2464,.F.);
#2532=ORIENTED_EDGE('',*,*,#2531,.T.);
#2534=ORIENTED_EDGE('',*,*,#2533,.T.);
#2536=ORIENTED_EDGE('',*,*,#2535,.F.);
#2537=EDGE_LOOP('',(#2530,#2532,#2534,#2536));
#2538=FACE_OUTER_BOUND('',#2537,.F.);
#2539=ADVANCED_FACE('',(#2538),#2529,.F.);
#2540=CARTESIAN_POINT('',(-1.6E1,5.6E1,-8.5E0));
#2541=DIRECTION('',(0.E0,1.E0,0.E0));
#2542=DIRECTION('',(0.E0,0.E0,1.E0));
#2543=AXIS2_PLACEMENT_3D('',#2540,#2541,#2542);
#2544=CYLINDRICAL_SURFACE('',#2543,1.75E0);
#2545=ORIENTED_EDGE('',*,*,#2466,.F.);
#2546=ORIENTED_EDGE('',*,*,#2535,.T.);
#2548=ORIENTED_EDGE('',*,*,#2547,.T.);
#2549=ORIENTED_EDGE('',*,*,#2531,.F.);
#2550=EDGE_LOOP('',(#2545,#2546,#2548,#2549));
#2551=FACE_OUTER_BOUND('',#2550,.F.);
#2552=ADVANCED_FACE('',(#2551),#2544,.F.);
#2553=CARTESIAN_POINT('',(0.E0,5.75E1,0.E0));
#2554=DIRECTION('',(0.E0,1.E0,0.E0));
#2555=DIRECTION('',(0.E0,0.E0,1.E0));
#2556=AXIS2_PLACEMENT_3D('',#2553,#2554,#2555);
#2557=PLANE('',#2556);
#2559=ORIENTED_EDGE('',*,*,#2558,.F.);
#2561=ORIENTED_EDGE('',*,*,#2560,.F.);
#2562=EDGE_LOOP('',(#2559,#2561));
#2563=FACE_OUTER_BOUND('',#2562,.F.);
#2564=ORIENTED_EDGE('',*,*,#2533,.F.);
#2565=ORIENTED_EDGE('',*,*,#2547,.F.);
#2566=EDGE_LOOP('',(#2564,#2565));
#2567=FACE_BOUND('',#2566,.F.);
#2568=ADVANCED_FACE('',(#2563,#2567),#2557,.T.);
#2569=CARTESIAN_POINT('',(-1.6E1,-6.E1,-8.5E0));
#2570=DIRECTION('',(0.E0,1.E0,0.E0));
#2571=DIRECTION('',(0.E0,0.E0,1.E0));
#2572=AXIS2_PLACEMENT_3D('',#2569,#2570,#2571);
#2573=CYLINDRICAL_SURFACE('',#2572,3.E0);
#2575=ORIENTED_EDGE('',*,*,#2574,.F.);
#2577=ORIENTED_EDGE('',*,*,#2576,.F.);
#2578=ORIENTED_EDGE('',*,*,#2221,.T.);
#2580=ORIENTED_EDGE('',*,*,#2579,.T.);
#2581=EDGE_LOOP('',(#2575,#2577,#2578,#2580));
#2582=FACE_OUTER_BOUND('',#2581,.F.);
#2583=ADVANCED_FACE('',(#2582),#2573,.F.);
#2584=CARTESIAN_POINT('',(-1.6E1,-6.E1,-8.5E0));
#2585=DIRECTION('',(0.E0,1.E0,0.E0));
#2586=DIRECTION('',(0.E0,0.E0,1.E0));
#2587=AXIS2_PLACEMENT_3D('',#2584,#2585,#2586);
#2588=CYLINDRICAL_SURFACE('',#2587,3.E0);
#2589=ORIENTED_EDGE('',*,*,#2558,.T.);
#2591=ORIENTED_EDGE('',*,*,#2590,.T.);
#2592=ORIENTED_EDGE('',*,*,#2351,.F.);
#2594=ORIENTED_EDGE('',*,*,#2593,.F.);
#2595=EDGE_LOOP('',(#2589,#2591,#2592,#2594));
#2596=FACE_OUTER_BOUND('',#2595,.F.);
#2597=ADVANCED_FACE('',(#2596),#2588,.F.);
#2598=CARTESIAN_POINT('',(0.E0,-5.75E1,0.E0));
#2599=DIRECTION('',(0.E0,1.E0,0.E0));
#2600=DIRECTION('',(0.E0,0.E0,1.E0));
#2601=AXIS2_PLACEMENT_3D('',#2598,#2599,#2600);
#2602=PLANE('',#2601);
#2603=ORIENTED_EDGE('',*,*,#2574,.T.);
#2605=ORIENTED_EDGE('',*,*,#2604,.T.);
#2606=EDGE_LOOP('',(#2603,#2605));
#2607=FACE_OUTER_BOUND('',#2606,.F.);
#2609=ORIENTED_EDGE('',*,*,#2608,.T.);
#2611=ORIENTED_EDGE('',*,*,#2610,.T.);
#2612=EDGE_LOOP('',(#2609,#2611));
#2613=FACE_BOUND('',#2612,.F.);
#2614=ADVANCED_FACE('',(#2607,#2613),#2602,.F.);
#2615=CARTESIAN_POINT('',(-1.6E1,-5.6E1,-8.5E0));
#2616=DIRECTION('',(0.E0,1.E0,0.E0));
#2617=DIRECTION('',(0.E0,0.E0,1.E0));
#2618=AXIS2_PLACEMENT_3D('',#2615,#2616,#2617);
#2619=CYLINDRICAL_SURFACE('',#2618,1.75E0);
#2620=ORIENTED_EDGE('',*,*,#2065,.T.);
#2622=ORIENTED_EDGE('',*,*,#2621,.T.);
#2623=ORIENTED_EDGE('',*,*,#2608,.F.);
#2625=ORIENTED_EDGE('',*,*,#2624,.F.);
#2626=EDGE_LOOP('',(#2620,#2622,#2623,#2625));
#2627=FACE_OUTER_BOUND('',#2626,.F.);
#2628=ADVANCED_FACE('',(#2627),#2619,.F.);
#2629=CARTESIAN_POINT('',(-1.6E1,-5.6E1,-8.5E0));
#2630=DIRECTION('',(0.E0,1.E0,0.E0));
#2631=DIRECTION('',(0.E0,0.E0,1.E0));
#2632=AXIS2_PLACEMENT_3D('',#2629,#2630,#2631);
#2633=CYLINDRICAL_SURFACE('',#2632,1.75E0);
#2634=ORIENTED_EDGE('',*,*,#2067,.T.);
#2635=ORIENTED_EDGE('',*,*,#2624,.T.);
#2636=ORIENTED_EDGE('',*,*,#2610,.F.);
#2637=ORIENTED_EDGE('',*,*,#2621,.F.);
#2638=EDGE_LOOP('',(#2634,#2635,#2636,#2637));
#2639=FACE_OUTER_BOUND('',#2638,.F.);
#2640=ADVANCED_FACE('',(#2639),#2633,.F.);
#2641=CARTESIAN_POINT('',(-1.6E1,-6.E1,-8.5E0));
#2642=DIRECTION('',(0.E0,1.E0,0.E0));
#2643=DIRECTION('',(0.E0,0.E0,1.E0));
#2644=AXIS2_PLACEMENT_3D('',#2641,#2642,#2643);
#2645=CYLINDRICAL_SURFACE('',#2644,3.E0);
#2646=ORIENTED_EDGE('',*,*,#2604,.F.);
#2647=ORIENTED_EDGE('',*,*,#2579,.F.);
#2648=ORIENTED_EDGE('',*,*,#2223,.T.);
#2649=ORIENTED_EDGE('',*,*,#2576,.T.);
#2650=EDGE_LOOP('',(#2646,#2647,#2648,#2649));
#2651=FACE_OUTER_BOUND('',#2650,.F.);
#2652=ADVANCED_FACE('',(#2651),#2645,.F.);
#2653=CARTESIAN_POINT('',(-1.6E1,-6.E1,-8.5E0));
#2654=DIRECTION('',(0.E0,1.E0,0.E0));
#2655=DIRECTION('',(0.E0,0.E0,1.E0));
#2656=AXIS2_PLACEMENT_3D('',#2653,#2654,#2655);
#2657=CYLINDRICAL_SURFACE('',#2656,3.E0);
#2658=ORIENTED_EDGE('',*,*,#2560,.T.);
#2659=ORIENTED_EDGE('',*,*,#2593,.T.);
#2660=ORIENTED_EDGE('',*,*,#2353,.F.);
#2661=ORIENTED_EDGE('',*,*,#2590,.F.);
#2662=EDGE_LOOP('',(#2658,#2659,#2660,#2661));
#2663=FACE_OUTER_BOUND('',#2662,.F.);
#2664=ADVANCED_FACE('',(#2663),#2657,.F.);
#2665=CARTESIAN_POINT('',(-2.290127018922E1,2.16432E2,0.E0));
#2666=DIRECTION('',(0.E0,-1.E0,0.E0));
#2667=DIRECTION('',(-5.E-1,0.E0,8.660254037844E-1));
#2668=AXIS2_PLACEMENT_3D('',#2665,#2666,#2667);
#2669=CYLINDRICAL_SURFACE('',#2668,8.7E0);
#2670=ORIENTED_EDGE('',*,*,#2451,.T.);
#2671=ORIENTED_EDGE('',*,*,#2251,.F.);
#2672=ORIENTED_EDGE('',*,*,#2336,.T.);
#2674=ORIENTED_EDGE('',*,*,#2673,.T.);
#2675=EDGE_LOOP('',(#2670,#2671,#2672,#2674));
#2676=FACE_OUTER_BOUND('',#2675,.F.);
#2677=ADVANCED_FACE('',(#2676),#2669,.T.);
#2678=CARTESIAN_POINT('',(-4.030127018922E1,6.E1,0.E0));
#2679=DIRECTION('',(-5.E-1,0.E0,8.660254037844E-1));
#2680=DIRECTION('',(8.660254037844E-1,0.E0,5.E-1));
#2681=AXIS2_PLACEMENT_3D('',#2678,#2679,#2680);
#2682=PLANE('',#2681);
#2684=ORIENTED_EDGE('',*,*,#2683,.T.);
#2685=ORIENTED_EDGE('',*,*,#2453,.F.);
#2686=ORIENTED_EDGE('',*,*,#2673,.F.);
#2687=ORIENTED_EDGE('',*,*,#2334,.T.);
#2688=EDGE_LOOP('',(#2684,#2685,#2686,#2687));
#2689=FACE_OUTER_BOUND('',#2688,.F.);
#2690=ADVANCED_FACE('',(#2689),#2682,.T.);
#2691=CARTESIAN_POINT('',(-4.030127018922E1,6.E1,0.E0));
#2692=DIRECTION('',(-5.E-1,0.E0,8.660254037844E-1));
#2693=DIRECTION('',(8.660254037844E-1,0.E0,5.E-1));
#2694=AXIS2_PLACEMENT_3D('',#2691,#2692,#2693);
#2695=PLANE('',#2694);
#2696=ORIENTED_EDGE('',*,*,#2237,.F.);
#2697=ORIENTED_EDGE('',*,*,#2061,.T.);
#2699=ORIENTED_EDGE('',*,*,#2698,.T.);
#2700=ORIENTED_EDGE('',*,*,#2193,.T.);
#2701=EDGE_LOOP('',(#2696,#2697,#2699,#2700));
#2702=FACE_OUTER_BOUND('',#2701,.F.);
#2703=ADVANCED_FACE('',(#2702),#2695,.T.);
#2704=CARTESIAN_POINT('',(3.E-1,2.16432E2,2.032346281956E1));
#2705=DIRECTION('',(0.E0,-1.E0,0.E0));
#2706=DIRECTION('',(1.E0,0.E0,0.E0));
#2707=AXIS2_PLACEMENT_3D('',#2704,#2705,#2706);
#2708=CYLINDRICAL_SURFACE('',#2707,2.7E0);
#2709=ORIENTED_EDGE('',*,*,#1813,.T.);
#2711=ORIENTED_EDGE('',*,*,#2710,.T.);
#2712=ORIENTED_EDGE('',*,*,#1718,.T.);
#2713=ORIENTED_EDGE('',*,*,#2455,.F.);
#2714=ORIENTED_EDGE('',*,*,#2683,.F.);
#2715=ORIENTED_EDGE('',*,*,#2332,.T.);
#2716=EDGE_LOOP('',(#2709,#2711,#2712,#2713,#2714,#2715));
#2717=FACE_OUTER_BOUND('',#2716,.F.);
#2718=ADVANCED_FACE('',(#2717),#2708,.T.);
#2719=CARTESIAN_POINT('',(3.E-1,2.16432E2,2.032346281956E1));
#2720=DIRECTION('',(0.E0,-1.E0,0.E0));
#2721=DIRECTION('',(1.E0,0.E0,0.E0));
#2722=AXIS2_PLACEMENT_3D('',#2719,#2720,#2721);
#2723=CYLINDRICAL_SURFACE('',#2722,2.7E0);
#2724=ORIENTED_EDGE('',*,*,#1809,.T.);
#2725=ORIENTED_EDGE('',*,*,#2195,.T.);
#2726=ORIENTED_EDGE('',*,*,#2698,.F.);
#2727=ORIENTED_EDGE('',*,*,#2059,.F.);
#2728=ORIENTED_EDGE('',*,*,#1722,.T.);
#2730=ORIENTED_EDGE('',*,*,#2729,.T.);
#2731=EDGE_LOOP('',(#2724,#2725,#2726,#2727,#2728,#2730));
#2732=FACE_OUTER_BOUND('',#2731,.F.);
#2733=ADVANCED_FACE('',(#2732),#2723,.T.);
#2734=CARTESIAN_POINT('',(3.E0,0.E0,2.302346281956E1));
#2735=DIRECTION('',(1.E0,0.E0,0.E0));
#2736=DIRECTION('',(0.E0,-1.E0,0.E0));
#2737=AXIS2_PLACEMENT_3D('',#2734,#2735,#2736);
#2739=DIRECTION('',(1.E0,0.E0,0.E0));
#2740=VECTOR('',#2739,1.E0);
#2741=SURFACE_OF_LINEAR_EXTRUSION('',#2738,#2740);
#2742=ORIENTED_EDGE('',*,*,#1811,.F.);
#2743=ORIENTED_EDGE('',*,*,#2729,.F.);
#2744=ORIENTED_EDGE('',*,*,#1720,.T.);
#2745=ORIENTED_EDGE('',*,*,#2710,.F.);
#2746=EDGE_LOOP('',(#2742,#2743,#2744,#2745));
#2747=FACE_OUTER_BOUND('',#2746,.F.);
#2748=ADVANCED_FACE('',(#2747),#2741,.F.);
#2749=CARTESIAN_POINT('',(-1.6E1,-6.E1,0.E0));
#2750=DIRECTION('',(0.E0,-1.E0,0.E0));
#2751=DIRECTION('',(0.E0,0.E0,-1.E0));
#2752=AXIS2_PLACEMENT_3D('',#2749,#2750,#2751);
#2753=CYLINDRICAL_SURFACE('',#2752,4.E0);
#2754=ORIENTED_EDGE('',*,*,#2341,.T.);
#2756=ORIENTED_EDGE('',*,*,#2755,.F.);
#2757=ORIENTED_EDGE('',*,*,#2476,.F.);
#2759=ORIENTED_EDGE('',*,*,#2758,.T.);
#2760=EDGE_LOOP('',(#2754,#2756,#2757,#2759));
#2761=FACE_OUTER_BOUND('',#2760,.F.);
#2762=ADVANCED_FACE('',(#2761),#2753,.F.);
#2763=CARTESIAN_POINT('',(-1.6E1,-6.E1,0.E0));
#2764=DIRECTION('',(0.E0,-1.E0,0.E0));
#2765=DIRECTION('',(0.E0,0.E0,-1.E0));
#2766=AXIS2_PLACEMENT_3D('',#2763,#2764,#2765);
#2767=CYLINDRICAL_SURFACE('',#2766,4.E0);
#2768=ORIENTED_EDGE('',*,*,#2211,.F.);
#2770=ORIENTED_EDGE('',*,*,#2769,.T.);
#2771=ORIENTED_EDGE('',*,*,#2077,.T.);
#2773=ORIENTED_EDGE('',*,*,#2772,.F.);
#2774=EDGE_LOOP('',(#2768,#2770,#2771,#2773));
#2775=FACE_OUTER_BOUND('',#2774,.F.);
#2776=ADVANCED_FACE('',(#2775),#2767,.F.);
#2777=CARTESIAN_POINT('',(-1.6E1,-6.E1,0.E0));
#2778=DIRECTION('',(0.E0,-1.E0,0.E0));
#2779=DIRECTION('',(0.E0,0.E0,-1.E0));
#2780=AXIS2_PLACEMENT_3D('',#2777,#2778,#2779);
#2781=CYLINDRICAL_SURFACE('',#2780,4.E0);
#2782=ORIENTED_EDGE('',*,*,#2343,.T.);
#2783=ORIENTED_EDGE('',*,*,#2758,.F.);
#2784=ORIENTED_EDGE('',*,*,#2478,.F.);
#2785=ORIENTED_EDGE('',*,*,#2755,.T.);
#2786=EDGE_LOOP('',(#2782,#2783,#2784,#2785));
#2787=FACE_OUTER_BOUND('',#2786,.F.);
#2788=ADVANCED_FACE('',(#2787),#2781,.F.);
#2789=CARTESIAN_POINT('',(-1.6E1,-6.E1,0.E0));
#2790=DIRECTION('',(0.E0,-1.E0,0.E0));
#2791=DIRECTION('',(0.E0,0.E0,-1.E0));
#2792=AXIS2_PLACEMENT_3D('',#2789,#2790,#2791);
#2793=CYLINDRICAL_SURFACE('',#2792,4.E0);
#2794=ORIENTED_EDGE('',*,*,#2213,.F.);
#2795=ORIENTED_EDGE('',*,*,#2772,.T.);
#2796=ORIENTED_EDGE('',*,*,#2079,.T.);
#2797=ORIENTED_EDGE('',*,*,#2769,.F.);
#2798=EDGE_LOOP('',(#2794,#2795,#2796,#2797));
#2799=FACE_OUTER_BOUND('',#2798,.F.);
#2800=ADVANCED_FACE('',(#2799),#2793,.F.);
#2801=CARTESIAN_POINT('',(3.E0,5.2E1,-2.2E0));
#2802=DIRECTION('',(0.E0,1.E0,0.E0));
#2803=DIRECTION('',(0.E0,0.E0,1.E0));
#2804=AXIS2_PLACEMENT_3D('',#2801,#2802,#2803);
#2805=PLANE('',#2804);
#2806=ORIENTED_EDGE('',*,*,#1821,.T.);
#2807=ORIENTED_EDGE('',*,*,#2408,.F.);
#2808=ORIENTED_EDGE('',*,*,#1712,.T.);
#2810=ORIENTED_EDGE('',*,*,#2809,.F.);
#2811=EDGE_LOOP('',(#2806,#2807,#2808,#2810));
#2812=FACE_OUTER_BOUND('',#2811,.F.);
#2813=ADVANCED_FACE('',(#2812),#2805,.F.);
#2814=CARTESIAN_POINT('',(3.E0,5.2E1,1.78E1));
#2815=DIRECTION('',(0.E0,0.E0,1.E0));
#2816=DIRECTION('',(0.E0,-1.E0,0.E0));
#2817=AXIS2_PLACEMENT_3D('',#2814,#2815,#2816);
#2818=PLANE('',#2817);
#2819=ORIENTED_EDGE('',*,*,#1823,.F.);
#2820=ORIENTED_EDGE('',*,*,#2809,.T.);
#2821=ORIENTED_EDGE('',*,*,#1710,.T.);
#2823=ORIENTED_EDGE('',*,*,#2822,.F.);
#2824=EDGE_LOOP('',(#2819,#2820,#2821,#2823));
#2825=FACE_OUTER_BOUND('',#2824,.F.);
#2826=ADVANCED_FACE('',(#2825),#2818,.F.);
#2827=CARTESIAN_POINT('',(3.E0,4.8E1,1.78E1));
#2828=DIRECTION('',(0.E0,-1.E0,0.E0));
#2829=DIRECTION('',(0.E0,0.E0,-1.E0));
#2830=AXIS2_PLACEMENT_3D('',#2827,#2828,#2829);
#2831=PLANE('',#2830);
#2832=ORIENTED_EDGE('',*,*,#1825,.F.);
#2833=ORIENTED_EDGE('',*,*,#2822,.T.);
#2834=ORIENTED_EDGE('',*,*,#1708,.T.);
#2836=ORIENTED_EDGE('',*,*,#2835,.F.);
#2837=EDGE_LOOP('',(#2832,#2833,#2834,#2836));
#2838=FACE_OUTER_BOUND('',#2837,.F.);
#2839=ADVANCED_FACE('',(#2838),#2831,.F.);
#2840=CARTESIAN_POINT('',(3.E0,4.8E1,-2.2E0));
#2841=DIRECTION('',(0.E0,0.E0,-1.E0));
#2842=DIRECTION('',(0.E0,1.E0,0.E0));
#2843=AXIS2_PLACEMENT_3D('',#2840,#2841,#2842);
#2844=PLANE('',#2843);
#2845=ORIENTED_EDGE('',*,*,#1827,.F.);
#2846=ORIENTED_EDGE('',*,*,#2835,.T.);
#2847=ORIENTED_EDGE('',*,*,#1706,.T.);
#2848=ORIENTED_EDGE('',*,*,#2422,.T.);
#2849=EDGE_LOOP('',(#2845,#2846,#2847,#2848));
#2850=FACE_OUTER_BOUND('',#2849,.F.);
#2851=ADVANCED_FACE('',(#2850),#2844,.F.);
#2852=CARTESIAN_POINT('',(3.E0,-6.E1,9.85E0));
#2853=DIRECTION('',(0.E0,0.E0,-1.E0));
#2854=DIRECTION('',(0.E0,1.E0,0.E0));
#2855=AXIS2_PLACEMENT_3D('',#2852,#2853,#2854);
#2856=PLANE('',#2855);
#2858=ORIENTED_EDGE('',*,*,#2857,.F.);
#2859=ORIENTED_EDGE('',*,*,#2198,.F.);
#2860=ORIENTED_EDGE('',*,*,#1805,.T.);
#2861=ORIENTED_EDGE('',*,*,#2016,.T.);
#2862=EDGE_LOOP('',(#2858,#2859,#2860,#2861));
#2863=FACE_OUTER_BOUND('',#2862,.F.);
#2864=ADVANCED_FACE('',(#2863),#2856,.T.);
#2865=CARTESIAN_POINT('',(-2.E0,-6.E1,0.E0));
#2866=DIRECTION('',(0.E0,-1.E0,0.E0));
#2867=DIRECTION('',(0.E0,0.E0,1.E0));
#2868=AXIS2_PLACEMENT_3D('',#2865,#2866,#2867);
#2870=DIRECTION('',(0.E0,1.E0,0.E0));
#2871=VECTOR('',#2870,1.E0);
#2872=SURFACE_OF_LINEAR_EXTRUSION('',#2869,#2871);
#2873=ORIENTED_EDGE('',*,*,#2055,.T.);
#2874=ORIENTED_EDGE('',*,*,#2034,.T.);
#2876=ORIENTED_EDGE('',*,*,#2875,.F.);
#2877=ORIENTED_EDGE('',*,*,#2200,.T.);
#2878=ORIENTED_EDGE('',*,*,#2857,.T.);
#2879=ORIENTED_EDGE('',*,*,#2014,.T.);
#2880=EDGE_LOOP('',(#2873,#2874,#2876,#2877,#2878,#2879));
#2881=FACE_OUTER_BOUND('',#2880,.F.);
#2882=ADVANCED_FACE('',(#2881),#2872,.F.);
#2883=CARTESIAN_POINT('',(3.E0,-5.752380208031E1,-9.85E0));
#2884=DIRECTION('',(0.E0,0.E0,1.E0));
#2885=DIRECTION('',(0.E0,-1.E0,0.E0));
#2886=AXIS2_PLACEMENT_3D('',#2883,#2884,#2885);
#2887=PLANE('',#2886);
#2888=ORIENTED_EDGE('',*,*,#2875,.T.);
#2889=ORIENTED_EDGE('',*,*,#2032,.F.);
#2890=ORIENTED_EDGE('',*,*,#1843,.F.);
#2891=ORIENTED_EDGE('',*,*,#2202,.T.);
#2892=EDGE_LOOP('',(#2888,#2889,#2890,#2891));
#2893=FACE_OUTER_BOUND('',#2892,.F.);
#2894=ADVANCED_FACE('',(#2893),#2887,.T.);
#2895=CARTESIAN_POINT('',(0.E0,-3.E1,-9.E0));
#2896=DIRECTION('',(0.E0,0.E0,1.E0));
#2897=DIRECTION('',(0.E0,1.E0,0.E0));
#2898=AXIS2_PLACEMENT_3D('',#2895,#2896,#2897);
#2899=PLANE('',#2898);
#2901=ORIENTED_EDGE('',*,*,#2900,.T.);
#2902=ORIENTED_EDGE('',*,*,#1730,.F.);
#2904=ORIENTED_EDGE('',*,*,#2903,.T.);
#2906=ORIENTED_EDGE('',*,*,#2905,.T.);
#2907=EDGE_LOOP('',(#2901,#2902,#2904,#2906));
#2908=FACE_OUTER_BOUND('',#2907,.F.);
#2909=ADVANCED_FACE('',(#2908),#2899,.T.);
#2910=CARTESIAN_POINT('',(-1.316244847559E0,2.8E1,-1.1E1));
#2911=DIRECTION('',(1.E0,0.E0,0.E0));
#2912=DIRECTION('',(0.E0,1.E0,0.E0));
#2913=AXIS2_PLACEMENT_3D('',#2910,#2911,#2912);
#2914=CYLINDRICAL_SURFACE('',#2913,2.E0);
#2915=ORIENTED_EDGE('',*,*,#2900,.F.);
#2917=ORIENTED_EDGE('',*,*,#2916,.F.);
#2919=ORIENTED_EDGE('',*,*,#2918,.T.);
#2920=ORIENTED_EDGE('',*,*,#1732,.T.);
#2921=EDGE_LOOP('',(#2915,#2917,#2919,#2920));
#2922=FACE_OUTER_BOUND('',#2921,.F.);
#2923=ADVANCED_FACE('',(#2922),#2914,.T.);
#2924=CARTESIAN_POINT('',(-1.E0,2.8E1,-1.1E1));
#2925=DIRECTION('',(-7.071067797667E-1,0.E0,-7.071067826064E-1));
#2926=DIRECTION('',(-7.071067826064E-1,0.E0,7.071067797667E-1));
#2927=AXIS2_PLACEMENT_3D('',#2924,#2925,#2926);
#2928=SPHERICAL_SURFACE('',#2927,2.E0);
#2930=ORIENTED_EDGE('',*,*,#2929,.F.);
#2932=ORIENTED_EDGE('',*,*,#2931,.F.);
#2933=ORIENTED_EDGE('',*,*,#2916,.T.);
#2934=EDGE_LOOP('',(#2930,#2932,#2933));
#2935=FACE_OUTER_BOUND('',#2934,.F.);
#2936=ADVANCED_FACE('',(#2935),#2928,.T.);
#2937=CARTESIAN_POINT('',(-1.E0,-2.16432E2,-1.1E1));
#2938=DIRECTION('',(0.E0,1.E0,0.E0));
#2939=DIRECTION('',(-1.E0,0.E0,0.E0));
#2940=AXIS2_PLACEMENT_3D('',#2937,#2938,#2939);
#2941=CYLINDRICAL_SURFACE('',#2940,2.E0);
#2942=ORIENTED_EDGE('',*,*,#2929,.T.);
#2943=ORIENTED_EDGE('',*,*,#2905,.F.);
#2945=ORIENTED_EDGE('',*,*,#2944,.T.);
#2947=ORIENTED_EDGE('',*,*,#2946,.T.);
#2948=EDGE_LOOP('',(#2942,#2943,#2945,#2947));
#2949=FACE_OUTER_BOUND('',#2948,.F.);
#2950=ADVANCED_FACE('',(#2949),#2941,.T.);
#2951=CARTESIAN_POINT('',(-1.E0,-2.8E1,-1.1E1));
#2952=DIRECTION('',(7.071067797667E-1,0.E0,7.071067826064E-1));
#2953=DIRECTION('',(-7.071067826064E-1,0.E0,7.071067797667E-1));
#2954=AXIS2_PLACEMENT_3D('',#2951,#2952,#2953);
#2955=SPHERICAL_SURFACE('',#2954,2.E0);
#2956=ORIENTED_EDGE('',*,*,#2944,.F.);
#2958=ORIENTED_EDGE('',*,*,#2957,.F.);
#2960=ORIENTED_EDGE('',*,*,#2959,.T.);
#2961=EDGE_LOOP('',(#2956,#2958,#2960));
#2962=FACE_OUTER_BOUND('',#2961,.F.);
#2963=ADVANCED_FACE('',(#2962),#2955,.T.);
#2964=CARTESIAN_POINT('',(5.032233581867E1,-2.8E1,-1.1E1));
#2965=DIRECTION('',(-1.E0,0.E0,0.E0));
#2966=DIRECTION('',(0.E0,-1.E0,0.E0));
#2967=AXIS2_PLACEMENT_3D('',#2964,#2965,#2966);
#2968=CYLINDRICAL_SURFACE('',#2967,2.E0);
#2970=ORIENTED_EDGE('',*,*,#2969,.T.);
#2971=ORIENTED_EDGE('',*,*,#2957,.T.);
#2972=ORIENTED_EDGE('',*,*,#2903,.F.);
#2973=ORIENTED_EDGE('',*,*,#1744,.T.);
#2974=EDGE_LOOP('',(#2970,#2971,#2972,#2973));
#2975=FACE_OUTER_BOUND('',#2974,.F.);
#2976=ADVANCED_FACE('',(#2975),#2968,.T.);
#2977=CARTESIAN_POINT('',(0.E0,-3.E1,-1.4E1));
#2978=DIRECTION('',(0.E0,-1.E0,0.E0));
#2979=DIRECTION('',(0.E0,0.E0,1.E0));
#2980=AXIS2_PLACEMENT_3D('',#2977,#2978,#2979);
#2981=PLANE('',#2980);
#2983=ORIENTED_EDGE('',*,*,#2982,.F.);
#2985=ORIENTED_EDGE('',*,*,#2984,.F.);
#2986=ORIENTED_EDGE('',*,*,#2969,.F.);
#2987=ORIENTED_EDGE('',*,*,#1742,.F.);
#2988=EDGE_LOOP('',(#2983,#2985,#2986,#2987));
#2989=FACE_OUTER_BOUND('',#2988,.F.);
#2990=ADVANCED_FACE('',(#2989),#2981,.T.);
#2991=CARTESIAN_POINT('',(-1.316244847559E0,-2.8E1,-1.2E1));
#2992=DIRECTION('',(1.E0,0.E0,0.E0));
#2993=DIRECTION('',(0.E0,-1.E0,0.E0));
#2994=AXIS2_PLACEMENT_3D('',#2991,#2992,#2993);
#2995=CYLINDRICAL_SURFACE('',#2994,2.E0);
#2997=ORIENTED_EDGE('',*,*,#2996,.F.);
#2999=ORIENTED_EDGE('',*,*,#2998,.F.);
#3000=ORIENTED_EDGE('',*,*,#2982,.T.);
#3001=ORIENTED_EDGE('',*,*,#1740,.T.);
#3002=EDGE_LOOP('',(#2997,#2999,#3000,#3001));
#3003=FACE_OUTER_BOUND('',#3002,.F.);
#3004=ADVANCED_FACE('',(#3003),#2995,.T.);
#3005=CARTESIAN_POINT('',(0.E0,3.E1,-1.4E1));
#3006=DIRECTION('',(0.E0,0.E0,-1.E0));
#3007=DIRECTION('',(0.E0,-1.E0,0.E0));
#3008=AXIS2_PLACEMENT_3D('',#3005,#3006,#3007);
#3009=PLANE('',#3008);
#3011=ORIENTED_EDGE('',*,*,#3010,.T.);
#3013=ORIENTED_EDGE('',*,*,#3012,.T.);
#3014=ORIENTED_EDGE('',*,*,#2996,.T.);
#3015=ORIENTED_EDGE('',*,*,#1738,.F.);
#3016=EDGE_LOOP('',(#3011,#3013,#3014,#3015));
#3017=FACE_OUTER_BOUND('',#3016,.F.);
#3018=ADVANCED_FACE('',(#3017),#3009,.T.);
#3019=CARTESIAN_POINT('',(5.032233581867E1,2.8E1,-1.2E1));
#3020=DIRECTION('',(-1.E0,0.E0,0.E0));
#3021=DIRECTION('',(0.E0,1.E0,0.E0));
#3022=AXIS2_PLACEMENT_3D('',#3019,#3020,#3021);
#3023=CYLINDRICAL_SURFACE('',#3022,2.E0);
#3025=ORIENTED_EDGE('',*,*,#3024,.T.);
#3027=ORIENTED_EDGE('',*,*,#3026,.T.);
#3028=ORIENTED_EDGE('',*,*,#3010,.F.);
#3029=ORIENTED_EDGE('',*,*,#1736,.T.);
#3030=EDGE_LOOP('',(#3025,#3027,#3028,#3029));
#3031=FACE_OUTER_BOUND('',#3030,.F.);
#3032=ADVANCED_FACE('',(#3031),#3023,.T.);
#3033=CARTESIAN_POINT('',(0.E0,3.E1,-9.E0));
#3034=DIRECTION('',(0.E0,1.E0,0.E0));
#3035=DIRECTION('',(0.E0,0.E0,-1.E0));
#3036=AXIS2_PLACEMENT_3D('',#3033,#3034,#3035);
#3037=PLANE('',#3036);
#3038=ORIENTED_EDGE('',*,*,#2918,.F.);
#3040=ORIENTED_EDGE('',*,*,#3039,.F.);
#3041=ORIENTED_EDGE('',*,*,#3024,.F.);
#3042=ORIENTED_EDGE('',*,*,#1734,.F.);
#3043=EDGE_LOOP('',(#3038,#3040,#3041,#3042));
#3044=FACE_OUTER_BOUND('',#3043,.F.);
#3045=ADVANCED_FACE('',(#3044),#3037,.T.);
#3046=CARTESIAN_POINT('',(-1.E0,2.8E1,-1.231624484756E1));
#3047=DIRECTION('',(0.E0,0.E0,1.E0));
#3048=DIRECTION('',(0.E0,1.E0,0.E0));
#3049=AXIS2_PLACEMENT_3D('',#3046,#3047,#3048);
#3050=CYLINDRICAL_SURFACE('',#3049,2.E0);
#3051=ORIENTED_EDGE('',*,*,#3039,.T.);
#3052=ORIENTED_EDGE('',*,*,#2931,.T.);
#3054=ORIENTED_EDGE('',*,*,#3053,.F.);
#3056=ORIENTED_EDGE('',*,*,#3055,.F.);
#3057=EDGE_LOOP('',(#3051,#3052,#3054,#3056));
#3058=FACE_OUTER_BOUND('',#3057,.F.);
#3059=ADVANCED_FACE('',(#3058),#3050,.T.);
#3060=CARTESIAN_POINT('',(-3.E0,0.E0,0.E0));
#3061=DIRECTION('',(-1.E0,0.E0,0.E0));
#3062=DIRECTION('',(0.E0,1.E0,0.E0));
#3063=AXIS2_PLACEMENT_3D('',#3060,#3061,#3062);
#3064=PLANE('',#3063);
#3065=ORIENTED_EDGE('',*,*,#3053,.T.);
#3066=ORIENTED_EDGE('',*,*,#2946,.F.);
#3068=ORIENTED_EDGE('',*,*,#3067,.T.);
#3070=ORIENTED_EDGE('',*,*,#3069,.F.);
#3071=EDGE_LOOP('',(#3065,#3066,#3068,#3070));
#3072=FACE_OUTER_BOUND('',#3071,.F.);
#3073=ADVANCED_FACE('',(#3072),#3064,.T.);
#3074=CARTESIAN_POINT('',(-1.E0,-2.8E1,-1.081680357224E1));
#3075=DIRECTION('',(0.E0,0.E0,-1.E0));
#3076=DIRECTION('',(0.E0,-1.E0,0.E0));
#3077=AXIS2_PLACEMENT_3D('',#3074,#3075,#3076);
#3078=CYLINDRICAL_SURFACE('',#3077,2.E0);
#3079=ORIENTED_EDGE('',*,*,#2984,.T.);
#3081=ORIENTED_EDGE('',*,*,#3080,.T.);
#3082=ORIENTED_EDGE('',*,*,#3067,.F.);
#3083=ORIENTED_EDGE('',*,*,#2959,.F.);
#3084=EDGE_LOOP('',(#3079,#3081,#3082,#3083));
#3085=FACE_OUTER_BOUND('',#3084,.F.);
#3086=ADVANCED_FACE('',(#3085),#3078,.T.);
#3087=CARTESIAN_POINT('',(-1.E0,-2.8E1,-1.2E1));
#3088=DIRECTION('',(-7.071067797667E-1,0.E0,7.071067826064E-1));
#3089=DIRECTION('',(-7.071067826064E-1,0.E0,-7.071067797667E-1));
#3090=AXIS2_PLACEMENT_3D('',#3087,#3088,#3089);
#3091=SPHERICAL_SURFACE('',#3090,2.E0);
#3093=ORIENTED_EDGE('',*,*,#3092,.F.);
#3094=ORIENTED_EDGE('',*,*,#3080,.F.);
#3095=ORIENTED_EDGE('',*,*,#2998,.T.);
#3096=EDGE_LOOP('',(#3093,#3094,#3095));
#3097=FACE_OUTER_BOUND('',#3096,.F.);
#3098=ADVANCED_FACE('',(#3097),#3091,.T.);
#3099=CARTESIAN_POINT('',(-1.E0,2.16432E2,-1.2E1));
#3100=DIRECTION('',(0.E0,-1.E0,0.E0));
#3101=DIRECTION('',(-1.E0,0.E0,0.E0));
#3102=AXIS2_PLACEMENT_3D('',#3099,#3100,#3101);
#3103=CYLINDRICAL_SURFACE('',#3102,2.E0);
#3105=ORIENTED_EDGE('',*,*,#3104,.T.);
#3106=ORIENTED_EDGE('',*,*,#3069,.T.);
#3107=ORIENTED_EDGE('',*,*,#3092,.T.);
#3108=ORIENTED_EDGE('',*,*,#3012,.F.);
#3109=EDGE_LOOP('',(#3105,#3106,#3107,#3108));
#3110=FACE_OUTER_BOUND('',#3109,.F.);
#3111=ADVANCED_FACE('',(#3110),#3103,.T.);
#3112=CARTESIAN_POINT('',(-1.E0,2.8E1,-1.2E1));
#3113=DIRECTION('',(7.071067797667E-1,0.E0,-7.071067826064E-1));
#3114=DIRECTION('',(-7.071067826064E-1,0.E0,-7.071067797667E-1));
#3115=AXIS2_PLACEMENT_3D('',#3112,#3113,#3114);
#3116=SPHERICAL_SURFACE('',#3115,2.E0);
#3117=ORIENTED_EDGE('',*,*,#3104,.F.);
#3118=ORIENTED_EDGE('',*,*,#3026,.F.);
#3119=ORIENTED_EDGE('',*,*,#3055,.T.);
#3120=EDGE_LOOP('',(#3117,#3118,#3119));
#3121=FACE_OUTER_BOUND('',#3120,.F.);
#3122=ADVANCED_FACE('',(#3121),#3116,.T.);
#3126=DIMENSIONAL_EXPONENTS(0.E0,0.E0,0.E0,0.E0,0.E0,0.E0,0.E0);
#3128=PLANE_ANGLE_MEASURE_WITH_UNIT(PLANE_ANGLE_MEASURE(1.745329251994E-2),
#3127);
#3129=(CONVERSION_BASED_UNIT('DEGREE',#3128)NAMED_UNIT(*)PLANE_ANGLE_UNIT());
#3131=UNCERTAINTY_MEASURE_WITH_UNIT(LENGTH_MEASURE(1.370164151846E-2),#3125,
'closure',
'Maximum model space distance between geometric entities at asserted connectivities');
#3132=(GEOMETRIC_REPRESENTATION_CONTEXT(3)GLOBAL_UNCERTAINTY_ASSIGNED_CONTEXT((
#3131))GLOBAL_UNIT_ASSIGNED_CONTEXT((#3125,#3129,#3130))REPRESENTATION_CONTEXT(
'ID1','3'));
#3134=APPLICATION_CONTEXT(
'CONFIGURATION CONTROLLED 3D DESIGNS OF MECHANICAL PARTS AND ASSEMBLIES');
#3135=APPLICATION_PROTOCOL_DEFINITION('international standard',
'config_control_design',1994,#3134);
#3136=DESIGN_CONTEXT('',#3134,'design');
#3137=MECHANICAL_CONTEXT('',#3134,'mechanical');
#3138=PRODUCT('V1','V1','NOT SPECIFIED',(#3137));
#3139=PRODUCT_DEFINITION_FORMATION_WITH_SPECIFIED_SOURCE('1','LAST_VERSION',
#3138,.MADE.);
#3143=PRODUCT_CATEGORY('part','');
#3144=PRODUCT_RELATED_PRODUCT_CATEGORY('detail','',(#3138));
#3145=PRODUCT_CATEGORY_RELATIONSHIP('','',#3143,#3144);
#3146=SECURITY_CLASSIFICATION_LEVEL('unclassified');
#3147=SECURITY_CLASSIFICATION('','',#3146);
#3148=CC_DESIGN_SECURITY_CLASSIFICATION(#3147,(#3139));
#3149=APPROVAL_STATUS('approved');
#3150=APPROVAL(#3149,'');
#3151=CC_DESIGN_APPROVAL(#3150,(#3147,#3139,#3140));
#3152=CALENDAR_DATE(126,9,7);
#3153=COORDINATED_UNIVERSAL_TIME_OFFSET(8,0,.AHEAD.);
#3154=LOCAL_TIME(12,46,1.1E1,#3153);
#3155=DATE_AND_TIME(#3152,#3154);
#3156=APPROVAL_DATE_TIME(#3155,#3150);
#3157=DATE_TIME_ROLE('creation_date');
#3158=CC_DESIGN_DATE_AND_TIME_ASSIGNMENT(#3155,#3157,(#3140));
#3159=DATE_TIME_ROLE('classification_date');
#3160=CC_DESIGN_DATE_AND_TIME_ASSIGNMENT(#3155,#3159,(#3147));
#3161=PERSON('UNSPECIFIED','UNSPECIFIED',$,$,$,$);
#3162=ORGANIZATION('UNSPECIFIED','UNSPECIFIED','UNSPECIFIED');
#3163=PERSON_AND_ORGANIZATION(#3161,#3162);
#3164=APPROVAL_ROLE('approver');
#3165=APPROVAL_PERSON_ORGANIZATION(#3163,#3150,#3164);
#3166=PERSON_AND_ORGANIZATION_ROLE('creator');
#3167=CC_DESIGN_PERSON_AND_ORGANIZATION_ASSIGNMENT(#3163,#3166,(#3139,#3140));
#3168=PERSON_AND_ORGANIZATION_ROLE('design_supplier');
#3169=CC_DESIGN_PERSON_AND_ORGANIZATION_ASSIGNMENT(#3163,#3168,(#3139));
#3170=PERSON_AND_ORGANIZATION_ROLE('classification_officer');
#3171=CC_DESIGN_PERSON_AND_ORGANIZATION_ASSIGNMENT(#3163,#3170,(#3147));
#3172=PERSON_AND_ORGANIZATION_ROLE('design_owner');
#3173=CC_DESIGN_PERSON_AND_ORGANIZATION_ASSIGNMENT(#3163,#3172,(#3138));
#56=B_SPLINE_CURVE_WITH_KNOTS('',3,(#49,#50,#51,#52,#53,#54,#55),.UNSPECIFIED.,
.F.,.F.,(4,1,1,1,4),(0.E0,2.5E-1,5.E-1,7.5E-1,1.E0),.UNSPECIFIED.);
#176=B_SPLINE_CURVE_WITH_KNOTS('',3,(#61,#62,#63,#64,#65,#66,#67,#68,#69,#70,
#71,#72,#73,#74,#75,#76,#77,#78,#79,#80,#81,#82,#83,#84,#85,#86,#87,#88,#89,#90,
#91,#92,#93,#94,#95,#96,#97,#98,#99,#100,#101,#102,#103,#104,#105,#106,#107,
#108,#109,#110,#111,#112,#113,#114,#115,#116,#117,#118,#119,#120,#121,#122,#123,
#124,#125,#126,#127,#128,#129,#130,#131,#132,#133,#134,#135,#136,#137,#138,#139,
#140,#141,#142,#143,#144,#145,#146,#147,#148,#149,#150,#151,#152,#153,#154,#155,
#156,#157,#158,#159,#160,#161,#162,#163,#164,#165,#166,#167,#168,#169,#170,#171,
#172,#173,#174,#175),.UNSPECIFIED.,.F.,.F.,(4,1,1,1,1,1,1,1,1,1,1,1,1,1,1,1,1,1,
1,1,1,1,1,1,1,1,1,1,1,1,1,1,1,1,1,1,1,1,1,1,1,1,1,1,1,1,1,1,1,1,1,1,1,1,1,1,1,1,
1,1,1,1,1,1,1,1,1,1,1,1,1,1,1,1,1,1,1,1,1,1,1,1,1,1,1,1,1,1,1,1,1,1,1,1,1,1,1,1,
1,1,1,1,1,1,1,1,1,1,1,1,1,1,4),(0.E0,3.051757812500E-5,6.103515625E-5,
1.220703125E-4,1.831054687500E-4,2.44140625E-4,3.662109375E-4,4.8828125E-4,
6.103515625E-4,7.32421875E-4,9.765625E-4,1.220703125E-3,1.46484375E-3,
1.953125E-3,2.44140625E-3,2.9296875E-3,3.41796875E-3,3.90625E-3,4.8828125E-3,
5.859375E-3,6.8359375E-3,7.8125E-3,9.765625E-3,1.171875E-2,1.3671875E-2,
1.5625E-2,1.7578125E-2,1.953125E-2,2.34375E-2,2.734375E-2,3.125E-2,3.515625E-2,
3.90625E-2,4.296875E-2,4.6875E-2,5.46875E-2,6.25E-2,7.03125E-2,7.8125E-2,
8.59375E-2,9.375E-2,1.09375E-1,1.25E-1,1.40625E-1,1.5625E-1,1.71875E-1,1.875E-1,
2.03125E-1,2.1875E-1,2.5E-1,2.8125E-1,3.125E-1,3.4375E-1,3.75E-1,4.0625E-1,
4.375E-1,5.E-1,5.625E-1,5.9375E-1,6.25E-1,6.5625E-1,6.875E-1,7.1875E-1,7.5E-1,
7.8125E-1,7.96875E-1,8.125E-1,8.28125E-1,8.4375E-1,8.59375E-1,8.75E-1,
8.90625E-1,9.0625E-1,9.140625E-1,9.21875E-1,9.296875E-1,9.375E-1,9.453125E-1,
9.53125E-1,9.5703125E-1,9.609375E-1,9.6484375E-1,9.6875E-1,9.7265625E-1,
9.765625E-1,9.8046875E-1,9.82421875E-1,9.84375E-1,9.86328125E-1,9.8828125E-1,
9.90234375E-1,9.921875E-1,9.931640625E-1,9.94140625E-1,9.951171875E-1,
9.9609375E-1,9.965820312500E-1,9.970703125E-1,9.975585937500E-1,9.98046875E-1,
9.985351562500E-1,9.987792968750E-1,9.990234375E-1,9.992675781250E-1,
9.993896484375E-1,9.995117187500E-1,9.996337890625E-1,9.997558593750E-1,
9.998168945312E-1,9.998779296875E-1,9.999389648438E-1,9.999694824219E-1,1.E0),
.UNSPECIFIED.);
#188=B_SPLINE_CURVE_WITH_KNOTS('',3,(#181,#182,#183,#184,#185,#186,#187),
.UNSPECIFIED.,.F.,.F.,(4,1,1,1,4),(0.E0,2.5E-1,5.E-1,7.5E-1,1.E0),
.UNSPECIFIED.);
#209=B_SPLINE_CURVE_WITH_KNOTS('',3,(#205,#206,#207,#208),.UNSPECIFIED.,.F.,.F.,
(4,4),(0.E0,1.E0),.UNSPECIFIED.);
#329=B_SPLINE_CURVE_WITH_KNOTS('',3,(#214,#215,#216,#217,#218,#219,#220,#221,
#222,#223,#224,#225,#226,#227,#228,#229,#230,#231,#232,#233,#234,#235,#236,#237,
#238,#239,#240,#241,#242,#243,#244,#245,#246,#247,#248,#249,#250,#251,#252,#253,
#254,#255,#256,#257,#258,#259,#260,#261,#262,#263,#264,#265,#266,#267,#268,#269,
#270,#271,#272,#273,#274,#275,#276,#277,#278,#279,#280,#281,#282,#283,#284,#285,
#286,#287,#288,#289,#290,#291,#292,#293,#294,#295,#296,#297,#298,#299,#300,#301,
#302,#303,#304,#305,#306,#307,#308,#309,#310,#311,#312,#313,#314,#315,#316,#317,
#318,#319,#320,#321,#322,#323,#324,#325,#326,#327,#328),.UNSPECIFIED.,.F.,.F.,
(4,1,1,1,1,1,1,1,1,1,1,1,1,1,1,1,1,1,1,1,1,1,1,1,1,1,1,1,1,1,1,1,1,1,1,1,1,1,1,
1,1,1,1,1,1,1,1,1,1,1,1,1,1,1,1,1,1,1,1,1,1,1,1,1,1,1,1,1,1,1,1,1,1,1,1,1,1,1,1,
1,1,1,1,1,1,1,1,1,1,1,1,1,1,1,1,1,1,1,1,1,1,1,1,1,1,1,1,1,1,1,1,1,4),(0.E0,
3.051757812500E-5,6.103515625E-5,1.220703125E-4,1.831054687500E-4,2.44140625E-4,
3.662109375E-4,4.8828125E-4,6.103515625E-4,7.32421875E-4,9.765625E-4,
1.220703125E-3,1.46484375E-3,1.953125E-3,2.44140625E-3,2.9296875E-3,
3.41796875E-3,3.90625E-3,4.8828125E-3,5.859375E-3,6.8359375E-3,7.8125E-3,
9.765625E-3,1.171875E-2,1.3671875E-2,1.5625E-2,1.7578125E-2,1.953125E-2,
2.34375E-2,2.734375E-2,3.125E-2,3.515625E-2,3.90625E-2,4.296875E-2,4.6875E-2,
5.46875E-2,6.25E-2,7.03125E-2,7.8125E-2,8.59375E-2,9.375E-2,1.09375E-1,1.25E-1,
1.40625E-1,1.5625E-1,1.71875E-1,1.875E-1,2.03125E-1,2.1875E-1,2.5E-1,2.8125E-1,
3.125E-1,3.4375E-1,3.75E-1,4.0625E-1,4.375E-1,5.E-1,5.625E-1,5.9375E-1,6.25E-1,
6.5625E-1,6.875E-1,7.1875E-1,7.5E-1,7.8125E-1,7.96875E-1,8.125E-1,8.28125E-1,
8.4375E-1,8.59375E-1,8.75E-1,8.90625E-1,9.0625E-1,9.140625E-1,9.21875E-1,
9.296875E-1,9.375E-1,9.453125E-1,9.53125E-1,9.5703125E-1,9.609375E-1,
9.6484375E-1,9.6875E-1,9.7265625E-1,9.765625E-1,9.8046875E-1,9.82421875E-1,
9.84375E-1,9.86328125E-1,9.8828125E-1,9.90234375E-1,9.921875E-1,9.931640625E-1,
9.94140625E-1,9.951171875E-1,9.9609375E-1,9.965820312500E-1,9.970703125E-1,
9.975585937500E-1,9.98046875E-1,9.985351562500E-1,9.987792968750E-1,
9.990234375E-1,9.992675781250E-1,9.993896484375E-1,9.995117187500E-1,
9.996337890625E-1,9.997558593750E-1,9.998168945312E-1,9.998779296875E-1,
9.999389648438E-1,9.999694824219E-1,1.E0),.UNSPECIFIED.);
#338=B_SPLINE_CURVE_WITH_KNOTS('',3,(#334,#335,#336,#337),.UNSPECIFIED.,.F.,.F.,
(4,4),(0.E0,1.E0),.UNSPECIFIED.);
#351=CIRCLE('',#350,2.E0);
#356=CIRCLE('',#355,2.E0);
#382=B_SPLINE_CURVE_WITH_KNOTS('',3,(#377,#378,#379,#380,#381),.UNSPECIFIED.,
.F.,.F.,(4,1,4),(0.E0,5.E-1,1.E0),.UNSPECIFIED.);
#404=B_SPLINE_CURVE_WITH_KNOTS('',3,(#391,#392,#393,#394,#395,#396,#397,#398,
#399,#400,#401,#402,#403),.UNSPECIFIED.,.F.,.F.,(4,1,1,1,1,1,1,1,1,1,4),(0.E0,
6.25E-2,1.25E-1,2.5E-1,3.75E-1,5.E-1,6.25E-1,7.5E-1,8.75E-1,9.375E-1,1.E0),
.UNSPECIFIED.);
#418=B_SPLINE_CURVE_WITH_KNOTS('',3,(#413,#414,#415,#416,#417),.UNSPECIFIED.,
.F.,.F.,(4,1,4),(0.E0,5.E-1,1.E0),.UNSPECIFIED.);
#442=B_SPLINE_CURVE_WITH_KNOTS('',3,(#435,#436,#437,#438,#439,#440,#441),
.UNSPECIFIED.,.F.,.F.,(4,1,1,1,4),(0.E0,2.5E-1,5.E-1,7.5E-1,1.E0),
.UNSPECIFIED.);
#464=B_SPLINE_CURVE_WITH_KNOTS('',3,(#451,#452,#453,#454,#455,#456,#457,#458,
#459,#460,#461,#462,#463),.UNSPECIFIED.,.F.,.F.,(4,1,1,1,1,1,1,1,1,1,4),(0.E0,
6.25E-2,1.25E-1,2.5E-1,3.75E-1,5.E-1,6.25E-1,7.5E-1,8.75E-1,9.375E-1,1.E0),
.UNSPECIFIED.);
#480=B_SPLINE_CURVE_WITH_KNOTS('',3,(#473,#474,#475,#476,#477,#478,#479),
.UNSPECIFIED.,.F.,.F.,(4,1,1,1,4),(0.E0,2.5E-1,5.E-1,7.5E-1,1.E0),
.UNSPECIFIED.);
#505=CIRCLE('',#504,2.E0);
#510=CIRCLE('',#509,2.E0);
#523=CIRCLE('',#522,2.E0);
#528=CIRCLE('',#527,2.E0);
#541=CIRCLE('',#540,2.E0);
#546=CIRCLE('',#545,2.E0);
#569=B_SPLINE_CURVE_WITH_KNOTS('',3,(#563,#564,#565,#566,#567,#568),
.UNSPECIFIED.,.F.,.F.,(4,1,1,4),(0.E0,3.333333333333E-1,6.666666666667E-1,1.E0),
.UNSPECIFIED.);
#584=B_SPLINE_CURVE_WITH_KNOTS('',3,(#578,#579,#580,#581,#582,#583),
.UNSPECIFIED.,.F.,.F.,(4,1,1,4),(0.E0,3.333333333333E-1,6.666666666667E-1,1.E0),
.UNSPECIFIED.);
#589=CIRCLE('',#588,1.75E0);
#594=CIRCLE('',#593,1.75E0);
#599=CIRCLE('',#598,1.75E0);
#604=CIRCLE('',#603,1.75E0);
#609=CIRCLE('',#608,7.E0);
#618=CIRCLE('',#617,2.7E0);
#631=CIRCLE('',#630,2.7E0);
#640=CIRCLE('',#639,4.E0);
#645=CIRCLE('',#644,4.E0);
#658=CIRCLE('',#657,1.75E0);
#663=CIRCLE('',#662,1.75E0);
#668=CIRCLE('',#667,3.E0);
#677=CIRCLE('',#676,3.E0);
#686=CIRCLE('',#685,3.E0);
#695=CIRCLE('',#694,3.E0);
#704=CIRCLE('',#703,7.E0);
#709=CIRCLE('',#708,2.7E0);
#729=B_SPLINE_CURVE_WITH_KNOTS('',3,(#714,#715,#716,#717,#718,#719,#720,#721,
#722,#723,#724,#725,#726,#727,#728),.UNSPECIFIED.,.F.,.F.,(4,1,1,1,1,1,1,1,1,1,
1,1,4),(0.E0,1.25E-1,2.5E-1,3.125E-1,3.75E-1,4.375E-1,5.E-1,5.625E-1,6.25E-1,
6.875E-1,7.5E-1,8.75E-1,1.E0),.UNSPECIFIED.);
#738=CIRCLE('',#737,2.7E0);
#743=CIRCLE('',#742,4.E0);
#748=CIRCLE('',#747,4.E0);
#753=CIRCLE('',#752,3.E0);
#758=CIRCLE('',#757,3.E0);
#763=CIRCLE('',#762,3.E0);
#768=CIRCLE('',#767,3.E0);
#808=B_SPLINE_CURVE_WITH_KNOTS('',3,(#793,#794,#795,#796,#797,#798,#799,#800,
#801,#802,#803,#804,#805,#806,#807),.UNSPECIFIED.,.F.,.F.,(4,1,1,1,1,1,1,1,1,1,
1,1,4),(0.E0,8.333333333333E-2,1.666666666667E-1,2.5E-1,3.333333333333E-1,
4.166666666667E-1,5.E-1,5.833333333333E-1,6.666666666667E-1,7.5E-1,
8.333333333333E-1,9.166666666667E-1,1.E0),.UNSPECIFIED.);
#832=B_SPLINE_CURVE_WITH_KNOTS('',3,(#817,#818,#819,#820,#821,#822,#823,#824,
#825,#826,#827,#828,#829,#830,#831),.UNSPECIFIED.,.F.,.F.,(4,1,1,1,1,1,1,1,1,1,
1,1,4),(0.E0,8.333333333333E-2,1.666666666667E-1,2.5E-1,3.333333333333E-1,
4.166666666667E-1,5.E-1,5.833333333333E-1,6.666666666667E-1,7.5E-1,
8.333333333333E-1,9.166666666667E-1,1.E0),.UNSPECIFIED.);
#845=CIRCLE('',#844,2.7E0);
#865=B_SPLINE_CURVE_WITH_KNOTS('',3,(#850,#851,#852,#853,#854,#855,#856,#857,
#858,#859,#860,#861,#862,#863,#864),.UNSPECIFIED.,.F.,.F.,(4,1,1,1,1,1,1,1,1,1,
1,1,4),(0.E0,1.25E-1,2.5E-1,3.125E-1,3.75E-1,4.375E-1,5.E-1,5.625E-1,6.25E-1,
6.875E-1,7.5E-1,8.75E-1,1.E0),.UNSPECIFIED.);
#874=CIRCLE('',#873,2.7E0);
#879=CIRCLE('',#878,8.7E0);
#884=CIRCLE('',#883,4.E0);
#889=CIRCLE('',#888,4.E0);
#894=CIRCLE('',#893,3.E0);
#899=CIRCLE('',#898,3.E0);
#904=CIRCLE('',#903,3.E0);
#909=CIRCLE('',#908,3.E0);
#935=B_SPLINE_CURVE_WITH_KNOTS('',3,(#918,#919,#920,#921,#922,#923,#924,#925,
#926,#927,#928,#929,#930,#931,#932,#933,#934),.UNSPECIFIED.,.F.,.F.,(4,1,1,1,1,
1,1,1,1,1,1,1,1,1,4),(0.E0,1.25E-1,2.5E-1,3.125E-1,3.75E-1,4.375E-1,4.6875E-1,
5.E-1,5.3125E-1,5.625E-1,6.25E-1,6.875E-1,7.5E-1,8.75E-1,1.E0),.UNSPECIFIED.);
#946=B_SPLINE_CURVE_WITH_KNOTS('',3,(#940,#941,#942,#943,#944,#945),
.UNSPECIFIED.,.F.,.F.,(4,1,1,4),(0.E0,3.333333333333E-1,6.666666666667E-1,1.E0),
.UNSPECIFIED.);
#961=B_SPLINE_CURVE_WITH_KNOTS('',3,(#955,#956,#957,#958,#959,#960),
.UNSPECIFIED.,.F.,.F.,(4,1,1,4),(0.E0,3.333333333333E-1,6.666666666667E-1,1.E0),
.UNSPECIFIED.);
#970=CIRCLE('',#969,1.75E0);
#975=CIRCLE('',#974,1.75E0);
#980=CIRCLE('',#979,1.75E0);
#985=CIRCLE('',#984,1.75E0);
#990=CIRCLE('',#989,2.7E0);
#999=CIRCLE('',#998,8.7E0);
#1008=CIRCLE('',#1007,2.7E0);
#1021=CIRCLE('',#1020,4.E0);
#1026=CIRCLE('',#1025,4.E0);
#1039=CIRCLE('',#1038,1.75E0);
#1044=CIRCLE('',#1043,1.75E0);
#1057=CIRCLE('',#1056,1.75E0);
#1062=CIRCLE('',#1061,1.75E0);
#1067=CIRCLE('',#1066,3.E0);
#1076=CIRCLE('',#1075,3.E0);
#1085=CIRCLE('',#1084,1.75E0);
#1090=CIRCLE('',#1089,1.75E0);
#1103=CIRCLE('',#1102,3.E0);
#1112=CIRCLE('',#1111,3.E0);
#1160=B_SPLINE_CURVE_WITH_KNOTS('',3,(#1145,#1146,#1147,#1148,#1149,#1150,#1151,
#1152,#1153,#1154,#1155,#1156,#1157,#1158,#1159),.UNSPECIFIED.,.F.,.F.,(4,1,1,1,
1,1,1,1,1,1,1,1,4),(0.E0,8.333333333333E-2,1.666666666667E-1,2.5E-1,
3.333333333333E-1,4.166666666667E-1,5.E-1,5.833333333333E-1,6.666666666667E-1,
7.5E-1,8.333333333333E-1,9.166666666667E-1,1.E0),.UNSPECIFIED.);
#1188=B_SPLINE_CURVE_WITH_KNOTS('',3,(#1173,#1174,#1175,#1176,#1177,#1178,#1179,
#1180,#1181,#1182,#1183,#1184,#1185,#1186,#1187),.UNSPECIFIED.,.F.,.F.,(4,1,1,1,
1,1,1,1,1,1,1,1,4),(0.E0,8.333333333333E-2,1.666666666667E-1,2.5E-1,
3.333333333333E-1,4.166666666667E-1,5.E-1,5.833333333333E-1,6.666666666667E-1,
7.5E-1,8.333333333333E-1,9.166666666667E-1,1.E0),.UNSPECIFIED.);
#1238=B_SPLINE_CURVE_WITH_KNOTS('',3,(#1221,#1222,#1223,#1224,#1225,#1226,#1227,
#1228,#1229,#1230,#1231,#1232,#1233,#1234,#1235,#1236,#1237),.UNSPECIFIED.,.F.,
.F.,(4,1,1,1,1,1,1,1,1,1,1,1,1,1,4),(0.E0,1.25E-1,2.5E-1,3.125E-1,3.75E-1,
4.375E-1,4.6875E-1,5.E-1,5.3125E-1,5.625E-1,6.25E-1,6.875E-1,7.5E-1,8.75E-1,
1.E0),.UNSPECIFIED.);
#1263=CIRCLE('',#1262,2.E0);
#1268=CIRCLE('',#1267,2.E0);
#1273=CIRCLE('',#1272,2.E0);
#1278=CIRCLE('',#1277,2.E0);
#1283=CIRCLE('',#1282,2.E0);
#1288=CIRCLE('',#1287,2.E0);
#1293=CIRCLE('',#1292,2.E0);
#1310=CIRCLE('',#1309,2.E0);
#1315=CIRCLE('',#1314,2.E0);
#1332=CIRCLE('',#1331,2.E0);
#1349=CIRCLE('',#1348,2.E0);
#1370=CIRCLE('',#1369,2.E0);
#1375=CIRCLE('',#1374,2.E0);
#1380=CIRCLE('',#1379,2.E0);
#1385=CIRCLE('',#1384,2.E0);
#1390=CIRCLE('',#1389,2.E0);
#1684=EDGE_CURVE('',#1672,#1666,#36,.T.);
#1686=EDGE_CURVE('',#1666,#1670,#40,.T.);
#1688=EDGE_CURVE('',#1670,#1662,#44,.T.);
#1690=EDGE_CURVE('',#1662,#1674,#48,.T.);
#1692=EDGE_CURVE('',#1674,#1438,#56,.T.);
#1694=EDGE_CURVE('',#1438,#1470,#60,.T.);
#1696=EDGE_CURVE('',#1483,#1470,#836,.T.);
#1698=EDGE_CURVE('',#1483,#1484,#176,.T.);
#1700=EDGE_CURVE('',#1462,#1484,#816,.T.);
#1702=EDGE_CURVE('',#1426,#1462,#180,.T.);
#1704=EDGE_CURVE('',#1618,#1426,#188,.T.);
#1706=EDGE_CURVE('',#1610,#1618,#192,.T.);
#1708=EDGE_CURVE('',#1614,#1610,#196,.T.);
#1710=EDGE_CURVE('',#1612,#1614,#200,.T.);
#1712=EDGE_CURVE('',#1616,#1612,#204,.T.);
#1714=EDGE_CURVE('',#1424,#1616,#209,.T.);
#1716=EDGE_CURVE('',#1454,#1424,#213,.T.);
#1718=EDGE_CURVE('',#1482,#1454,#1164,.T.);
#1720=EDGE_CURVE('',#1481,#1482,#329,.T.);
#1722=EDGE_CURVE('',#1446,#1481,#1172,.T.);
#1724=EDGE_CURVE('',#1446,#1436,#333,.T.);
#1726=EDGE_CURVE('',#1436,#1672,#338,.T.);
#1730=EDGE_CURVE('',#1638,#1642,#20,.T.);
#1732=EDGE_CURVE('',#1646,#1642,#1268,.T.);
#1734=EDGE_CURVE('',#1646,#1656,#24,.T.);
#1736=EDGE_CURVE('',#1658,#1656,#1332,.T.);
#1738=EDGE_CURVE('',#1658,#1622,#28,.T.);
#1740=EDGE_CURVE('',#1626,#1622,#1315,.T.);
#1742=EDGE_CURVE('',#1626,#1636,#32,.T.);
#1744=EDGE_CURVE('',#1638,#1636,#1293,.T.);
#1748=EDGE_CURVE('',#1498,#1518,#4,.T.);
#1750=EDGE_CURVE('',#1502,#1498,#356,.T.);
#1752=EDGE_CURVE('',#1490,#1502,#8,.T.);
#1754=EDGE_CURVE('',#1494,#1490,#510,.T.);
#1756=EDGE_CURVE('',#1506,#1494,#12,.T.);
#1758=EDGE_CURVE('',#1510,#1506,#528,.T.);
#1760=EDGE_CURVE('',#1514,#1510,#16,.T.);
#1762=EDGE_CURVE('',#1518,#1514,#546,.T.);
#1772=EDGE_CURVE('',#1497,#1498,#342,.T.);
#1775=EDGE_CURVE('',#1517,#1518,#346,.T.);
#1777=EDGE_CURVE('',#1497,#1517,#364,.T.);
#1788=EDGE_CURVE('',#1497,#1501,#351,.T.);
#1790=EDGE_CURVE('',#1501,#1502,#500,.T.);
#1801=EDGE_CURVE('',#1676,#1665,#376,.T.);
#1803=EDGE_CURVE('',#1414,#1676,#382,.T.);
#1805=EDGE_CURVE('',#1413,#1414,#386,.T.);
#1807=EDGE_CURVE('',#1441,#1413,#390,.T.);
#1809=EDGE_CURVE('',#1479,#1441,#1168,.T.);
#1811=EDGE_CURVE('',#1479,#1480,#404,.T.);
#1813=EDGE_CURVE('',#1450,#1480,#1144,.T.);
#1815=EDGE_CURVE('',#1405,#1450,#408,.T.);
#1817=EDGE_CURVE('',#1405,#1406,#412,.T.);
#1819=EDGE_CURVE('',#1406,#1602,#418,.T.);
#1821=EDGE_CURVE('',#1601,#1602,#422,.T.);
#1823=EDGE_CURVE('',#1601,#1605,#426,.T.);
#1825=EDGE_CURVE('',#1605,#1606,#430,.T.);
#1827=EDGE_CURVE('',#1606,#1608,#434,.T.);
#1829=EDGE_CURVE('',#1608,#1402,#442,.T.);
#1831=EDGE_CURVE('',#1401,#1402,#446,.T.);
#1833=EDGE_CURVE('',#1457,#1401,#450,.T.);
#1835=EDGE_CURVE('',#1486,#1457,#812,.T.);
#1837=EDGE_CURVE('',#1485,#1486,#464,.T.);
#1839=EDGE_CURVE('',#1466,#1485,#840,.T.);
#1841=EDGE_CURVE('',#1409,#1466,#468,.T.);
#1843=EDGE_CURVE('',#1409,#1410,#472,.T.);
#1845=EDGE_CURVE('',#1678,#1410,#480,.T.);
#1847=EDGE_CURVE('',#1661,#1678,#484,.T.);
#1849=EDGE_CURVE('',#1669,#1661,#488,.T.);
#1851=EDGE_CURVE('',#1665,#1669,#492,.T.);
#1855=EDGE_CURVE('',#1489,#1501,#360,.T.);
#1859=EDGE_CURVE('',#1513,#1517,#541,.T.);
#1861=EDGE_CURVE('',#1513,#1509,#368,.T.);
#1863=EDGE_CURVE('',#1505,#1509,#523,.T.);
#1865=EDGE_CURVE('',#1505,#1493,#372,.T.);
#1867=EDGE_CURVE('',#1489,#1493,#505,.T.);
#1877=EDGE_CURVE('',#1489,#1490,#496,.T.);
#1892=EDGE_CURVE('',#1493,#1494,#514,.T.);
#1905=EDGE_CURVE('',#1505,#1506,#518,.T.);
#1918=EDGE_CURVE('',#1509,#1510,#532,.T.);
#1931=EDGE_CURVE('',#1513,#1514,#536,.T.);
#1954=EDGE_CURVE('',#1665,#1666,#550,.T.);
#1957=EDGE_CURVE('',#1676,#1672,#562,.T.);
#1970=EDGE_CURVE('',#1669,#1670,#554,.T.);
#1981=EDGE_CURVE('',#1661,#1662,#558,.T.);
#1996=EDGE_CURVE('',#1678,#1674,#577,.T.);
#2006=ELLIPSE('',#2005,9.E0,9.85E0);
#2012=EDGE_CURVE('',#1436,#1433,#626,.T.);
#2014=EDGE_CURVE('',#1430,#1433,#569,.T.);
#2016=EDGE_CURVE('',#1414,#1430,#573,.T.);
#2026=ELLIPSE('',#2025,9.E0,9.85E0);
#2032=EDGE_CURVE('',#1410,#1432,#1246,.T.);
#2034=EDGE_CURVE('',#1434,#1432,#584,.T.);
#2036=EDGE_CURVE('',#1438,#1434,#622,.T.);
#2047=EDGE_CURVE('',#1476,#1478,#609,.T.);
#2049=EDGE_CURVE('',#1469,#1476,#613,.T.);
#2051=EDGE_CURVE('',#1469,#1470,#618,.T.);
#2055=EDGE_CURVE('',#1433,#1434,#1238,.T.);
#2059=EDGE_CURVE('',#1446,#1444,#631,.T.);
#2061=EDGE_CURVE('',#1478,#1444,#635,.T.);
#2065=EDGE_CURVE('',#1553,#1554,#599,.T.);
#2067=EDGE_CURVE('',#1554,#1553,#604,.T.);
#2071=EDGE_CURVE('',#1577,#1578,#589,.T.);
#2073=EDGE_CURVE('',#1578,#1577,#594,.T.);
#2077=EDGE_CURVE('',#1533,#1534,#640,.T.);
#2079=EDGE_CURVE('',#1534,#1533,#645,.T.);
#2090=EDGE_CURVE('',#1577,#1581,#649,.T.);
#2092=EDGE_CURVE('',#1581,#1582,#658,.T.);
#2094=EDGE_CURVE('',#1578,#1582,#653,.T.);
#2106=EDGE_CURVE('',#1582,#1581,#663,.T.);
#2117=EDGE_CURVE('',#1593,#1594,#668,.T.);
#2119=EDGE_CURVE('',#1594,#1593,#686,.T.);
#2134=EDGE_CURVE('',#1542,#1594,#690,.T.);
#2136=EDGE_CURVE('',#1541,#1542,#753,.T.);
#2138=EDGE_CURVE('',#1541,#1593,#672,.T.);
#2148=EDGE_CURVE('',#1597,#1598,#677,.T.);
#2150=EDGE_CURVE('',#1597,#1537,#681,.T.);
#2152=EDGE_CURVE('',#1537,#1538,#894,.T.);
#2154=EDGE_CURVE('',#1598,#1538,#699,.T.);
#2166=EDGE_CURVE('',#1542,#1541,#758,.T.);
#2177=EDGE_CURVE('',#1598,#1597,#695,.T.);
#2180=EDGE_CURVE('',#1538,#1537,#899,.T.);
#2191=EDGE_CURVE('',#1473,#1474,#704,.T.);
#2193=EDGE_CURVE('',#1442,#1473,#1140,.T.);
#2195=EDGE_CURVE('',#1441,#1442,#709,.T.);
#2198=EDGE_CURVE('',#1413,#1428,#713,.T.);
#2200=EDGE_CURVE('',#1427,#1428,#729,.T.);
#2202=EDGE_CURVE('',#1409,#1427,#733,.T.);
#2205=EDGE_CURVE('',#1465,#1466,#738,.T.);
#2207=EDGE_CURVE('',#1474,#1465,#788,.T.);
#2211=EDGE_CURVE('',#1525,#1526,#743,.T.);
#2213=EDGE_CURVE('',#1526,#1525,#748,.T.);
#2221=EDGE_CURVE('',#1549,#1550,#763,.T.);
#2223=EDGE_CURVE('',#1550,#1549,#768,.T.);
#2234=EDGE_CURVE('',#1476,#1474,#784,.T.);
#2237=EDGE_CURVE('',#1478,#1473,#1132,.T.);
#2247=EDGE_CURVE('',#1460,#1458,#772,.T.);
#2249=EDGE_CURVE('',#1458,#1396,#776,.T.);
#2251=EDGE_CURVE('',#1396,#1394,#780,.T.);
#2253=EDGE_CURVE('',#1460,#1394,#994,.T.);
#2265=EDGE_CURVE('',#1465,#1469,#792,.T.);
#2276=EDGE_CURVE('',#1484,#1486,#808,.T.);
#2279=EDGE_CURVE('',#1457,#1458,#845,.T.);
#2282=EDGE_CURVE('',#1462,#1460,#990,.T.);
#2293=EDGE_CURVE('',#1485,#1483,#832,.T.);
#2307=ELLIPSE('',#2306,5.E1,6.E0);
#2325=EDGE_CURVE('',#1401,#1415,#849,.T.);
#2327=EDGE_CURVE('',#1415,#1416,#865,.T.);
#2329=EDGE_CURVE('',#1405,#1416,#869,.T.);
#2332=EDGE_CURVE('',#1449,#1450,#874,.T.);
#2334=EDGE_CURVE('',#1398,#1449,#1128,.T.);
#2336=EDGE_CURVE('',#1396,#1398,#879,.T.);
#2341=EDGE_CURVE('',#1521,#1522,#884,.T.);
#2343=EDGE_CURVE('',#1522,#1521,#889,.T.);
#2351=EDGE_CURVE('',#1545,#1546,#904,.T.);
#2353=EDGE_CURVE('',#1546,#1545,#909,.T.);
#2363=EDGE_CURVE('',#1420,#1415,#913,.T.);
#2367=EDGE_CURVE('',#1402,#1420,#917,.T.);
#2376=ELLIPSE('',#2375,9.85E0,4.E0);
#2381=EDGE_CURVE('',#1420,#1422,#961,.T.);
#2383=EDGE_CURVE('',#1422,#1421,#935,.T.);
#2385=EDGE_CURVE('',#1421,#1418,#946,.T.);
#2387=EDGE_CURVE('',#1418,#1416,#965,.T.);
#2397=ELLIPSE('',#2396,9.E0,9.85E0);
#2402=EDGE_CURVE('',#1406,#1418,#939,.T.);
#2405=EDGE_CURVE('',#1421,#1424,#1012,.T.);
#2408=EDGE_CURVE('',#1616,#1602,#950,.T.);
#2417=ELLIPSE('',#2416,9.E0,9.85E0);
#2422=EDGE_CURVE('',#1618,#1608,#954,.T.);
#2425=EDGE_CURVE('',#1422,#1426,#1016,.T.);
#2451=EDGE_CURVE('',#1393,#1394,#999,.T.);
#2453=EDGE_CURVE('',#1393,#1453,#1003,.T.);
#2455=EDGE_CURVE('',#1453,#1454,#1008,.T.);
#2464=EDGE_CURVE('',#1565,#1566,#980,.T.);
#2466=EDGE_CURVE('',#1566,#1565,#985,.T.);
#2470=EDGE_CURVE('',#1585,#1586,#970,.T.);
#2472=EDGE_CURVE('',#1586,#1585,#975,.T.);
#2476=EDGE_CURVE('',#1529,#1530,#1021,.T.);
#2478=EDGE_CURVE('',#1530,#1529,#1026,.T.);
#2489=EDGE_CURVE('',#1586,#1590,#1034,.T.);
#2491=EDGE_CURVE('',#1589,#1590,#1039,.T.);
#2493=EDGE_CURVE('',#1585,#1589,#1030,.T.);
#2505=EDGE_CURVE('',#1590,#1589,#1044,.T.);
#2531=EDGE_CURVE('',#1565,#1569,#1048,.T.);
#2533=EDGE_CURVE('',#1569,#1570,#1057,.T.);
#2535=EDGE_CURVE('',#1566,#1570,#1052,.T.);
#2547=EDGE_CURVE('',#1570,#1569,#1062,.T.);
#2558=EDGE_CURVE('',#1573,#1574,#1076,.T.);
#2560=EDGE_CURVE('',#1574,#1573,#1112,.T.);
#2574=EDGE_CURVE('',#1561,#1562,#1067,.T.);
#2576=EDGE_CURVE('',#1549,#1561,#1071,.T.);
#2579=EDGE_CURVE('',#1550,#1562,#1107,.T.);
#2590=EDGE_CURVE('',#1574,#1546,#1116,.T.);
#2593=EDGE_CURVE('',#1573,#1545,#1080,.T.);
#2604=EDGE_CURVE('',#1562,#1561,#1103,.T.);
#2608=EDGE_CURVE('',#1557,#1558,#1085,.T.);
#2610=EDGE_CURVE('',#1558,#1557,#1090,.T.);
#2621=EDGE_CURVE('',#1554,#1558,#1098,.T.);
#2624=EDGE_CURVE('',#1553,#1557,#1094,.T.);
#2673=EDGE_CURVE('',#1398,#1393,#1124,.T.);
#2683=EDGE_CURVE('',#1449,#1453,#1120,.T.);
#2698=EDGE_CURVE('',#1444,#1442,#1136,.T.);
#2710=EDGE_CURVE('',#1480,#1482,#1160,.T.);
#2729=EDGE_CURVE('',#1481,#1479,#1188,.T.);
#2738=ELLIPSE('',#2737,5.E1,6.E0);
#2755=EDGE_CURVE('',#1530,#1522,#1200,.T.);
#2758=EDGE_CURVE('',#1529,#1521,#1192,.T.);
#2769=EDGE_CURVE('',#1525,#1533,#1196,.T.);
#2772=EDGE_CURVE('',#1526,#1534,#1204,.T.);
#2809=EDGE_CURVE('',#1601,#1612,#1208,.T.);
#2822=EDGE_CURVE('',#1605,#1614,#1212,.T.);
#2835=EDGE_CURVE('',#1606,#1610,#1216,.T.);
#2857=EDGE_CURVE('',#1428,#1430,#1220,.T.);
#2869=ELLIPSE('',#2868,9.85E0,4.E0);
#2875=EDGE_CURVE('',#1427,#1432,#1242,.T.);
#2900=EDGE_CURVE('',#1641,#1642,#1250,.T.);
#2903=EDGE_CURVE('',#1638,#1634,#1254,.T.);
#2905=EDGE_CURVE('',#1634,#1641,#1258,.T.);
#2916=EDGE_CURVE('',#1645,#1641,#1263,.T.);
#2918=EDGE_CURVE('',#1645,#1646,#1336,.T.);
#2929=EDGE_CURVE('',#1648,#1641,#1278,.T.);
#2931=EDGE_CURVE('',#1645,#1648,#1273,.T.);
#2944=EDGE_CURVE('',#1634,#1632,#1283,.T.);
#2946=EDGE_CURVE('',#1632,#1648,#1357,.T.);
#2957=EDGE_CURVE('',#1630,#1634,#1288,.T.);
#2959=EDGE_CURVE('',#1630,#1632,#1370,.T.);
#2969=EDGE_CURVE('',#1636,#1630,#1305,.T.);
#2982=EDGE_CURVE('',#1625,#1626,#1297,.T.);
#2984=EDGE_CURVE('',#1630,#1625,#1301,.T.);
#2996=EDGE_CURVE('',#1621,#1622,#1327,.T.);
#2998=EDGE_CURVE('',#1625,#1621,#1310,.T.);
#3010=EDGE_CURVE('',#1658,#1654,#1319,.T.);
#3012=EDGE_CURVE('',#1654,#1621,#1323,.T.);
#3024=EDGE_CURVE('',#1656,#1650,#1344,.T.);
#3026=EDGE_CURVE('',#1650,#1654,#1390,.T.);
#3039=EDGE_CURVE('',#1650,#1645,#1340,.T.);
#3053=EDGE_CURVE('',#1652,#1648,#1353,.T.);
#3055=EDGE_CURVE('',#1650,#1652,#1349,.T.);
#3067=EDGE_CURVE('',#1632,#1628,#1361,.T.);
#3069=EDGE_CURVE('',#1652,#1628,#1365,.T.);
#3080=EDGE_CURVE('',#1625,#1628,#1375,.T.);
#3092=EDGE_CURVE('',#1628,#1621,#1385,.T.);
#3104=EDGE_CURVE('',#1654,#1652,#1380,.T.);
#3123=CLOSED_SHELL('',(#1766,#1781,#1795,#1871,#1884,#1897,#1910,#1923,#1936,
#1948,#1962,#1975,#1988,#2001,#2021,#2041,#2083,#2098,#2111,#2127,#2142,#2158,
#2171,#2185,#2227,#2241,#2257,#2270,#2287,#2302,#2317,#2357,#2371,#2392,#2412,
#2431,#2443,#2482,#2497,#2510,#2524,#2539,#2552,#2568,#2583,#2597,#2614,#2628,
#2640,#2652,#2664,#2677,#2690,#2703,#2718,#2733,#2748,#2762,#2776,#2788,#2800,
#2813,#2826,#2839,#2851,#2864,#2882,#2894,#2909,#2923,#2936,#2950,#2963,#2976,
#2990,#3004,#3018,#3032,#3045,#3059,#3073,#3086,#3098,#3111,#3122));
#3124=MANIFOLD_SOLID_BREP('',#3123);
#3125=(LENGTH_UNIT()NAMED_UNIT(*)SI_UNIT(.MILLI.,.METRE.));
#3127=(NAMED_UNIT(*)PLANE_ANGLE_UNIT()SI_UNIT($,.RADIAN.));
#3130=(NAMED_UNIT(*)SI_UNIT($,.STERADIAN.)SOLID_ANGLE_UNIT());
#3133=ADVANCED_BREP_SHAPE_REPRESENTATION('',(#3124),#3132);
#3140=PRODUCT_DEFINITION('design','',#3139,#3136);
#3141=PRODUCT_DEFINITION_SHAPE('','SHAPE FOR V1.',#3140);
#3142=SHAPE_DEFINITION_REPRESENTATION(#3141,#3133);
ENDSEC;
END-ISO-10303-21;
