ISO-10303-21;
HEADER;
FILE_DESCRIPTION((''),'2;1');
FILE_NAME('V1','2026-08-13T21:24:04',('13763'),(''),
'CREO PARAMETRIC BY PTC INC, 2025102','CREO PARAMETRIC BY PTC INC, 2025102','');
FILE_SCHEMA(('CONFIG_CONTROL_DESIGN'));
ENDSEC;
DATA;
#1=CARTESIAN_POINT('',(0.E0,-4.942131103309E1,-3.211324865405E1));
#2=CARTESIAN_POINT('',(0.E0,-4.916390837146E1,-3.191199387715E1));
#3=CARTESIAN_POINT('',(0.E0,-4.864910304820E1,-3.162200901396E1));
#4=CARTESIAN_POINT('',(0.E0,-4.761949240167E1,-3.117139494637E1));
#5=CARTESIAN_POINT('',(0.E0,-4.633247909352E1,-3.075167502935E1));
#6=CARTESIAN_POINT('',(0.E0,-4.478806312374E1,-3.034539253598E1));
#7=CARTESIAN_POINT('',(0.E0,-4.272884183069E1,-2.989054351891E1));
#8=CARTESIAN_POINT('',(0.E0,-4.015481521438E1,-2.943091333966E1));
#9=CARTESIAN_POINT('',(0.E0,-3.706598327482E1,-2.898408108511E1));
#10=CARTESIAN_POINT('',(0.E0,-3.397715133525E1,-2.861206330971E1));
#11=CARTESIAN_POINT('',(0.E0,-2.985870874916E1,-2.819272422941E1));
#12=CARTESIAN_POINT('',(0.E0,-2.471065551654E1,-2.778455658375E1));
#13=CARTESIAN_POINT('',(0.E0,-1.853299163741E1,-2.743192454082E1));
#14=CARTESIAN_POINT('',(0.E0,-1.235532775827E1,-2.719284915859E1));
#15=CARTESIAN_POINT('',(0.E0,-6.177663879136E0,-2.705387648044E1));
#16=CARTESIAN_POINT('',(0.E0,0.E0,-2.700825598912E1));
#17=CARTESIAN_POINT('',(0.E0,6.177663879136E0,-2.705387648044E1));
#18=CARTESIAN_POINT('',(0.E0,1.235532775827E1,-2.719284915859E1));
#19=CARTESIAN_POINT('',(0.E0,1.853299163741E1,-2.743192454082E1));
#20=CARTESIAN_POINT('',(0.E0,2.471065551654E1,-2.778455658375E1));
#21=CARTESIAN_POINT('',(0.E0,2.985870874916E1,-2.819272422941E1));
#22=CARTESIAN_POINT('',(0.E0,3.397715133525E1,-2.861206330971E1));
#23=CARTESIAN_POINT('',(0.E0,3.706598327482E1,-2.898408108511E1));
#24=CARTESIAN_POINT('',(0.E0,4.015481521438E1,-2.943091333966E1));
#25=CARTESIAN_POINT('',(0.E0,4.272884183069E1,-2.989054351891E1));
#26=CARTESIAN_POINT('',(0.E0,4.478806312374E1,-3.034539253598E1));
#27=CARTESIAN_POINT('',(0.E0,4.633247909352E1,-3.075167502935E1));
#28=CARTESIAN_POINT('',(0.E0,4.761949240167E1,-3.117139494637E1));
#29=CARTESIAN_POINT('',(0.E0,4.864910304820E1,-3.162200901396E1));
#30=CARTESIAN_POINT('',(0.E0,4.916390837146E1,-3.191199387715E1));
#31=CARTESIAN_POINT('',(0.E0,4.942131103309E1,-3.211324865405E1));
#33=DIRECTION('',(0.E0,-1.E0,0.E0));
#34=VECTOR('',#33,1.657868896691E1);
#35=CARTESIAN_POINT('',(0.E0,6.6E1,-3.211324865405E1));
#36=LINE('',#35,#34);
#37=DIRECTION('',(0.E0,0.E0,-1.E0));
#38=VECTOR('',#37,2.226324865405E1);
#39=CARTESIAN_POINT('',(0.E0,6.6E1,-9.85E0));
#40=LINE('',#39,#38);
#41=DIRECTION('',(0.E0,-9.992989954909E-14,1.E0));
#42=VECTOR('',#41,1.422082357665E-1);
#43=CARTESIAN_POINT('',(0.E0,6.6E1,-9.85E0));
#44=LINE('',#43,#42);
#45=CARTESIAN_POINT('',(0.E0,6.6E1,9.707791764234E0));
#46=CARTESIAN_POINT('',(0.E0,6.573107964803E1,9.657230348795E0));
#47=CARTESIAN_POINT('',(0.E0,6.531975785162E1,9.556107517917E0));
#48=CARTESIAN_POINT('',(0.E0,6.467286566456E1,9.353861856162E0));
#49=CARTESIAN_POINT('',(0.E0,6.405813653864E1,9.101054778969E0));
#50=CARTESIAN_POINT('',(0.E0,6.346068895842E1,8.797686286337E0));
#51=CARTESIAN_POINT('',(0.E0,6.278866062300E1,8.393194962827E0));
#52=CARTESIAN_POINT('',(0.E0,6.210741136861E1,7.887580808440E0));
#53=CARTESIAN_POINT('',(0.E0,6.144374371687E1,7.280843823175E0));
#54=CARTESIAN_POINT('',(0.E0,6.089052180826E1,6.674106837911E0));
#55=CARTESIAN_POINT('',(0.E0,6.026642307120E1,5.865124190891E0));
#56=CARTESIAN_POINT('',(0.E0,5.965841748159E1,4.853895882117E0));
#57=CARTESIAN_POINT('',(0.E0,5.913284583995E1,3.640421911588E0));
#58=CARTESIAN_POINT('',(0.E0,5.877639868985E1,2.426947941058E0));
#59=CARTESIAN_POINT('',(0.E0,5.856915965641E1,1.213473970529E0));
#60=CARTESIAN_POINT('',(0.E0,5.850112329227E1,0.E0));
#61=CARTESIAN_POINT('',(0.E0,5.856915965641E1,-1.213473970529E0));
#62=CARTESIAN_POINT('',(0.E0,5.877639868985E1,-2.426947941058E0));
#63=CARTESIAN_POINT('',(0.E0,5.913284583995E1,-3.640421911588E0));
#64=CARTESIAN_POINT('',(0.E0,5.965841748159E1,-4.853895882117E0));
#65=CARTESIAN_POINT('',(0.E0,6.026642307120E1,-5.865124190891E0));
#66=CARTESIAN_POINT('',(0.E0,6.089052180826E1,-6.674106837911E0));
#67=CARTESIAN_POINT('',(0.E0,6.144374371687E1,-7.280843823175E0));
#68=CARTESIAN_POINT('',(0.E0,6.210741136861E1,-7.887580808440E0));
#69=CARTESIAN_POINT('',(0.E0,6.278866062300E1,-8.393194962827E0));
#70=CARTESIAN_POINT('',(0.E0,6.346068895842E1,-8.797686286337E0));
#71=CARTESIAN_POINT('',(0.E0,6.405813653864E1,-9.101054778969E0));
#72=CARTESIAN_POINT('',(0.E0,6.467286566456E1,-9.353861856162E0));
#73=CARTESIAN_POINT('',(0.E0,6.531975785162E1,-9.556107517917E0));
#74=CARTESIAN_POINT('',(0.E0,6.573107964803E1,-9.657230348795E0));
#75=CARTESIAN_POINT('',(0.E0,6.6E1,-9.707791764234E0));
#77=DIRECTION('',(0.E0,9.992989954910E-14,1.E0));
#78=VECTOR('',#77,1.422082357665E-1);
#79=CARTESIAN_POINT('',(0.E0,6.6E1,9.707791764234E0));
#80=LINE('',#79,#78);
#81=DIRECTION('',(0.E0,0.E0,-1.E0));
#82=VECTOR('',#81,2.226324865405E1);
#83=CARTESIAN_POINT('',(0.E0,6.6E1,3.211324865405E1));
#84=LINE('',#83,#82);
#85=DIRECTION('',(0.E0,-1.E0,0.E0));
#86=VECTOR('',#85,1.657868896691E1);
#87=CARTESIAN_POINT('',(0.E0,6.6E1,3.211324865405E1));
#88=LINE('',#87,#86);
#89=CARTESIAN_POINT('',(0.E0,-4.942131103309E1,3.211324865405E1));
#90=CARTESIAN_POINT('',(0.E0,-4.916390837146E1,3.191199387715E1));
#91=CARTESIAN_POINT('',(0.E0,-4.864910304820E1,3.162200901396E1));
#92=CARTESIAN_POINT('',(0.E0,-4.761949240167E1,3.117139494637E1));
#93=CARTESIAN_POINT('',(0.E0,-4.633247909352E1,3.075167502935E1));
#94=CARTESIAN_POINT('',(0.E0,-4.478806312374E1,3.034539253598E1));
#95=CARTESIAN_POINT('',(0.E0,-4.272884183069E1,2.989054351891E1));
#96=CARTESIAN_POINT('',(0.E0,-4.015481521438E1,2.943091333966E1));
#97=CARTESIAN_POINT('',(0.E0,-3.706598327482E1,2.898408108511E1));
#98=CARTESIAN_POINT('',(0.E0,-3.397715133525E1,2.861206330971E1));
#99=CARTESIAN_POINT('',(0.E0,-2.985870874916E1,2.819272422941E1));
#100=CARTESIAN_POINT('',(0.E0,-2.471065551654E1,2.778455658375E1));
#101=CARTESIAN_POINT('',(0.E0,-1.853299163741E1,2.743192454082E1));
#102=CARTESIAN_POINT('',(0.E0,-1.235532775827E1,2.719284915859E1));
#103=CARTESIAN_POINT('',(0.E0,-6.177663879136E0,2.705387648044E1));
#104=CARTESIAN_POINT('',(0.E0,0.E0,2.700825598912E1));
#105=CARTESIAN_POINT('',(0.E0,6.177663879136E0,2.705387648044E1));
#106=CARTESIAN_POINT('',(0.E0,1.235532775827E1,2.719284915859E1));
#107=CARTESIAN_POINT('',(0.E0,1.853299163741E1,2.743192454082E1));
#108=CARTESIAN_POINT('',(0.E0,2.471065551654E1,2.778455658375E1));
#109=CARTESIAN_POINT('',(0.E0,2.985870874916E1,2.819272422941E1));
#110=CARTESIAN_POINT('',(0.E0,3.397715133525E1,2.861206330971E1));
#111=CARTESIAN_POINT('',(0.E0,3.706598327482E1,2.898408108511E1));
#112=CARTESIAN_POINT('',(0.E0,4.015481521438E1,2.943091333966E1));
#113=CARTESIAN_POINT('',(0.E0,4.272884183069E1,2.989054351891E1));
#114=CARTESIAN_POINT('',(0.E0,4.478806312374E1,3.034539253598E1));
#115=CARTESIAN_POINT('',(0.E0,4.633247909352E1,3.075167502935E1));
#116=CARTESIAN_POINT('',(0.E0,4.761949240167E1,3.117139494637E1));
#117=CARTESIAN_POINT('',(0.E0,4.864910304820E1,3.162200901396E1));
#118=CARTESIAN_POINT('',(0.E0,4.916390837146E1,3.191199387715E1));
#119=CARTESIAN_POINT('',(0.E0,4.942131103309E1,3.211324865405E1));
#121=DIRECTION('',(0.E0,-1.E0,0.E0));
#122=VECTOR('',#121,1.657868896691E1);
#123=CARTESIAN_POINT('',(0.E0,-4.942131103309E1,3.211324865405E1));
#124=LINE('',#123,#122);
#125=DIRECTION('',(0.E0,0.E0,-1.E0));
#126=VECTOR('',#125,2.226324865405E1);
#127=CARTESIAN_POINT('',(0.E0,-6.6E1,3.211324865405E1));
#128=LINE('',#127,#126);
#129=DIRECTION('',(0.E0,-9.992989954909E-14,1.E0));
#130=VECTOR('',#129,1.422082357665E-1);
#131=CARTESIAN_POINT('',(0.E0,-6.6E1,9.707791764234E0));
#132=LINE('',#131,#130);
#133=CARTESIAN_POINT('',(0.E0,-6.6E1,9.707791764234E0));
#134=CARTESIAN_POINT('',(0.E0,-6.573107964803E1,9.657230348795E0));
#135=CARTESIAN_POINT('',(0.E0,-6.531975785162E1,9.556107517917E0));
#136=CARTESIAN_POINT('',(0.E0,-6.467286566456E1,9.353861856162E0));
#137=CARTESIAN_POINT('',(0.E0,-6.405813653864E1,9.101054778969E0));
#138=CARTESIAN_POINT('',(0.E0,-6.346068895842E1,8.797686286337E0));
#139=CARTESIAN_POINT('',(0.E0,-6.278866062300E1,8.393194962827E0));
#140=CARTESIAN_POINT('',(0.E0,-6.210741136861E1,7.887580808440E0));
#141=CARTESIAN_POINT('',(0.E0,-6.144374371687E1,7.280843823175E0));
#142=CARTESIAN_POINT('',(0.E0,-6.089052180826E1,6.674106837911E0));
#143=CARTESIAN_POINT('',(0.E0,-6.026642307120E1,5.865124190891E0));
#144=CARTESIAN_POINT('',(0.E0,-5.965841748159E1,4.853895882117E0));
#145=CARTESIAN_POINT('',(0.E0,-5.913284583995E1,3.640421911588E0));
#146=CARTESIAN_POINT('',(0.E0,-5.877639868985E1,2.426947941058E0));
#147=CARTESIAN_POINT('',(0.E0,-5.856915965641E1,1.213473970529E0));
#148=CARTESIAN_POINT('',(0.E0,-5.850112329227E1,0.E0));
#149=CARTESIAN_POINT('',(0.E0,-5.856915965641E1,-1.213473970529E0));
#150=CARTESIAN_POINT('',(0.E0,-5.877639868985E1,-2.426947941058E0));
#151=CARTESIAN_POINT('',(0.E0,-5.913284583995E1,-3.640421911588E0));
#152=CARTESIAN_POINT('',(0.E0,-5.965841748159E1,-4.853895882117E0));
#153=CARTESIAN_POINT('',(0.E0,-6.026642307120E1,-5.865124190891E0));
#154=CARTESIAN_POINT('',(0.E0,-6.089052180826E1,-6.674106837911E0));
#155=CARTESIAN_POINT('',(0.E0,-6.144374371687E1,-7.280843823175E0));
#156=CARTESIAN_POINT('',(0.E0,-6.210741136861E1,-7.887580808440E0));
#157=CARTESIAN_POINT('',(0.E0,-6.278866062300E1,-8.393194962827E0));
#158=CARTESIAN_POINT('',(0.E0,-6.346068895842E1,-8.797686286337E0));
#159=CARTESIAN_POINT('',(0.E0,-6.405813653864E1,-9.101054778969E0));
#160=CARTESIAN_POINT('',(0.E0,-6.467286566456E1,-9.353861856162E0));
#161=CARTESIAN_POINT('',(0.E0,-6.531975785162E1,-9.556107517917E0));
#162=CARTESIAN_POINT('',(0.E0,-6.573107964803E1,-9.657230348795E0));
#163=CARTESIAN_POINT('',(0.E0,-6.6E1,-9.707791764234E0));
#165=DIRECTION('',(0.E0,9.992989954911E-14,1.E0));
#166=VECTOR('',#165,1.422082357665E-1);
#167=CARTESIAN_POINT('',(0.E0,-6.6E1,-9.85E0));
#168=LINE('',#167,#166);
#169=DIRECTION('',(0.E0,0.E0,-1.E0));
#170=VECTOR('',#169,2.226324865405E1);
#171=CARTESIAN_POINT('',(0.E0,-6.6E1,-9.85E0));
#172=LINE('',#171,#170);
#173=DIRECTION('',(0.E0,-1.E0,0.E0));
#174=VECTOR('',#173,1.657868896691E1);
#175=CARTESIAN_POINT('',(0.E0,-4.942131103309E1,-3.211324865405E1));
#176=LINE('',#175,#174);
#177=DIRECTION('',(0.E0,1.E0,0.E0));
#178=VECTOR('',#177,5.6E1);
#179=CARTESIAN_POINT('',(0.E0,-2.8E1,-3.E0));
#180=LINE('',#179,#178);
#181=DIRECTION('',(0.E0,0.E0,-1.E0));
#182=VECTOR('',#181,2.E0);
#183=CARTESIAN_POINT('',(0.E0,-3.E1,1.E0));
#184=LINE('',#183,#182);
#185=DIRECTION('',(0.E0,-1.E0,0.E0));
#186=VECTOR('',#185,5.6E1);
#187=CARTESIAN_POINT('',(0.E0,2.8E1,3.E0));
#188=LINE('',#187,#186);
#189=DIRECTION('',(0.E0,0.E0,1.E0));
#190=VECTOR('',#189,2.E0);
#191=CARTESIAN_POINT('',(0.E0,3.E1,-1.E0));
#192=LINE('',#191,#190);
#193=CARTESIAN_POINT('',(9.5E-1,4.990904949337E1,-3.266173140978E1));
#194=CARTESIAN_POINT('',(6.095263778107E-1,4.981011054870E1,-3.246515887236E1));
#195=CARTESIAN_POINT('',(2.957806695342E-1,4.963972278191E1,-3.228401770323E1));
#196=CARTESIAN_POINT('',(0.E0,4.942131103309E1,-3.211324865405E1));
#198=DIRECTION('',(0.E0,1.E0,0.E0));
#199=VECTOR('',#198,2.009095050663E1);
#200=CARTESIAN_POINT('',(9.5E-1,4.990904949337E1,-3.266173140978E1));
#201=LINE('',#200,#199);
#202=DIRECTION('',(-8.660254037844E-1,0.E0,5.E-1));
#203=VECTOR('',#202,2.721834505305E1);
#204=CARTESIAN_POINT('',(9.5E-1,7.E1,-3.266173140978E1));
#205=LINE('',#204,#203);
#206=DIRECTION('',(0.E0,-1.E0,0.E0));
#207=VECTOR('',#206,4.E0);
#208=CARTESIAN_POINT('',(-2.262177826491E1,7.E1,-1.905255888326E1));
#209=LINE('',#208,#207);
#210=CARTESIAN_POINT('',(0.E0,-4.942131103309E1,-3.211324865405E1));
#211=CARTESIAN_POINT('',(2.957806695342E-1,-4.963972278191E1,
-3.228401770323E1));
#212=CARTESIAN_POINT('',(6.095263778107E-1,-4.981011054870E1,
-3.246515887236E1));
#213=CARTESIAN_POINT('',(9.5E-1,-4.990904949337E1,-3.266173140978E1));
#215=DIRECTION('',(0.E0,-1.E0,0.E0));
#216=VECTOR('',#215,4.E0);
#217=CARTESIAN_POINT('',(-2.262177826491E1,-6.6E1,-1.905255888326E1));
#218=LINE('',#217,#216);
#219=DIRECTION('',(8.660254037844E-1,0.E0,-5.E-1));
#220=VECTOR('',#219,2.721834505305E1);
#221=CARTESIAN_POINT('',(-2.262177826491E1,-7.E1,-1.905255888326E1));
#222=LINE('',#221,#220);
#223=DIRECTION('',(0.E0,1.E0,0.E0));
#224=VECTOR('',#223,2.009095050663E1);
#225=CARTESIAN_POINT('',(9.5E-1,-7.E1,-3.266173140978E1));
#226=LINE('',#225,#224);
#227=CARTESIAN_POINT('',(9.5E-1,4.990904949337E1,-3.266173140978E1));
#228=CARTESIAN_POINT('',(1.117594346225E0,4.995775108629E1,-3.275849205069E1));
#229=CARTESIAN_POINT('',(1.474774010007E0,4.999849814037E1,-3.291608787374E1));
#230=CARTESIAN_POINT('',(2.030683854763E0,5.000021991680E1,-3.302796949659E1));
#231=CARTESIAN_POINT('',(2.556060333529E0,4.999980782235E1,-3.302892930808E1));
#232=CARTESIAN_POINT('',(3.113132684838E0,4.999987908389E1,-3.292102254086E1));
#233=CARTESIAN_POINT('',(3.656915060899E0,4.993592571122E1,-3.267983983181E1));
#234=CARTESIAN_POINT('',(4.065982190472E0,4.973726640772E1,-3.238341859522E1));
#235=CARTESIAN_POINT('',(4.377345740108E0,4.938379946810E1,-3.206533451117E1));
#236=CARTESIAN_POINT('',(4.608118851611E0,4.886882855292E1,-3.174060375215E1));
#237=CARTESIAN_POINT('',(4.768268313485E0,4.823620689778E1,-3.143384020106E1));
#238=CARTESIAN_POINT('',(4.878711050718E0,4.750026523628E1,-3.114203175364E1));
#239=CARTESIAN_POINT('',(4.950724136775E0,4.666415338800E1,-3.086188660187E1));
#240=CARTESIAN_POINT('',(4.991370777290E0,4.572432372264E1,-3.058980300861E1));
#241=CARTESIAN_POINT('',(5.E0,4.502130789448E1,-3.041154642812E1));
#242=CARTESIAN_POINT('',(5.E0,4.465142774873E1,-3.032346281956E1));
#244=CARTESIAN_POINT('',(5.E0,-4.465142774873E1,-3.032346281956E1));
#245=CARTESIAN_POINT('',(5.E0,-4.502224946741E1,-3.041177065519E1));
#246=CARTESIAN_POINT('',(4.991324813755E0,-4.572692271198E1,-3.059047926629E1));
#247=CARTESIAN_POINT('',(4.950486190991E0,-4.666845145234E1,-3.086318965653E1));
#248=CARTESIAN_POINT('',(4.878099266875E0,-4.750580273526E1,-3.114402189091E1));
#249=CARTESIAN_POINT('',(4.767203082814E0,-4.824201532403E1,-3.143631838687E1));
#250=CARTESIAN_POINT('',(4.605941269392E0,-4.887559882621E1,-3.174426358131E1));
#251=CARTESIAN_POINT('',(4.374218783001E0,-4.938875203084E1,-3.206904505546E1));
#252=CARTESIAN_POINT('',(4.061121204737E0,-4.974183987975E1,-3.238804761512E1));
#253=CARTESIAN_POINT('',(3.643941122390E0,-4.993968727713E1,-3.268776946260E1));
#254=CARTESIAN_POINT('',(3.097956795653E0,-5.000002385321E1,-3.292532925406E1));
#255=CARTESIAN_POINT('',(2.548304241828E0,-4.999979190912E1,-3.302917892560E1));
#256=CARTESIAN_POINT('',(2.028029525087E0,-5.000021861329E1,-3.302734074684E1));
#257=CARTESIAN_POINT('',(1.477412401713E0,-4.999848760199E1,-3.291673799587E1));
#258=CARTESIAN_POINT('',(1.118767294732E0,-4.995809193586E1,-3.275916925283E1));
#259=CARTESIAN_POINT('',(9.5E-1,-4.990904949337E1,-3.266173140978E1));
#261=CARTESIAN_POINT('',(5.E0,-4.465142774873E1,-3.032346281956E1));
#262=CARTESIAN_POINT('',(5.E0,-4.279095159253E1,-2.988040726401E1));
#263=CARTESIAN_POINT('',(5.E0,-3.906999928014E1,-2.923322603483E1));
#264=CARTESIAN_POINT('',(5.E0,-3.162809465535E1,-2.830729394782E1));
#265=CARTESIAN_POINT('',(5.E0,-2.232571387436E1,-2.758910625766E1));
#266=CARTESIAN_POINT('',(5.E0,-1.116285693718E1,-2.712146609817E1));
#267=CARTESIAN_POINT('',(5.E0,-1.110223024625E-14,-2.697446118026E1));
#268=CARTESIAN_POINT('',(5.E0,1.116285693718E1,-2.712146609817E1));
#269=CARTESIAN_POINT('',(5.E0,2.232571387436E1,-2.758910625766E1));
#270=CARTESIAN_POINT('',(5.E0,3.162809465535E1,-2.830729394782E1));
#271=CARTESIAN_POINT('',(5.E0,3.906999928014E1,-2.923322603483E1));
#272=CARTESIAN_POINT('',(5.E0,4.279095159253E1,-2.988040726401E1));
#273=CARTESIAN_POINT('',(5.E0,4.465142774873E1,-3.032346281956E1));
#275=DIRECTION('',(0.E0,1.E0,0.E0));
#276=VECTOR('',#275,2.534857225127E1);
#277=CARTESIAN_POINT('',(5.E0,-7.E1,-3.032346281956E1));
#278=LINE('',#277,#276);
#279=DIRECTION('',(0.E0,0.E0,-1.E0));
#280=VECTOR('',#279,2.047346281956E1);
#281=CARTESIAN_POINT('',(5.E0,-7.E1,-9.85E0));
#282=LINE('',#281,#280);
#283=DIRECTION('',(0.E0,1.E0,0.E0));
#284=VECTOR('',#283,2.476197919685E0);
#285=CARTESIAN_POINT('',(5.E0,-7.E1,-9.85E0));
#286=LINE('',#285,#284);
#287=CARTESIAN_POINT('',(5.E0,-6.752380208031E1,9.85E0));
#288=CARTESIAN_POINT('',(5.E0,-6.646314190853E1,9.85E0));
#289=CARTESIAN_POINT('',(5.E0,-6.417186137987E1,9.429767918397E0));
#290=CARTESIAN_POINT('',(5.E0,-6.096947047319E1,7.171300878400E0));
#291=CARTESIAN_POINT('',(5.E0,-5.925266426653E1,4.257749593174E0));
#292=CARTESIAN_POINT('',(5.E0,-5.861843233787E1,1.778989224159E0));
#293=CARTESIAN_POINT('',(5.E0,-5.847648695153E1,-8.587575095476E-14));
#294=CARTESIAN_POINT('',(5.E0,-5.861843233787E1,-1.778989224159E0));
#295=CARTESIAN_POINT('',(5.E0,-5.925266426653E1,-4.257749593175E0));
#296=CARTESIAN_POINT('',(5.E0,-6.096947047319E1,-7.171300878400E0));
#297=CARTESIAN_POINT('',(5.E0,-6.417186137987E1,-9.429767918397E0));
#298=CARTESIAN_POINT('',(5.E0,-6.646314190853E1,-9.85E0));
#299=CARTESIAN_POINT('',(5.E0,-6.752380208031E1,-9.85E0));
#301=DIRECTION('',(0.E0,1.E0,0.E0));
#302=VECTOR('',#301,2.476197919686E0);
#303=CARTESIAN_POINT('',(5.E0,-7.E1,9.85E0));
#304=LINE('',#303,#302);
#305=DIRECTION('',(0.E0,0.E0,-1.E0));
#306=VECTOR('',#305,2.047346281956E1);
#307=CARTESIAN_POINT('',(5.E0,-7.E1,3.032346281956E1));
#308=LINE('',#307,#306);
#309=DIRECTION('',(0.E0,-1.E0,0.E0));
#310=VECTOR('',#309,2.534857225127E1);
#311=CARTESIAN_POINT('',(5.E0,-4.465142774873E1,3.032346281956E1));
#312=LINE('',#311,#310);
#313=CARTESIAN_POINT('',(5.E0,-4.465142774873E1,3.032346281956E1));
#314=CARTESIAN_POINT('',(5.E0,-4.279095159253E1,2.988040726401E1));
#315=CARTESIAN_POINT('',(5.E0,-3.906999928014E1,2.923322603483E1));
#316=CARTESIAN_POINT('',(5.E0,-3.162809465535E1,2.830729394782E1));
#317=CARTESIAN_POINT('',(5.E0,-2.232571387436E1,2.758910625766E1));
#318=CARTESIAN_POINT('',(5.E0,-1.116285693718E1,2.712146609817E1));
#319=CARTESIAN_POINT('',(5.E0,1.287858708565E-14,2.697446118026E1));
#320=CARTESIAN_POINT('',(5.E0,1.116285693718E1,2.712146609817E1));
#321=CARTESIAN_POINT('',(5.E0,2.232571387436E1,2.758910625766E1));
#322=CARTESIAN_POINT('',(5.E0,3.162809465535E1,2.830729394782E1));
#323=CARTESIAN_POINT('',(5.E0,3.906999928014E1,2.923322603483E1));
#324=CARTESIAN_POINT('',(5.E0,4.279095159253E1,2.988040726401E1));
#325=CARTESIAN_POINT('',(5.E0,4.465142774873E1,3.032346281956E1));
#327=DIRECTION('',(0.E0,-1.E0,0.E0));
#328=VECTOR('',#327,2.534857225127E1);
#329=CARTESIAN_POINT('',(5.E0,7.E1,3.032346281956E1));
#330=LINE('',#329,#328);
#331=DIRECTION('',(0.E0,0.E0,1.E0));
#332=VECTOR('',#331,2.047346281956E1);
#333=CARTESIAN_POINT('',(5.E0,7.E1,9.85E0));
#334=LINE('',#333,#332);
#335=DIRECTION('',(0.E0,-1.E0,0.E0));
#336=VECTOR('',#335,2.476197919686E0);
#337=CARTESIAN_POINT('',(5.E0,7.E1,9.85E0));
#338=LINE('',#337,#336);
#339=CARTESIAN_POINT('',(5.E0,6.752380208031E1,9.85E0));
#340=CARTESIAN_POINT('',(5.E0,6.646314190853E1,9.85E0));
#341=CARTESIAN_POINT('',(5.E0,6.417186137987E1,9.429767918397E0));
#342=CARTESIAN_POINT('',(5.E0,6.096947047319E1,7.171300878400E0));
#343=CARTESIAN_POINT('',(5.E0,5.925266426653E1,4.257749593174E0));
#344=CARTESIAN_POINT('',(5.E0,5.861843233787E1,1.778989224159E0));
#345=CARTESIAN_POINT('',(5.E0,5.847648695153E1,-8.587575095476E-14));
#346=CARTESIAN_POINT('',(5.E0,5.861843233787E1,-1.778989224159E0));
#347=CARTESIAN_POINT('',(5.E0,5.925266426653E1,-4.257749593175E0));
#348=CARTESIAN_POINT('',(5.E0,6.096947047319E1,-7.171300878400E0));
#349=CARTESIAN_POINT('',(5.E0,6.417186137987E1,-9.429767918397E0));
#350=CARTESIAN_POINT('',(5.E0,6.646314190853E1,-9.85E0));
#351=CARTESIAN_POINT('',(5.E0,6.752380208031E1,-9.85E0));
#353=DIRECTION('',(0.E0,-1.E0,0.E0));
#354=VECTOR('',#353,2.476197919685E0);
#355=CARTESIAN_POINT('',(5.E0,7.E1,-9.85E0));
#356=LINE('',#355,#354);
#357=DIRECTION('',(0.E0,0.E0,1.E0));
#358=VECTOR('',#357,2.047346281956E1);
#359=CARTESIAN_POINT('',(5.E0,7.E1,-3.032346281956E1));
#360=LINE('',#359,#358);
#361=DIRECTION('',(0.E0,1.E0,0.E0));
#362=VECTOR('',#361,2.534857225127E1);
#363=CARTESIAN_POINT('',(5.E0,4.465142774873E1,-3.032346281956E1));
#364=LINE('',#363,#362);
#365=DIRECTION('',(0.E0,0.E0,-1.E0));
#366=VECTOR('',#365,3.1E1);
#367=CARTESIAN_POINT('',(5.E0,5.2E1,2.33E1));
#368=LINE('',#367,#366);
#369=DIRECTION('',(0.E0,-1.E0,0.E0));
#370=VECTOR('',#369,4.E0);
#371=CARTESIAN_POINT('',(5.E0,5.2E1,2.33E1));
#372=LINE('',#371,#370);
#373=DIRECTION('',(0.E0,0.E0,-1.E0));
#374=VECTOR('',#373,3.1E1);
#375=CARTESIAN_POINT('',(5.E0,4.8E1,2.33E1));
#376=LINE('',#375,#374);
#377=DIRECTION('',(0.E0,1.E0,0.E0));
#378=VECTOR('',#377,4.E0);
#379=CARTESIAN_POINT('',(5.E0,4.8E1,-7.7E0));
#380=LINE('',#379,#378);
#381=DIRECTION('',(0.E0,0.E0,1.E0));
#382=VECTOR('',#381,3.1E1);
#383=CARTESIAN_POINT('',(5.E0,-5.2E1,-7.7E0));
#384=LINE('',#383,#382);
#385=DIRECTION('',(0.E0,-1.E0,0.E0));
#386=VECTOR('',#385,4.E0);
#387=CARTESIAN_POINT('',(5.E0,-4.8E1,-7.7E0));
#388=LINE('',#387,#386);
#389=DIRECTION('',(0.E0,0.E0,-1.E0));
#390=VECTOR('',#389,3.1E1);
#391=CARTESIAN_POINT('',(5.E0,-4.8E1,2.33E1));
#392=LINE('',#391,#390);
#393=DIRECTION('',(0.E0,1.E0,0.E0));
#394=VECTOR('',#393,4.E0);
#395=CARTESIAN_POINT('',(5.E0,-5.2E1,2.33E1));
#396=LINE('',#395,#394);
#397=DIRECTION('',(0.E0,0.E0,1.E0));
#398=VECTOR('',#397,4.E1);
#399=CARTESIAN_POINT('',(5.E0,3.5E1,-2.5E1));
#400=LINE('',#399,#398);
#401=DIRECTION('',(0.E0,-1.E0,0.E0));
#402=VECTOR('',#401,7.E1);
#403=CARTESIAN_POINT('',(5.E0,3.5E1,1.5E1));
#404=LINE('',#403,#402);
#405=DIRECTION('',(0.E0,0.E0,-1.E0));
#406=VECTOR('',#405,4.E1);
#407=CARTESIAN_POINT('',(5.E0,-3.5E1,1.5E1));
#408=LINE('',#407,#406);
#409=DIRECTION('',(0.E0,1.E0,0.E0));
#410=VECTOR('',#409,7.E1);
#411=CARTESIAN_POINT('',(5.E0,-3.5E1,-2.5E1));
#412=LINE('',#411,#410);
#413=CARTESIAN_POINT('',(-1.162177826491E1,-7.E1,0.E0));
#414=DIRECTION('',(0.E0,-1.E0,0.E0));
#415=DIRECTION('',(-5.E-1,0.E0,8.660254037844E-1));
#416=AXIS2_PLACEMENT_3D('',#413,#414,#415);
#418=CARTESIAN_POINT('',(2.3E0,-7.E1,3.032346281956E1));
#419=DIRECTION('',(0.E0,-1.E0,0.E0));
#420=DIRECTION('',(1.E0,0.E0,0.E0));
#421=AXIS2_PLACEMENT_3D('',#418,#419,#420);
#423=DIRECTION('',(-1.E0,0.E0,0.E0));
#424=VECTOR('',#423,5.E0);
#425=CARTESIAN_POINT('',(5.E0,-7.E1,9.85E0));
#426=LINE('',#425,#424);
#427=CARTESIAN_POINT('',(0.E0,-7.E1,-9.85E0));
#428=CARTESIAN_POINT('',(-4.714045207910E-1,-7.E1,-9.85E0));
#429=CARTESIAN_POINT('',(-1.489751422418E0,-7.E1,-9.429767918397E0));
#430=CARTESIAN_POINT('',(-2.913036269835E0,-7.E1,-7.171300878400E0));
#431=CARTESIAN_POINT('',(-3.676061250573E0,-7.E1,-4.257749593175E0));
#432=CARTESIAN_POINT('',(-3.957942107752E0,-7.E1,-1.778989224159E0));
#433=CARTESIAN_POINT('',(-4.021028946124E0,-7.E1,0.E0));
#434=CARTESIAN_POINT('',(-3.957942107752E0,-7.E1,1.778989224159E0));
#435=CARTESIAN_POINT('',(-3.676061250573E0,-7.E1,4.257749593175E0));
#436=CARTESIAN_POINT('',(-2.913036269835E0,-7.E1,7.171300878400E0));
#437=CARTESIAN_POINT('',(-1.489751422418E0,-7.E1,9.429767918397E0));
#438=CARTESIAN_POINT('',(-4.714045207910E-1,-7.E1,9.85E0));
#439=CARTESIAN_POINT('',(0.E0,-7.E1,9.85E0));
#441=DIRECTION('',(-1.E0,0.E0,0.E0));
#442=VECTOR('',#441,5.E0);
#443=CARTESIAN_POINT('',(5.E0,-7.E1,-9.85E0));
#444=LINE('',#443,#442);
#445=CARTESIAN_POINT('',(2.3E0,-7.E1,-3.032346281956E1));
#446=DIRECTION('',(0.E0,-1.E0,0.E0));
#447=DIRECTION('',(-5.E-1,0.E0,-8.660254037844E-1));
#448=AXIS2_PLACEMENT_3D('',#445,#446,#447);
#450=CARTESIAN_POINT('',(-1.6E1,-7.E1,0.E0));
#451=DIRECTION('',(0.E0,-1.E0,0.E0));
#452=DIRECTION('',(0.E0,0.E0,-1.E0));
#453=AXIS2_PLACEMENT_3D('',#450,#451,#452);
#455=CARTESIAN_POINT('',(-1.6E1,-7.E1,0.E0));
#456=DIRECTION('',(0.E0,-1.E0,0.E0));
#457=DIRECTION('',(0.E0,0.E0,1.E0));
#458=AXIS2_PLACEMENT_3D('',#455,#456,#457);
#460=CARTESIAN_POINT('',(-1.6E1,-7.E1,8.5E0));
#461=DIRECTION('',(0.E0,-1.E0,0.E0));
#462=DIRECTION('',(0.E0,0.E0,-1.E0));
#463=AXIS2_PLACEMENT_3D('',#460,#461,#462);
#465=CARTESIAN_POINT('',(-1.6E1,-7.E1,8.5E0));
#466=DIRECTION('',(0.E0,-1.E0,0.E0));
#467=DIRECTION('',(0.E0,0.E0,1.E0));
#468=AXIS2_PLACEMENT_3D('',#465,#466,#467);
#470=CARTESIAN_POINT('',(-1.6E1,-7.E1,-8.5E0));
#471=DIRECTION('',(0.E0,1.E0,0.E0));
#472=DIRECTION('',(0.E0,0.E0,1.E0));
#473=AXIS2_PLACEMENT_3D('',#470,#471,#472);
#475=CARTESIAN_POINT('',(-1.6E1,-7.E1,-8.5E0));
#476=DIRECTION('',(0.E0,1.E0,0.E0));
#477=DIRECTION('',(0.E0,0.E0,-1.E0));
#478=AXIS2_PLACEMENT_3D('',#475,#476,#477);
#480=CARTESIAN_POINT('',(-1.6E1,-6.6E1,8.5E0));
#481=DIRECTION('',(0.E0,1.E0,0.E0));
#482=DIRECTION('',(0.E0,0.E0,-1.E0));
#483=AXIS2_PLACEMENT_3D('',#480,#481,#482);
#485=CARTESIAN_POINT('',(-1.6E1,-6.6E1,8.5E0));
#486=DIRECTION('',(0.E0,1.E0,0.E0));
#487=DIRECTION('',(0.E0,0.E0,1.E0));
#488=AXIS2_PLACEMENT_3D('',#485,#486,#487);
#490=CARTESIAN_POINT('',(-1.6E1,-6.6E1,-8.5E0));
#491=DIRECTION('',(0.E0,-1.E0,0.E0));
#492=DIRECTION('',(0.E0,0.E0,1.E0));
#493=AXIS2_PLACEMENT_3D('',#490,#491,#492);
#495=CARTESIAN_POINT('',(-1.6E1,-6.6E1,-8.5E0));
#496=DIRECTION('',(0.E0,-1.E0,0.E0));
#497=DIRECTION('',(0.E0,0.E0,-1.E0));
#498=AXIS2_PLACEMENT_3D('',#495,#496,#497);
#500=CARTESIAN_POINT('',(-1.162177826491E1,-6.6E1,0.E0));
#501=DIRECTION('',(0.E0,1.E0,0.E0));
#502=DIRECTION('',(-5.E-1,0.E0,-8.660254037844E-1));
#503=AXIS2_PLACEMENT_3D('',#500,#501,#502);
#505=DIRECTION('',(-8.660254037844E-1,0.E0,5.E-1));
#506=VECTOR('',#505,2.612137954159E1);
#507=CARTESIAN_POINT('',(0.E0,-6.6E1,-3.211324865405E1));
#508=LINE('',#507,#506);
#509=CARTESIAN_POINT('',(0.E0,-6.6E1,-9.85E0));
#510=CARTESIAN_POINT('',(-4.714045207910E-1,-6.6E1,-9.85E0));
#511=CARTESIAN_POINT('',(-1.489751422418E0,-6.6E1,-9.429767918397E0));
#512=CARTESIAN_POINT('',(-2.913036269835E0,-6.6E1,-7.171300878400E0));
#513=CARTESIAN_POINT('',(-3.676061250573E0,-6.6E1,-4.257749593175E0));
#514=CARTESIAN_POINT('',(-3.957942107752E0,-6.6E1,-1.778989224159E0));
#515=CARTESIAN_POINT('',(-4.021028946124E0,-6.6E1,0.E0));
#516=CARTESIAN_POINT('',(-3.957942107752E0,-6.6E1,1.778989224159E0));
#517=CARTESIAN_POINT('',(-3.676061250573E0,-6.6E1,4.257749593175E0));
#518=CARTESIAN_POINT('',(-2.913036269835E0,-6.6E1,7.171300878400E0));
#519=CARTESIAN_POINT('',(-1.489751422418E0,-6.6E1,9.429767918397E0));
#520=CARTESIAN_POINT('',(-4.714045207910E-1,-6.6E1,9.85E0));
#521=CARTESIAN_POINT('',(0.E0,-6.6E1,9.85E0));
#523=DIRECTION('',(8.660254037844E-1,0.E0,5.E-1));
#524=VECTOR('',#523,2.612137954159E1);
#525=CARTESIAN_POINT('',(-2.262177826491E1,-6.6E1,1.905255888326E1));
#526=LINE('',#525,#524);
#527=CARTESIAN_POINT('',(-1.6E1,-6.6E1,0.E0));
#528=DIRECTION('',(0.E0,-1.E0,0.E0));
#529=DIRECTION('',(0.E0,0.E0,-1.E0));
#530=AXIS2_PLACEMENT_3D('',#527,#528,#529);
#532=CARTESIAN_POINT('',(-1.6E1,-6.6E1,0.E0));
#533=DIRECTION('',(0.E0,-1.E0,0.E0));
#534=DIRECTION('',(0.E0,0.E0,1.E0));
#535=AXIS2_PLACEMENT_3D('',#532,#533,#534);
#537=DIRECTION('',(0.E0,-1.E0,0.E0));
#538=VECTOR('',#537,1.5E0);
#539=CARTESIAN_POINT('',(-1.6E1,-6.6E1,6.75E0));
#540=LINE('',#539,#538);
#541=DIRECTION('',(0.E0,-1.E0,0.E0));
#542=VECTOR('',#541,1.5E0);
#543=CARTESIAN_POINT('',(-1.6E1,-6.6E1,1.025E1));
#544=LINE('',#543,#542);
#545=CARTESIAN_POINT('',(-1.6E1,-6.75E1,8.5E0));
#546=DIRECTION('',(0.E0,1.E0,0.E0));
#547=DIRECTION('',(0.E0,0.E0,-1.E0));
#548=AXIS2_PLACEMENT_3D('',#545,#546,#547);
#550=CARTESIAN_POINT('',(-1.6E1,-6.75E1,8.5E0));
#551=DIRECTION('',(0.E0,1.E0,0.E0));
#552=DIRECTION('',(0.E0,0.E0,1.E0));
#553=AXIS2_PLACEMENT_3D('',#550,#551,#552);
#555=CARTESIAN_POINT('',(-1.6E1,-6.75E1,8.5E0));
#556=DIRECTION('',(0.E0,-1.E0,0.E0));
#557=DIRECTION('',(0.E0,0.E0,-1.E0));
#558=AXIS2_PLACEMENT_3D('',#555,#556,#557);
#560=DIRECTION('',(0.E0,1.E0,0.E0));
#561=VECTOR('',#560,2.5E0);
#562=CARTESIAN_POINT('',(-1.6E1,-7.E1,5.5E0));
#563=LINE('',#562,#561);
#564=CARTESIAN_POINT('',(-1.6E1,6.75E1,8.5E0));
#565=DIRECTION('',(0.E0,-1.E0,0.E0));
#566=DIRECTION('',(0.E0,0.E0,-1.E0));
#567=AXIS2_PLACEMENT_3D('',#564,#565,#566);
#569=DIRECTION('',(0.E0,1.E0,0.E0));
#570=VECTOR('',#569,2.5E0);
#571=CARTESIAN_POINT('',(-1.6E1,6.75E1,5.5E0));
#572=LINE('',#571,#570);
#573=CARTESIAN_POINT('',(-1.6E1,-6.75E1,8.5E0));
#574=DIRECTION('',(0.E0,-1.E0,0.E0));
#575=DIRECTION('',(0.E0,0.E0,1.E0));
#576=AXIS2_PLACEMENT_3D('',#573,#574,#575);
#578=DIRECTION('',(0.E0,1.E0,0.E0));
#579=VECTOR('',#578,2.5E0);
#580=CARTESIAN_POINT('',(-1.6E1,-7.E1,1.15E1));
#581=LINE('',#580,#579);
#582=CARTESIAN_POINT('',(-1.6E1,6.75E1,8.5E0));
#583=DIRECTION('',(0.E0,-1.E0,0.E0));
#584=DIRECTION('',(0.E0,0.E0,1.E0));
#585=AXIS2_PLACEMENT_3D('',#582,#583,#584);
#587=DIRECTION('',(0.E0,1.E0,0.E0));
#588=VECTOR('',#587,2.5E0);
#589=CARTESIAN_POINT('',(-1.6E1,6.75E1,1.15E1));
#590=LINE('',#589,#588);
#591=CARTESIAN_POINT('',(-1.6E1,6.75E1,8.5E0));
#592=DIRECTION('',(0.E0,1.E0,0.E0));
#593=DIRECTION('',(0.E0,0.E0,-1.E0));
#594=AXIS2_PLACEMENT_3D('',#591,#592,#593);
#596=CARTESIAN_POINT('',(-1.6E1,6.75E1,8.5E0));
#597=DIRECTION('',(0.E0,1.E0,0.E0));
#598=DIRECTION('',(0.E0,0.E0,1.E0));
#599=AXIS2_PLACEMENT_3D('',#596,#597,#598);
#601=DIRECTION('',(0.E0,1.E0,0.E0));
#602=VECTOR('',#601,1.5E0);
#603=CARTESIAN_POINT('',(-1.6E1,6.6E1,6.75E0));
#604=LINE('',#603,#602);
#605=CARTESIAN_POINT('',(-1.6E1,6.6E1,8.5E0));
#606=DIRECTION('',(0.E0,1.E0,0.E0));
#607=DIRECTION('',(0.E0,0.E0,-1.E0));
#608=AXIS2_PLACEMENT_3D('',#605,#606,#607);
#610=CARTESIAN_POINT('',(-1.6E1,6.6E1,8.5E0));
#611=DIRECTION('',(0.E0,1.E0,0.E0));
#612=DIRECTION('',(0.E0,0.E0,1.E0));
#613=AXIS2_PLACEMENT_3D('',#610,#611,#612);
#615=CARTESIAN_POINT('',(-1.6E1,6.6E1,-8.5E0));
#616=DIRECTION('',(0.E0,-1.E0,0.E0));
#617=DIRECTION('',(0.E0,0.E0,1.E0));
#618=AXIS2_PLACEMENT_3D('',#615,#616,#617);
#620=CARTESIAN_POINT('',(-1.6E1,6.6E1,-8.5E0));
#621=DIRECTION('',(0.E0,-1.E0,0.E0));
#622=DIRECTION('',(0.E0,0.E0,-1.E0));
#623=AXIS2_PLACEMENT_3D('',#620,#621,#622);
#625=CARTESIAN_POINT('',(0.E0,6.6E1,-9.85E0));
#626=CARTESIAN_POINT('',(-4.714045207910E-1,6.6E1,-9.85E0));
#627=CARTESIAN_POINT('',(-1.489751422418E0,6.6E1,-9.429767918397E0));
#628=CARTESIAN_POINT('',(-2.913036269835E0,6.6E1,-7.171300878400E0));
#629=CARTESIAN_POINT('',(-3.676061250573E0,6.6E1,-4.257749593175E0));
#630=CARTESIAN_POINT('',(-3.957942107752E0,6.6E1,-1.778989224159E0));
#631=CARTESIAN_POINT('',(-4.021028946124E0,6.6E1,0.E0));
#632=CARTESIAN_POINT('',(-3.957942107752E0,6.6E1,1.778989224159E0));
#633=CARTESIAN_POINT('',(-3.676061250573E0,6.6E1,4.257749593175E0));
#634=CARTESIAN_POINT('',(-2.913036269835E0,6.6E1,7.171300878400E0));
#635=CARTESIAN_POINT('',(-1.489751422418E0,6.6E1,9.429767918397E0));
#636=CARTESIAN_POINT('',(-4.714045207910E-1,6.6E1,9.85E0));
#637=CARTESIAN_POINT('',(0.E0,6.6E1,9.85E0));
#639=DIRECTION('',(-8.660254037844E-1,0.E0,5.E-1));
#640=VECTOR('',#639,2.612137954159E1);
#641=CARTESIAN_POINT('',(0.E0,6.6E1,-3.211324865405E1));
#642=LINE('',#641,#640);
#643=CARTESIAN_POINT('',(-1.162177826491E1,6.6E1,0.E0));
#644=DIRECTION('',(0.E0,-1.E0,0.E0));
#645=DIRECTION('',(-5.E-1,0.E0,8.660254037844E-1));
#646=AXIS2_PLACEMENT_3D('',#643,#644,#645);
#648=DIRECTION('',(8.660254037844E-1,0.E0,5.E-1));
#649=VECTOR('',#648,2.612137954159E1);
#650=CARTESIAN_POINT('',(-2.262177826491E1,6.6E1,1.905255888326E1));
#651=LINE('',#650,#649);
#652=CARTESIAN_POINT('',(-1.6E1,6.6E1,0.E0));
#653=DIRECTION('',(0.E0,-1.E0,0.E0));
#654=DIRECTION('',(0.E0,0.E0,-1.E0));
#655=AXIS2_PLACEMENT_3D('',#652,#653,#654);
#657=CARTESIAN_POINT('',(-1.6E1,6.6E1,0.E0));
#658=DIRECTION('',(0.E0,-1.E0,0.E0));
#659=DIRECTION('',(0.E0,0.E0,1.E0));
#660=AXIS2_PLACEMENT_3D('',#657,#658,#659);
#662=DIRECTION('',(0.E0,1.E0,0.E0));
#663=VECTOR('',#662,1.5E0);
#664=CARTESIAN_POINT('',(-1.6E1,6.6E1,1.025E1));
#665=LINE('',#664,#663);
#666=DIRECTION('',(0.E0,1.E0,0.E0));
#667=VECTOR('',#666,1.5E0);
#668=CARTESIAN_POINT('',(-1.6E1,6.6E1,-6.75E0));
#669=LINE('',#668,#667);
#670=DIRECTION('',(0.E0,1.E0,0.E0));
#671=VECTOR('',#670,1.5E0);
#672=CARTESIAN_POINT('',(-1.6E1,6.6E1,-1.025E1));
#673=LINE('',#672,#671);
#674=CARTESIAN_POINT('',(-1.6E1,6.75E1,-8.5E0));
#675=DIRECTION('',(0.E0,-1.E0,0.E0));
#676=DIRECTION('',(0.E0,0.E0,1.E0));
#677=AXIS2_PLACEMENT_3D('',#674,#675,#676);
#679=CARTESIAN_POINT('',(-1.6E1,6.75E1,-8.5E0));
#680=DIRECTION('',(0.E0,-1.E0,0.E0));
#681=DIRECTION('',(0.E0,0.E0,-1.E0));
#682=AXIS2_PLACEMENT_3D('',#679,#680,#681);
#684=CARTESIAN_POINT('',(-1.6E1,-6.75E1,-8.5E0));
#685=DIRECTION('',(0.E0,1.E0,0.E0));
#686=DIRECTION('',(0.E0,0.E0,1.E0));
#687=AXIS2_PLACEMENT_3D('',#684,#685,#686);
#689=DIRECTION('',(0.E0,1.E0,0.E0));
#690=VECTOR('',#689,2.5E0);
#691=CARTESIAN_POINT('',(-1.6E1,-7.E1,-5.5E0));
#692=LINE('',#691,#690);
#693=CARTESIAN_POINT('',(-1.6E1,6.75E1,-8.5E0));
#694=DIRECTION('',(0.E0,1.E0,0.E0));
#695=DIRECTION('',(0.E0,0.E0,1.E0));
#696=AXIS2_PLACEMENT_3D('',#693,#694,#695);
#698=DIRECTION('',(0.E0,1.E0,0.E0));
#699=VECTOR('',#698,2.5E0);
#700=CARTESIAN_POINT('',(-1.6E1,6.75E1,-5.5E0));
#701=LINE('',#700,#699);
#702=CARTESIAN_POINT('',(-1.6E1,-6.75E1,-8.5E0));
#703=DIRECTION('',(0.E0,-1.E0,0.E0));
#704=DIRECTION('',(0.E0,0.E0,1.E0));
#705=AXIS2_PLACEMENT_3D('',#702,#703,#704);
#707=CARTESIAN_POINT('',(-1.6E1,-6.75E1,-8.5E0));
#708=DIRECTION('',(0.E0,-1.E0,0.E0));
#709=DIRECTION('',(0.E0,0.E0,-1.E0));
#710=AXIS2_PLACEMENT_3D('',#707,#708,#709);
#712=DIRECTION('',(0.E0,-1.E0,0.E0));
#713=VECTOR('',#712,1.5E0);
#714=CARTESIAN_POINT('',(-1.6E1,-6.6E1,-6.75E0));
#715=LINE('',#714,#713);
#716=DIRECTION('',(0.E0,-1.E0,0.E0));
#717=VECTOR('',#716,1.5E0);
#718=CARTESIAN_POINT('',(-1.6E1,-6.6E1,-1.025E1));
#719=LINE('',#718,#717);
#720=CARTESIAN_POINT('',(-1.6E1,-6.75E1,-8.5E0));
#721=DIRECTION('',(0.E0,1.E0,0.E0));
#722=DIRECTION('',(0.E0,0.E0,-1.E0));
#723=AXIS2_PLACEMENT_3D('',#720,#721,#722);
#725=DIRECTION('',(0.E0,1.E0,0.E0));
#726=VECTOR('',#725,2.5E0);
#727=CARTESIAN_POINT('',(-1.6E1,-7.E1,-1.15E1));
#728=LINE('',#727,#726);
#729=CARTESIAN_POINT('',(-1.6E1,6.75E1,-8.5E0));
#730=DIRECTION('',(0.E0,1.E0,0.E0));
#731=DIRECTION('',(0.E0,0.E0,-1.E0));
#732=AXIS2_PLACEMENT_3D('',#729,#730,#731);
#734=DIRECTION('',(0.E0,1.E0,0.E0));
#735=VECTOR('',#734,2.5E0);
#736=CARTESIAN_POINT('',(-1.6E1,6.75E1,-1.15E1));
#737=LINE('',#736,#735);
#738=CARTESIAN_POINT('',(2.3E0,7.E1,-3.032346281956E1));
#739=DIRECTION('',(0.E0,1.E0,0.E0));
#740=DIRECTION('',(1.E0,0.E0,0.E0));
#741=AXIS2_PLACEMENT_3D('',#738,#739,#740);
#743=DIRECTION('',(-1.E0,0.E0,0.E0));
#744=VECTOR('',#743,5.E0);
#745=CARTESIAN_POINT('',(5.E0,7.E1,-9.85E0));
#746=LINE('',#745,#744);
#747=CARTESIAN_POINT('',(0.E0,7.E1,-9.85E0));
#748=CARTESIAN_POINT('',(-4.714045207910E-1,7.E1,-9.85E0));
#749=CARTESIAN_POINT('',(-1.489751422418E0,7.E1,-9.429767918397E0));
#750=CARTESIAN_POINT('',(-2.913036269835E0,7.E1,-7.171300878400E0));
#751=CARTESIAN_POINT('',(-3.676061250573E0,7.E1,-4.257749593175E0));
#752=CARTESIAN_POINT('',(-3.957942107752E0,7.E1,-1.778989224159E0));
#753=CARTESIAN_POINT('',(-4.021028946124E0,7.E1,0.E0));
#754=CARTESIAN_POINT('',(-3.957942107752E0,7.E1,1.778989224159E0));
#755=CARTESIAN_POINT('',(-3.676061250573E0,7.E1,4.257749593175E0));
#756=CARTESIAN_POINT('',(-2.913036269835E0,7.E1,7.171300878400E0));
#757=CARTESIAN_POINT('',(-1.489751422418E0,7.E1,9.429767918397E0));
#758=CARTESIAN_POINT('',(-4.714045207910E-1,7.E1,9.85E0));
#759=CARTESIAN_POINT('',(0.E0,7.E1,9.85E0));
#761=DIRECTION('',(-1.E0,0.E0,0.E0));
#762=VECTOR('',#761,5.E0);
#763=CARTESIAN_POINT('',(5.E0,7.E1,9.85E0));
#764=LINE('',#763,#762);
#765=CARTESIAN_POINT('',(2.3E0,7.E1,3.032346281956E1));
#766=DIRECTION('',(0.E0,1.E0,0.E0));
#767=DIRECTION('',(-5.E-1,0.E0,8.660254037844E-1));
#768=AXIS2_PLACEMENT_3D('',#765,#766,#767);
#770=CARTESIAN_POINT('',(-1.162177826491E1,7.E1,0.E0));
#771=DIRECTION('',(0.E0,1.E0,0.E0));
#772=DIRECTION('',(-5.E-1,0.E0,-8.660254037844E-1));
#773=AXIS2_PLACEMENT_3D('',#770,#771,#772);
#775=CARTESIAN_POINT('',(-1.6E1,7.E1,0.E0));
#776=DIRECTION('',(0.E0,-1.E0,0.E0));
#777=DIRECTION('',(0.E0,0.E0,-1.E0));
#778=AXIS2_PLACEMENT_3D('',#775,#776,#777);
#780=CARTESIAN_POINT('',(-1.6E1,7.E1,0.E0));
#781=DIRECTION('',(0.E0,-1.E0,0.E0));
#782=DIRECTION('',(0.E0,0.E0,1.E0));
#783=AXIS2_PLACEMENT_3D('',#780,#781,#782);
#785=CARTESIAN_POINT('',(-1.6E1,7.E1,8.5E0));
#786=DIRECTION('',(0.E0,-1.E0,0.E0));
#787=DIRECTION('',(0.E0,0.E0,-1.E0));
#788=AXIS2_PLACEMENT_3D('',#785,#786,#787);
#790=CARTESIAN_POINT('',(-1.6E1,7.E1,8.5E0));
#791=DIRECTION('',(0.E0,-1.E0,0.E0));
#792=DIRECTION('',(0.E0,0.E0,1.E0));
#793=AXIS2_PLACEMENT_3D('',#790,#791,#792);
#795=CARTESIAN_POINT('',(-1.6E1,7.E1,-8.5E0));
#796=DIRECTION('',(0.E0,1.E0,0.E0));
#797=DIRECTION('',(0.E0,0.E0,1.E0));
#798=AXIS2_PLACEMENT_3D('',#795,#796,#797);
#800=CARTESIAN_POINT('',(-1.6E1,7.E1,-8.5E0));
#801=DIRECTION('',(0.E0,1.E0,0.E0));
#802=DIRECTION('',(0.E0,0.E0,-1.E0));
#803=AXIS2_PLACEMENT_3D('',#800,#801,#802);
#805=DIRECTION('',(0.E0,1.E0,0.E0));
#806=VECTOR('',#805,2.476197919686E0);
#807=CARTESIAN_POINT('',(0.E0,6.752380208031E1,-9.85E0));
#808=LINE('',#807,#806);
#809=DIRECTION('',(-1.E0,-2.842170943040E-14,0.E0));
#810=VECTOR('',#809,5.E0);
#811=CARTESIAN_POINT('',(5.E0,6.752380208031E1,-9.85E0));
#812=LINE('',#811,#810);
#813=CARTESIAN_POINT('',(6.772453690286E-1,6.6E1,9.707791764234E0));
#814=CARTESIAN_POINT('',(6.026943399539E-1,6.616773981542E1,9.739329587350E0));
#815=CARTESIAN_POINT('',(4.529240732896E-1,6.650472290874E1,9.791963537147E0));
#816=CARTESIAN_POINT('',(2.268988991194E-1,6.701327958066E1,9.839426971701E0));
#817=CARTESIAN_POINT('',(7.565578381441E-2,6.735357651666E1,9.85E0));
#818=CARTESIAN_POINT('',(-2.225614007254E-8,6.752380208031E1,9.85E0));
#820=DIRECTION('',(1.E0,0.E0,0.E0));
#821=VECTOR('',#820,6.772453690286E-1);
#822=CARTESIAN_POINT('',(0.E0,6.6E1,9.707791764234E0));
#823=LINE('',#822,#821);
#824=DIRECTION('',(1.E0,0.E0,1.311457354037E-14));
#825=VECTOR('',#824,6.772453690286E-1);
#826=CARTESIAN_POINT('',(0.E0,6.6E1,-9.707791764234E0));
#827=LINE('',#826,#825);
#828=CARTESIAN_POINT('',(0.E0,6.752380208031E1,-9.85E0));
#829=CARTESIAN_POINT('',(7.565578972302E-2,6.735357655344E1,-9.85E0));
#830=CARTESIAN_POINT('',(2.268988662530E-1,6.701327963125E1,-9.839426975334E0));
#831=CARTESIAN_POINT('',(4.529240681679E-1,6.650472292694E1,-9.791963539993E0));
#832=CARTESIAN_POINT('',(6.026943369013E-1,6.616773982229E1,-9.739329588642E0));
#833=CARTESIAN_POINT('',(6.772453690286E-1,6.6E1,-9.707791764234E0));
#835=DIRECTION('',(-1.E0,0.E0,0.E0));
#836=VECTOR('',#835,5.000000022256E0);
#837=CARTESIAN_POINT('',(5.E0,6.752380208031E1,9.85E0));
#838=LINE('',#837,#836);
#839=CARTESIAN_POINT('',(6.772453690286E-1,6.6E1,-9.707791764234E0));
#840=CARTESIAN_POINT('',(4.604810272649E-1,6.6E1,-9.799491041272E0));
#841=CARTESIAN_POINT('',(2.353625655655E-1,6.6E1,-9.85E0));
#842=CARTESIAN_POINT('',(0.E0,6.6E1,-9.85E0));
#844=CARTESIAN_POINT('',(0.E0,6.6E1,9.85E0));
#845=CARTESIAN_POINT('',(2.353625655655E-1,6.6E1,9.85E0));
#846=CARTESIAN_POINT('',(4.604810272649E-1,6.6E1,9.799491041272E0));
#847=CARTESIAN_POINT('',(6.772453690286E-1,6.6E1,9.707791764234E0));
#849=DIRECTION('',(8.988029285731E-9,1.E0,0.E0));
#850=VECTOR('',#849,2.476197919686E0);
#851=CARTESIAN_POINT('',(-2.225614007254E-8,6.752380208031E1,9.85E0));
#852=LINE('',#851,#850);
#853=CARTESIAN_POINT('',(9.5E-1,-4.990904949337E1,3.266173140978E1));
#854=CARTESIAN_POINT('',(1.118877937008E0,-4.995812408763E1,3.275923313217E1));
#855=CARTESIAN_POINT('',(1.473175158453E0,-4.999761373904E1,3.291377272780E1));
#856=CARTESIAN_POINT('',(1.992492151184E0,-5.000034261756E1,3.302152070893E1));
#857=CARTESIAN_POINT('',(2.478176547326E0,-4.999963304171E1,3.303161936931E1));
#858=CARTESIAN_POINT('',(2.979310091697E0,-5.000097235241E1,3.295643677821E1));
#859=CARTESIAN_POINT('',(3.535644614953E0,-4.996327704535E1,3.274783926755E1));
#860=CARTESIAN_POINT('',(3.987764261935E0,-4.979414476501E1,3.245012579313E1));
#861=CARTESIAN_POINT('',(4.322184278406E0,-4.946989323555E1,3.213065265013E1));
#862=CARTESIAN_POINT('',(4.578123457519E0,-4.896043924365E1,3.179051806513E1));
#863=CARTESIAN_POINT('',(4.751539342904E0,-4.832310280827E1,3.147158278324E1));
#864=CARTESIAN_POINT('',(4.870668706645E0,-4.757398110823E1,3.116845189581E1));
#865=CARTESIAN_POINT('',(4.947586115596E0,-4.671941652226E1,3.087871420020E1));
#866=CARTESIAN_POINT('',(4.990852974791E0,-4.575548701013E1,3.059787833908E1));
#867=CARTESIAN_POINT('',(5.E0,-4.503234331962E1,3.041417441472E1));
#868=CARTESIAN_POINT('',(5.E0,-4.465142774873E1,3.032346281956E1));
#870=CARTESIAN_POINT('',(5.E0,4.465142774873E1,3.032346281956E1));
#871=CARTESIAN_POINT('',(5.E0,4.502165836330E1,3.041162988909E1));
#872=CARTESIAN_POINT('',(4.991353456603E0,4.572528264973E1,3.059005296818E1));
#873=CARTESIAN_POINT('',(4.950638958701E0,4.666568945634E1,3.086235235118E1));
#874=CARTESIAN_POINT('',(4.878494074991E0,4.750222018749E1,3.114273574118E1));
#875=CARTESIAN_POINT('',(4.767912356381E0,4.823812393822E1,3.143466045057E1));
#876=CARTESIAN_POINT('',(4.607388630768E0,4.887117621517E1,3.174185740928E1));
#877=CARTESIAN_POINT('',(4.376183149953E0,4.938553887215E1,3.206667398186E1));
#878=CARTESIAN_POINT('',(4.064634943467E0,4.973871214494E1,3.238477860841E1));
#879=CARTESIAN_POINT('',(3.651202427890E0,4.993776409575E1,3.268348515203E1));
#880=CARTESIAN_POINT('',(3.105275527769E0,4.999996395800E1,3.292325757909E1));
#881=CARTESIAN_POINT('',(2.552968966444E0,4.999979529203E1,3.302895464343E1));
#882=CARTESIAN_POINT('',(2.029363555264E0,5.000022129757E1,3.302771364789E1));
#883=CARTESIAN_POINT('',(1.475890723898E0,4.999849065851E1,3.291634302149E1));
#884=CARTESIAN_POINT('',(1.118084470851E0,4.995789351264E1,3.275877502427E1));
#885=CARTESIAN_POINT('',(9.5E-1,4.990904949337E1,3.266173140978E1));
#887=CARTESIAN_POINT('',(9.5E-1,-4.990904949337E1,3.266173140978E1));
#888=CARTESIAN_POINT('',(6.095263778107E-1,-4.981011054870E1,3.246515887236E1));
#889=CARTESIAN_POINT('',(2.957806695342E-1,-4.963972278191E1,3.228401770323E1));
#890=CARTESIAN_POINT('',(0.E0,-4.942131103309E1,3.211324865405E1));
#892=DIRECTION('',(0.E0,-1.E0,0.E0));
#893=VECTOR('',#892,2.009095050663E1);
#894=CARTESIAN_POINT('',(9.5E-1,-4.990904949337E1,3.266173140978E1));
#895=LINE('',#894,#893);
#896=DIRECTION('',(-8.660254037844E-1,0.E0,-5.E-1));
#897=VECTOR('',#896,2.721834505305E1);
#898=CARTESIAN_POINT('',(9.5E-1,-7.E1,3.266173140978E1));
#899=LINE('',#898,#897);
#900=DIRECTION('',(0.E0,-1.E0,0.E0));
#901=VECTOR('',#900,4.E0);
#902=CARTESIAN_POINT('',(-2.262177826491E1,-6.6E1,1.905255888326E1));
#903=LINE('',#902,#901);
#904=CARTESIAN_POINT('',(0.E0,4.942131103309E1,3.211324865405E1));
#905=CARTESIAN_POINT('',(2.957806695342E-1,4.963972278191E1,3.228401770323E1));
#906=CARTESIAN_POINT('',(6.095263778107E-1,4.981011054870E1,3.246515887236E1));
#907=CARTESIAN_POINT('',(9.5E-1,4.990904949337E1,3.266173140978E1));
#909=DIRECTION('',(0.E0,-1.E0,0.E0));
#910=VECTOR('',#909,4.E0);
#911=CARTESIAN_POINT('',(-2.262177826491E1,7.E1,1.905255888326E1));
#912=LINE('',#911,#910);
#913=DIRECTION('',(8.660254037844E-1,0.E0,5.E-1));
#914=VECTOR('',#913,2.721834505305E1);
#915=CARTESIAN_POINT('',(-2.262177826491E1,7.E1,1.905255888326E1));
#916=LINE('',#915,#914);
#917=DIRECTION('',(0.E0,-1.E0,0.E0));
#918=VECTOR('',#917,2.009095050663E1);
#919=CARTESIAN_POINT('',(9.5E-1,7.E1,3.266173140978E1));
#920=LINE('',#919,#918);
#921=DIRECTION('',(0.E0,1.E0,0.E0));
#922=VECTOR('',#921,4.E0);
#923=CARTESIAN_POINT('',(-1.6E1,6.6E1,-4.E0));
#924=LINE('',#923,#922);
#925=DIRECTION('',(0.E0,1.E0,0.E0));
#926=VECTOR('',#925,4.E0);
#927=CARTESIAN_POINT('',(-1.6E1,-7.E1,-4.E0));
#928=LINE('',#927,#926);
#929=DIRECTION('',(0.E0,1.E0,0.E0));
#930=VECTOR('',#929,4.E0);
#931=CARTESIAN_POINT('',(-1.6E1,6.6E1,4.E0));
#932=LINE('',#931,#930);
#933=DIRECTION('',(0.E0,1.E0,0.E0));
#934=VECTOR('',#933,4.E0);
#935=CARTESIAN_POINT('',(-1.6E1,-7.E1,4.E0));
#936=LINE('',#935,#934);
#937=CARTESIAN_POINT('',(6.772453690286E-1,-6.6E1,-9.707791764234E0));
#938=CARTESIAN_POINT('',(4.604810272649E-1,-6.6E1,-9.799491041272E0));
#939=CARTESIAN_POINT('',(2.353625655655E-1,-6.6E1,-9.85E0));
#940=CARTESIAN_POINT('',(0.E0,-6.6E1,-9.85E0));
#942=CARTESIAN_POINT('',(0.E0,-6.6E1,9.85E0));
#943=CARTESIAN_POINT('',(2.353625655655E-1,-6.6E1,9.85E0));
#944=CARTESIAN_POINT('',(4.604810272649E-1,-6.6E1,9.799491041272E0));
#945=CARTESIAN_POINT('',(6.772453690286E-1,-6.6E1,9.707791764234E0));
#947=CARTESIAN_POINT('',(-2.224199671939E-8,-6.752380208031E1,9.85E0));
#948=CARTESIAN_POINT('',(7.566679009058E-2,-6.735355175257E1,9.85E0));
#949=CARTESIAN_POINT('',(2.269246058379E-1,-6.701322174053E1,9.839423992254E0));
#950=CARTESIAN_POINT('',(4.529524461744E-1,-6.650465906975E1,9.791955108280E0));
#951=CARTESIAN_POINT('',(6.027064322667E-1,-6.616771260771E1,9.739324471858E0));
#952=CARTESIAN_POINT('',(6.772453690286E-1,-6.6E1,9.707791764234E0));
#954=DIRECTION('',(-1.E0,0.E0,0.E0));
#955=VECTOR('',#954,5.000000022242E0);
#956=CARTESIAN_POINT('',(5.E0,-6.752380208031E1,9.85E0));
#957=LINE('',#956,#955);
#958=CARTESIAN_POINT('',(6.772453690286E-1,-6.6E1,-9.707791764234E0));
#959=CARTESIAN_POINT('',(6.027064292171E-1,-6.616771261458E1,
-9.739324473148E0));
#960=CARTESIAN_POINT('',(4.529524410588E-1,-6.650465908793E1,
-9.791955111124E0));
#961=CARTESIAN_POINT('',(2.269245729952E-1,-6.701322179108E1,
-9.839423995885E0));
#962=CARTESIAN_POINT('',(7.566679599668E-2,-6.735355178932E1,-9.85E0));
#963=CARTESIAN_POINT('',(-2.204117425262E-14,-6.752380208031E1,-9.85E0));
#965=DIRECTION('',(-1.E0,0.E0,-1.573748824844E-14));
#966=VECTOR('',#965,6.772453690286E-1);
#967=CARTESIAN_POINT('',(6.772453690286E-1,-6.6E1,-9.707791764234E0));
#968=LINE('',#967,#966);
#969=DIRECTION('',(-1.E0,0.E0,0.E0));
#970=VECTOR('',#969,6.772453690286E-1);
#971=CARTESIAN_POINT('',(6.772453690286E-1,-6.6E1,9.707791764234E0));
#972=LINE('',#971,#970);
#973=DIRECTION('',(-8.982317696011E-9,1.E0,0.E0));
#974=VECTOR('',#973,2.476197919686E0);
#975=CARTESIAN_POINT('',(0.E0,-7.E1,9.85E0));
#976=LINE('',#975,#974);
#977=DIRECTION('',(0.E0,1.E0,0.E0));
#978=VECTOR('',#977,2.476197919685E0);
#979=CARTESIAN_POINT('',(0.E0,-7.E1,-9.85E0));
#980=LINE('',#979,#978);
#981=DIRECTION('',(-1.E0,0.E0,0.E0));
#982=VECTOR('',#981,5.E0);
#983=CARTESIAN_POINT('',(5.E0,-6.752380208031E1,-9.85E0));
#984=LINE('',#983,#982);
#985=DIRECTION('',(-1.E0,0.E0,0.E0));
#986=VECTOR('',#985,3.E0);
#987=CARTESIAN_POINT('',(5.E0,5.2E1,-7.7E0));
#988=LINE('',#987,#986);
#989=DIRECTION('',(-1.E0,0.E0,0.E0));
#990=VECTOR('',#989,3.E0);
#991=CARTESIAN_POINT('',(5.E0,4.8E1,-7.7E0));
#992=LINE('',#991,#990);
#993=DIRECTION('',(-1.E0,0.E0,0.E0));
#994=VECTOR('',#993,3.E0);
#995=CARTESIAN_POINT('',(5.E0,4.8E1,2.33E1));
#996=LINE('',#995,#994);
#997=DIRECTION('',(-1.E0,0.E0,0.E0));
#998=VECTOR('',#997,3.E0);
#999=CARTESIAN_POINT('',(5.E0,5.2E1,2.33E1));
#1000=LINE('',#999,#998);
#1001=DIRECTION('',(0.E0,0.E0,1.E0));
#1002=VECTOR('',#1001,3.1E1);
#1003=CARTESIAN_POINT('',(2.E0,5.2E1,-7.7E0));
#1004=LINE('',#1003,#1002);
#1005=DIRECTION('',(0.E0,1.E0,0.E0));
#1006=VECTOR('',#1005,4.E0);
#1007=CARTESIAN_POINT('',(2.E0,4.8E1,-7.7E0));
#1008=LINE('',#1007,#1006);
#1009=DIRECTION('',(0.E0,0.E0,-1.E0));
#1010=VECTOR('',#1009,3.1E1);
#1011=CARTESIAN_POINT('',(2.E0,4.8E1,2.33E1));
#1012=LINE('',#1011,#1010);
#1013=DIRECTION('',(0.E0,-1.E0,0.E0));
#1014=VECTOR('',#1013,4.E0);
#1015=CARTESIAN_POINT('',(2.E0,5.2E1,2.33E1));
#1016=LINE('',#1015,#1014);
#1017=DIRECTION('',(-1.E0,0.E0,0.E0));
#1018=VECTOR('',#1017,3.E0);
#1019=CARTESIAN_POINT('',(5.E0,-5.2E1,-7.7E0));
#1020=LINE('',#1019,#1018);
#1021=DIRECTION('',(-1.E0,0.E0,0.E0));
#1022=VECTOR('',#1021,3.E0);
#1023=CARTESIAN_POINT('',(5.E0,-5.2E1,2.33E1));
#1024=LINE('',#1023,#1022);
#1025=DIRECTION('',(-1.E0,0.E0,0.E0));
#1026=VECTOR('',#1025,3.E0);
#1027=CARTESIAN_POINT('',(5.E0,-4.8E1,2.33E1));
#1028=LINE('',#1027,#1026);
#1029=DIRECTION('',(-1.E0,0.E0,0.E0));
#1030=VECTOR('',#1029,3.E0);
#1031=CARTESIAN_POINT('',(5.E0,-4.8E1,-7.7E0));
#1032=LINE('',#1031,#1030);
#1033=DIRECTION('',(0.E0,0.E0,1.E0));
#1034=VECTOR('',#1033,3.1E1);
#1035=CARTESIAN_POINT('',(2.E0,-5.2E1,-7.7E0));
#1036=LINE('',#1035,#1034);
#1037=DIRECTION('',(0.E0,1.E0,0.E0));
#1038=VECTOR('',#1037,4.E0);
#1039=CARTESIAN_POINT('',(2.E0,-5.2E1,2.33E1));
#1040=LINE('',#1039,#1038);
#1041=DIRECTION('',(0.E0,0.E0,-1.E0));
#1042=VECTOR('',#1041,3.1E1);
#1043=CARTESIAN_POINT('',(2.E0,-4.8E1,2.33E1));
#1044=LINE('',#1043,#1042);
#1045=DIRECTION('',(0.E0,-1.E0,0.E0));
#1046=VECTOR('',#1045,4.E0);
#1047=CARTESIAN_POINT('',(2.E0,-4.8E1,-7.7E0));
#1048=LINE('',#1047,#1046);
#1049=DIRECTION('',(-1.E0,0.E0,0.E0));
#1050=VECTOR('',#1049,3.E0);
#1051=CARTESIAN_POINT('',(5.E0,3.5E1,-2.5E1));
#1052=LINE('',#1051,#1050);
#1053=DIRECTION('',(-1.E0,0.E0,0.E0));
#1054=VECTOR('',#1053,3.E0);
#1055=CARTESIAN_POINT('',(5.E0,-3.5E1,-2.5E1));
#1056=LINE('',#1055,#1054);
#1057=DIRECTION('',(-1.E0,0.E0,0.E0));
#1058=VECTOR('',#1057,3.E0);
#1059=CARTESIAN_POINT('',(5.E0,-3.5E1,1.5E1));
#1060=LINE('',#1059,#1058);
#1061=DIRECTION('',(-1.E0,0.E0,0.E0));
#1062=VECTOR('',#1061,3.E0);
#1063=CARTESIAN_POINT('',(5.E0,3.5E1,1.5E1));
#1064=LINE('',#1063,#1062);
#1065=DIRECTION('',(0.E0,0.E0,1.E0));
#1066=VECTOR('',#1065,4.E1);
#1067=CARTESIAN_POINT('',(2.E0,3.5E1,-2.5E1));
#1068=LINE('',#1067,#1066);
#1069=DIRECTION('',(0.E0,1.E0,0.E0));
#1070=VECTOR('',#1069,7.E1);
#1071=CARTESIAN_POINT('',(2.E0,-3.5E1,-2.5E1));
#1072=LINE('',#1071,#1070);
#1073=DIRECTION('',(0.E0,0.E0,-1.E0));
#1074=VECTOR('',#1073,4.E1);
#1075=CARTESIAN_POINT('',(2.E0,-3.5E1,1.5E1));
#1076=LINE('',#1075,#1074);
#1077=DIRECTION('',(0.E0,-1.E0,0.E0));
#1078=VECTOR('',#1077,7.E1);
#1079=CARTESIAN_POINT('',(2.E0,3.5E1,1.5E1));
#1080=LINE('',#1079,#1078);
#1081=DIRECTION('',(0.E0,1.E0,0.E0));
#1082=VECTOR('',#1081,5.6E1);
#1083=CARTESIAN_POINT('',(2.E0,-2.8E1,-3.E0));
#1084=LINE('',#1083,#1082);
#1085=DIRECTION('',(-1.E0,0.E0,0.E0));
#1086=VECTOR('',#1085,2.E0);
#1087=CARTESIAN_POINT('',(2.E0,-2.8E1,-3.E0));
#1088=LINE('',#1087,#1086);
#1089=DIRECTION('',(-1.E0,0.E0,0.E0));
#1090=VECTOR('',#1089,2.E0);
#1091=CARTESIAN_POINT('',(2.E0,2.8E1,-3.E0));
#1092=LINE('',#1091,#1090);
#1093=CARTESIAN_POINT('',(2.E0,-2.8E1,-1.E0));
#1094=DIRECTION('',(-1.E0,0.E0,0.E0));
#1095=DIRECTION('',(0.E0,0.E0,-1.E0));
#1096=AXIS2_PLACEMENT_3D('',#1093,#1094,#1095);
#1098=CARTESIAN_POINT('',(0.E0,-2.8E1,-1.E0));
#1099=DIRECTION('',(1.E0,0.E0,0.E0));
#1100=DIRECTION('',(0.E0,-1.E0,0.E0));
#1101=AXIS2_PLACEMENT_3D('',#1098,#1099,#1100);
#1103=DIRECTION('',(0.E0,0.E0,-1.E0));
#1104=VECTOR('',#1103,2.E0);
#1105=CARTESIAN_POINT('',(2.E0,-3.E1,1.E0));
#1106=LINE('',#1105,#1104);
#1107=DIRECTION('',(-1.E0,0.E0,0.E0));
#1108=VECTOR('',#1107,2.E0);
#1109=CARTESIAN_POINT('',(2.E0,-3.E1,1.E0));
#1110=LINE('',#1109,#1108);
#1111=DIRECTION('',(-1.E0,0.E0,0.E0));
#1112=VECTOR('',#1111,2.E0);
#1113=CARTESIAN_POINT('',(2.E0,-3.E1,-1.E0));
#1114=LINE('',#1113,#1112);
#1115=CARTESIAN_POINT('',(2.E0,-2.8E1,1.E0));
#1116=DIRECTION('',(-1.E0,0.E0,0.E0));
#1117=DIRECTION('',(0.E0,-1.E0,0.E0));
#1118=AXIS2_PLACEMENT_3D('',#1115,#1116,#1117);
#1120=CARTESIAN_POINT('',(0.E0,-2.8E1,1.E0));
#1121=DIRECTION('',(1.E0,0.E0,0.E0));
#1122=DIRECTION('',(0.E0,0.E0,1.E0));
#1123=AXIS2_PLACEMENT_3D('',#1120,#1121,#1122);
#1125=DIRECTION('',(0.E0,-1.E0,0.E0));
#1126=VECTOR('',#1125,5.6E1);
#1127=CARTESIAN_POINT('',(2.E0,2.8E1,3.E0));
#1128=LINE('',#1127,#1126);
#1129=DIRECTION('',(-1.E0,0.E0,0.E0));
#1130=VECTOR('',#1129,2.E0);
#1131=CARTESIAN_POINT('',(2.E0,2.8E1,3.E0));
#1132=LINE('',#1131,#1130);
#1133=DIRECTION('',(-1.E0,0.E0,0.E0));
#1134=VECTOR('',#1133,2.E0);
#1135=CARTESIAN_POINT('',(2.E0,-2.8E1,3.E0));
#1136=LINE('',#1135,#1134);
#1137=CARTESIAN_POINT('',(2.E0,2.8E1,1.E0));
#1138=DIRECTION('',(-1.E0,0.E0,0.E0));
#1139=DIRECTION('',(0.E0,0.E0,1.E0));
#1140=AXIS2_PLACEMENT_3D('',#1137,#1138,#1139);
#1142=CARTESIAN_POINT('',(0.E0,2.8E1,1.E0));
#1143=DIRECTION('',(1.E0,0.E0,0.E0));
#1144=DIRECTION('',(0.E0,1.E0,0.E0));
#1145=AXIS2_PLACEMENT_3D('',#1142,#1143,#1144);
#1147=DIRECTION('',(0.E0,0.E0,1.E0));
#1148=VECTOR('',#1147,2.E0);
#1149=CARTESIAN_POINT('',(2.E0,3.E1,-1.E0));
#1150=LINE('',#1149,#1148);
#1151=DIRECTION('',(-1.E0,0.E0,0.E0));
#1152=VECTOR('',#1151,2.E0);
#1153=CARTESIAN_POINT('',(2.E0,3.E1,-1.E0));
#1154=LINE('',#1153,#1152);
#1155=DIRECTION('',(-1.E0,0.E0,0.E0));
#1156=VECTOR('',#1155,2.E0);
#1157=CARTESIAN_POINT('',(2.E0,3.E1,1.E0));
#1158=LINE('',#1157,#1156);
#1159=CARTESIAN_POINT('',(2.E0,2.8E1,-1.E0));
#1160=DIRECTION('',(-1.E0,0.E0,0.E0));
#1161=DIRECTION('',(0.E0,1.E0,0.E0));
#1162=AXIS2_PLACEMENT_3D('',#1159,#1160,#1161);
#1164=CARTESIAN_POINT('',(0.E0,2.8E1,-1.E0));
#1165=DIRECTION('',(1.E0,0.E0,0.E0));
#1166=DIRECTION('',(0.E0,0.E0,-1.E0));
#1167=AXIS2_PLACEMENT_3D('',#1164,#1165,#1166);
#1169=CARTESIAN_POINT('',(-2.262177826491E1,6.6E1,1.905255888326E1));
#1170=CARTESIAN_POINT('',(-2.262177826491E1,6.6E1,-1.905255888326E1));
#1171=VERTEX_POINT('',#1169);
#1172=VERTEX_POINT('',#1170);
#1173=CARTESIAN_POINT('',(-2.262177826491E1,7.E1,-1.905255888326E1));
#1174=VERTEX_POINT('',#1173);
#1175=CARTESIAN_POINT('',(-2.262177826491E1,7.E1,1.905255888326E1));
#1176=VERTEX_POINT('',#1175);
#1177=CARTESIAN_POINT('',(0.E0,6.6E1,-3.211324865405E1));
#1178=VERTEX_POINT('',#1177);
#1179=CARTESIAN_POINT('',(0.E0,6.6E1,3.211324865405E1));
#1180=VERTEX_POINT('',#1179);
#1181=VERTEX_POINT('',#339);
#1182=VERTEX_POINT('',#351);
#1183=CARTESIAN_POINT('',(5.E0,7.E1,-9.85E0));
#1184=VERTEX_POINT('',#1183);
#1185=CARTESIAN_POINT('',(5.E0,7.E1,9.85E0));
#1186=VERTEX_POINT('',#1185);
#1187=VERTEX_POINT('',#287);
#1188=VERTEX_POINT('',#299);
#1189=CARTESIAN_POINT('',(5.E0,-7.E1,-9.85E0));
#1190=VERTEX_POINT('',#1189);
#1191=CARTESIAN_POINT('',(5.E0,-7.E1,9.85E0));
#1192=VERTEX_POINT('',#1191);
#1193=VERTEX_POINT('',#747);
#1194=VERTEX_POINT('',#759);
#1195=VERTEX_POINT('',#625);
#1196=VERTEX_POINT('',#637);
#1197=CARTESIAN_POINT('',(-2.225614007254E-8,6.752380208031E1,9.85E0));
#1198=VERTEX_POINT('',#1197);
#1199=CARTESIAN_POINT('',(0.E0,6.752380208031E1,-9.85E0));
#1200=VERTEX_POINT('',#1199);
#1201=VERTEX_POINT('',#813);
#1202=VERTEX_POINT('',#833);
#1203=VERTEX_POINT('',#427);
#1204=VERTEX_POINT('',#439);
#1205=VERTEX_POINT('',#509);
#1206=VERTEX_POINT('',#521);
#1207=CARTESIAN_POINT('',(-2.224199671939E-8,-6.752380208031E1,9.85E0));
#1208=VERTEX_POINT('',#1207);
#1209=CARTESIAN_POINT('',(-2.204117425262E-14,-6.752380208031E1,-9.85E0));
#1210=VERTEX_POINT('',#1209);
#1211=VERTEX_POINT('',#952);
#1212=VERTEX_POINT('',#958);
#1213=CARTESIAN_POINT('',(9.5E-1,7.E1,3.266173140978E1));
#1214=CARTESIAN_POINT('',(5.E0,7.E1,3.032346281956E1));
#1215=VERTEX_POINT('',#1213);
#1216=VERTEX_POINT('',#1214);
#1217=CARTESIAN_POINT('',(5.E0,-7.E1,3.032346281956E1));
#1218=VERTEX_POINT('',#1217);
#1219=CARTESIAN_POINT('',(9.5E-1,-7.E1,-3.266173140978E1));
#1220=CARTESIAN_POINT('',(5.E0,-7.E1,-3.032346281956E1));
#1221=VERTEX_POINT('',#1219);
#1222=VERTEX_POINT('',#1220);
#1223=CARTESIAN_POINT('',(9.5E-1,7.E1,-3.266173140978E1));
#1224=VERTEX_POINT('',#1223);
#1225=CARTESIAN_POINT('',(5.E0,7.E1,-3.032346281956E1));
#1226=VERTEX_POINT('',#1225);
#1227=CARTESIAN_POINT('',(-2.262177826491E1,-7.E1,1.905255888326E1));
#1228=CARTESIAN_POINT('',(-2.262177826491E1,-7.E1,-1.905255888326E1));
#1229=VERTEX_POINT('',#1227);
#1230=VERTEX_POINT('',#1228);
#1231=CARTESIAN_POINT('',(-2.262177826491E1,-6.6E1,-1.905255888326E1));
#1232=VERTEX_POINT('',#1231);
#1233=CARTESIAN_POINT('',(-2.262177826491E1,-6.6E1,1.905255888326E1));
#1234=VERTEX_POINT('',#1233);
#1235=CARTESIAN_POINT('',(9.5E-1,-7.E1,3.266173140978E1));
#1236=VERTEX_POINT('',#1235);
#1237=VERTEX_POINT('',#313);
#1238=VERTEX_POINT('',#325);
#1239=VERTEX_POINT('',#89);
#1240=VERTEX_POINT('',#119);
#1241=VERTEX_POINT('',#853);
#1242=VERTEX_POINT('',#885);
#1243=CARTESIAN_POINT('',(0.E0,-6.6E1,-3.211324865405E1));
#1244=VERTEX_POINT('',#1243);
#1245=CARTESIAN_POINT('',(0.E0,-6.6E1,3.211324865405E1));
#1246=VERTEX_POINT('',#1245);
#1247=VERTEX_POINT('',#1);
#1248=VERTEX_POINT('',#31);
#1249=VERTEX_POINT('',#261);
#1250=VERTEX_POINT('',#273);
#1251=VERTEX_POINT('',#227);
#1252=VERTEX_POINT('',#259);
#1253=CARTESIAN_POINT('',(0.E0,-2.8E1,-3.E0));
#1254=CARTESIAN_POINT('',(0.E0,2.8E1,-3.E0));
#1255=VERTEX_POINT('',#1253);
#1256=VERTEX_POINT('',#1254);
#1257=CARTESIAN_POINT('',(0.E0,3.E1,-1.E0));
#1258=CARTESIAN_POINT('',(0.E0,3.E1,1.E0));
#1259=VERTEX_POINT('',#1257);
#1260=VERTEX_POINT('',#1258);
#1261=CARTESIAN_POINT('',(0.E0,2.8E1,3.E0));
#1262=CARTESIAN_POINT('',(0.E0,-2.8E1,3.E0));
#1263=VERTEX_POINT('',#1261);
#1264=VERTEX_POINT('',#1262);
#1265=CARTESIAN_POINT('',(0.E0,-3.E1,1.E0));
#1266=CARTESIAN_POINT('',(0.E0,-3.E1,-1.E0));
#1267=VERTEX_POINT('',#1265);
#1268=VERTEX_POINT('',#1266);
#1269=CARTESIAN_POINT('',(-1.6E1,7.E1,-4.E0));
#1270=CARTESIAN_POINT('',(-1.6E1,7.E1,4.E0));
#1271=VERTEX_POINT('',#1269);
#1272=VERTEX_POINT('',#1270);
#1273=CARTESIAN_POINT('',(-1.6E1,-7.E1,-4.E0));
#1274=CARTESIAN_POINT('',(-1.6E1,-7.E1,4.E0));
#1275=VERTEX_POINT('',#1273);
#1276=VERTEX_POINT('',#1274);
#1277=CARTESIAN_POINT('',(-1.6E1,6.6E1,-4.E0));
#1278=CARTESIAN_POINT('',(-1.6E1,6.6E1,4.E0));
#1279=VERTEX_POINT('',#1277);
#1280=VERTEX_POINT('',#1278);
#1281=CARTESIAN_POINT('',(-1.6E1,-6.6E1,-4.E0));
#1282=CARTESIAN_POINT('',(-1.6E1,-6.6E1,4.E0));
#1283=VERTEX_POINT('',#1281);
#1284=VERTEX_POINT('',#1282);
#1285=CARTESIAN_POINT('',(-1.6E1,7.E1,5.5E0));
#1286=CARTESIAN_POINT('',(-1.6E1,7.E1,1.15E1));
#1287=VERTEX_POINT('',#1285);
#1288=VERTEX_POINT('',#1286);
#1289=CARTESIAN_POINT('',(-1.6E1,-7.E1,5.5E0));
#1290=CARTESIAN_POINT('',(-1.6E1,-7.E1,1.15E1));
#1291=VERTEX_POINT('',#1289);
#1292=VERTEX_POINT('',#1290);
#1293=CARTESIAN_POINT('',(-1.6E1,7.E1,-5.5E0));
#1294=CARTESIAN_POINT('',(-1.6E1,7.E1,-1.15E1));
#1295=VERTEX_POINT('',#1293);
#1296=VERTEX_POINT('',#1294);
#1297=CARTESIAN_POINT('',(-1.6E1,-7.E1,-5.5E0));
#1298=CARTESIAN_POINT('',(-1.6E1,-7.E1,-1.15E1));
#1299=VERTEX_POINT('',#1297);
#1300=VERTEX_POINT('',#1298);
#1301=CARTESIAN_POINT('',(-1.6E1,-6.6E1,-6.75E0));
#1302=CARTESIAN_POINT('',(-1.6E1,-6.6E1,-1.025E1));
#1303=VERTEX_POINT('',#1301);
#1304=VERTEX_POINT('',#1302);
#1305=CARTESIAN_POINT('',(-1.6E1,-6.75E1,-6.75E0));
#1306=CARTESIAN_POINT('',(-1.6E1,-6.75E1,-1.025E1));
#1307=VERTEX_POINT('',#1305);
#1308=VERTEX_POINT('',#1306);
#1309=CARTESIAN_POINT('',(-1.6E1,-6.75E1,-5.5E0));
#1310=CARTESIAN_POINT('',(-1.6E1,-6.75E1,-1.15E1));
#1311=VERTEX_POINT('',#1309);
#1312=VERTEX_POINT('',#1310);
#1313=CARTESIAN_POINT('',(-1.6E1,6.6E1,-6.75E0));
#1314=CARTESIAN_POINT('',(-1.6E1,6.6E1,-1.025E1));
#1315=VERTEX_POINT('',#1313);
#1316=VERTEX_POINT('',#1314);
#1317=CARTESIAN_POINT('',(-1.6E1,6.75E1,-6.75E0));
#1318=CARTESIAN_POINT('',(-1.6E1,6.75E1,-1.025E1));
#1319=VERTEX_POINT('',#1317);
#1320=VERTEX_POINT('',#1318);
#1321=CARTESIAN_POINT('',(-1.6E1,6.75E1,-5.5E0));
#1322=CARTESIAN_POINT('',(-1.6E1,6.75E1,-1.15E1));
#1323=VERTEX_POINT('',#1321);
#1324=VERTEX_POINT('',#1322);
#1325=CARTESIAN_POINT('',(-1.6E1,-6.6E1,6.75E0));
#1326=CARTESIAN_POINT('',(-1.6E1,-6.6E1,1.025E1));
#1327=VERTEX_POINT('',#1325);
#1328=VERTEX_POINT('',#1326);
#1329=CARTESIAN_POINT('',(-1.6E1,-6.75E1,6.75E0));
#1330=CARTESIAN_POINT('',(-1.6E1,-6.75E1,1.025E1));
#1331=VERTEX_POINT('',#1329);
#1332=VERTEX_POINT('',#1330);
#1333=CARTESIAN_POINT('',(-1.6E1,6.6E1,6.75E0));
#1334=CARTESIAN_POINT('',(-1.6E1,6.6E1,1.025E1));
#1335=VERTEX_POINT('',#1333);
#1336=VERTEX_POINT('',#1334);
#1337=CARTESIAN_POINT('',(-1.6E1,6.75E1,6.75E0));
#1338=CARTESIAN_POINT('',(-1.6E1,6.75E1,1.025E1));
#1339=VERTEX_POINT('',#1337);
#1340=VERTEX_POINT('',#1338);
#1341=CARTESIAN_POINT('',(-1.6E1,-6.75E1,5.5E0));
#1342=CARTESIAN_POINT('',(-1.6E1,-6.75E1,1.15E1));
#1343=VERTEX_POINT('',#1341);
#1344=VERTEX_POINT('',#1342);
#1345=CARTESIAN_POINT('',(-1.6E1,6.75E1,5.5E0));
#1346=CARTESIAN_POINT('',(-1.6E1,6.75E1,1.15E1));
#1347=VERTEX_POINT('',#1345);
#1348=VERTEX_POINT('',#1346);
#1349=CARTESIAN_POINT('',(2.E0,5.2E1,-7.7E0));
#1350=CARTESIAN_POINT('',(2.E0,5.2E1,2.33E1));
#1351=VERTEX_POINT('',#1349);
#1352=VERTEX_POINT('',#1350);
#1353=CARTESIAN_POINT('',(2.E0,4.8E1,2.33E1));
#1354=VERTEX_POINT('',#1353);
#1355=CARTESIAN_POINT('',(2.E0,4.8E1,-7.7E0));
#1356=VERTEX_POINT('',#1355);
#1357=CARTESIAN_POINT('',(5.E0,5.2E1,2.33E1));
#1358=CARTESIAN_POINT('',(5.E0,5.2E1,-7.7E0));
#1359=VERTEX_POINT('',#1357);
#1360=VERTEX_POINT('',#1358);
#1361=CARTESIAN_POINT('',(5.E0,4.8E1,2.33E1));
#1362=CARTESIAN_POINT('',(5.E0,4.8E1,-7.7E0));
#1363=VERTEX_POINT('',#1361);
#1364=VERTEX_POINT('',#1362);
#1365=CARTESIAN_POINT('',(0.E0,6.6E1,-9.707791764234E0));
#1366=VERTEX_POINT('',#1365);
#1367=CARTESIAN_POINT('',(0.E0,6.6E1,9.707791764234E0));
#1368=VERTEX_POINT('',#1367);
#1369=CARTESIAN_POINT('',(0.E0,-6.6E1,-9.707791764234E0));
#1370=VERTEX_POINT('',#1369);
#1371=CARTESIAN_POINT('',(0.E0,-6.6E1,9.707791764234E0));
#1372=VERTEX_POINT('',#1371);
#1373=CARTESIAN_POINT('',(2.E0,-5.2E1,-7.7E0));
#1374=CARTESIAN_POINT('',(2.E0,-5.2E1,2.33E1));
#1375=VERTEX_POINT('',#1373);
#1376=VERTEX_POINT('',#1374);
#1377=CARTESIAN_POINT('',(2.E0,-4.8E1,2.33E1));
#1378=VERTEX_POINT('',#1377);
#1379=CARTESIAN_POINT('',(2.E0,-4.8E1,-7.7E0));
#1380=VERTEX_POINT('',#1379);
#1381=CARTESIAN_POINT('',(5.E0,-4.8E1,-7.7E0));
#1382=VERTEX_POINT('',#1381);
#1383=CARTESIAN_POINT('',(5.E0,-5.2E1,2.33E1));
#1384=VERTEX_POINT('',#1383);
#1385=CARTESIAN_POINT('',(5.E0,-4.8E1,2.33E1));
#1386=VERTEX_POINT('',#1385);
#1387=CARTESIAN_POINT('',(5.E0,-5.2E1,-7.7E0));
#1388=VERTEX_POINT('',#1387);
#1389=CARTESIAN_POINT('',(2.E0,3.5E1,-2.5E1));
#1390=CARTESIAN_POINT('',(2.E0,3.5E1,1.5E1));
#1391=VERTEX_POINT('',#1389);
#1392=VERTEX_POINT('',#1390);
#1393=CARTESIAN_POINT('',(2.E0,-3.5E1,1.5E1));
#1394=VERTEX_POINT('',#1393);
#1395=CARTESIAN_POINT('',(2.E0,-3.5E1,-2.5E1));
#1396=VERTEX_POINT('',#1395);
#1397=CARTESIAN_POINT('',(5.E0,3.5E1,-2.5E1));
#1398=CARTESIAN_POINT('',(5.E0,3.5E1,1.5E1));
#1399=VERTEX_POINT('',#1397);
#1400=VERTEX_POINT('',#1398);
#1401=CARTESIAN_POINT('',(5.E0,-3.5E1,1.5E1));
#1402=VERTEX_POINT('',#1401);
#1403=CARTESIAN_POINT('',(5.E0,-3.5E1,-2.5E1));
#1404=VERTEX_POINT('',#1403);
#1405=CARTESIAN_POINT('',(2.E0,-2.8E1,-3.E0));
#1406=CARTESIAN_POINT('',(2.E0,2.8E1,-3.E0));
#1407=VERTEX_POINT('',#1405);
#1408=VERTEX_POINT('',#1406);
#1409=CARTESIAN_POINT('',(2.E0,3.E1,-1.E0));
#1410=CARTESIAN_POINT('',(2.E0,3.E1,1.E0));
#1411=VERTEX_POINT('',#1409);
#1412=VERTEX_POINT('',#1410);
#1413=CARTESIAN_POINT('',(2.E0,2.8E1,3.E0));
#1414=CARTESIAN_POINT('',(2.E0,-2.8E1,3.E0));
#1415=VERTEX_POINT('',#1413);
#1416=VERTEX_POINT('',#1414);
#1417=CARTESIAN_POINT('',(2.E0,-3.E1,1.E0));
#1418=CARTESIAN_POINT('',(2.E0,-3.E1,-1.E0));
#1419=VERTEX_POINT('',#1417);
#1420=VERTEX_POINT('',#1418);
#1421=CARTESIAN_POINT('',(0.E0,0.E0,0.E0));
#1422=DIRECTION('',(1.E0,0.E0,0.E0));
#1423=DIRECTION('',(0.E0,-1.E0,0.E0));
#1424=AXIS2_PLACEMENT_3D('',#1421,#1422,#1423);
#1425=PLANE('',#1424);
#1427=ORIENTED_EDGE('',*,*,#1426,.T.);
#1429=ORIENTED_EDGE('',*,*,#1428,.F.);
#1431=ORIENTED_EDGE('',*,*,#1430,.F.);
#1433=ORIENTED_EDGE('',*,*,#1432,.T.);
#1435=ORIENTED_EDGE('',*,*,#1434,.F.);
#1437=ORIENTED_EDGE('',*,*,#1436,.T.);
#1439=ORIENTED_EDGE('',*,*,#1438,.F.);
#1441=ORIENTED_EDGE('',*,*,#1440,.T.);
#1443=ORIENTED_EDGE('',*,*,#1442,.F.);
#1445=ORIENTED_EDGE('',*,*,#1444,.T.);
#1447=ORIENTED_EDGE('',*,*,#1446,.T.);
#1449=ORIENTED_EDGE('',*,*,#1448,.F.);
#1451=ORIENTED_EDGE('',*,*,#1450,.T.);
#1453=ORIENTED_EDGE('',*,*,#1452,.F.);
#1455=ORIENTED_EDGE('',*,*,#1454,.T.);
#1457=ORIENTED_EDGE('',*,*,#1456,.F.);
#1458=EDGE_LOOP('',(#1427,#1429,#1431,#1433,#1435,#1437,#1439,#1441,#1443,#1445,
#1447,#1449,#1451,#1453,#1455,#1457));
#1459=FACE_OUTER_BOUND('',#1458,.F.);
#1461=ORIENTED_EDGE('',*,*,#1460,.F.);
#1463=ORIENTED_EDGE('',*,*,#1462,.F.);
#1465=ORIENTED_EDGE('',*,*,#1464,.F.);
#1467=ORIENTED_EDGE('',*,*,#1466,.F.);
#1469=ORIENTED_EDGE('',*,*,#1468,.F.);
#1471=ORIENTED_EDGE('',*,*,#1470,.F.);
#1473=ORIENTED_EDGE('',*,*,#1472,.F.);
#1475=ORIENTED_EDGE('',*,*,#1474,.F.);
#1476=EDGE_LOOP('',(#1461,#1463,#1465,#1467,#1469,#1471,#1473,#1475));
#1477=FACE_BOUND('',#1476,.F.);
#1478=ADVANCED_FACE('',(#1459,#1477),#1425,.F.);
#1479=CARTESIAN_POINT('',(5.E0,0.E0,-3.302346281956E1));
#1480=DIRECTION('',(1.E0,0.E0,0.E0));
#1481=DIRECTION('',(0.E0,-1.E0,0.E0));
#1482=AXIS2_PLACEMENT_3D('',#1479,#1480,#1481);
#1484=DIRECTION('',(-1.E0,0.E0,0.E0));
#1485=VECTOR('',#1484,1.E0);
#1486=SURFACE_OF_LINEAR_EXTRUSION('',#1483,#1485);
#1487=ORIENTED_EDGE('',*,*,#1426,.F.);
#1489=ORIENTED_EDGE('',*,*,#1488,.T.);
#1491=ORIENTED_EDGE('',*,*,#1490,.F.);
#1493=ORIENTED_EDGE('',*,*,#1492,.T.);
#1495=ORIENTED_EDGE('',*,*,#1494,.F.);
#1497=ORIENTED_EDGE('',*,*,#1496,.T.);
#1498=EDGE_LOOP('',(#1487,#1489,#1491,#1493,#1495,#1497));
#1499=FACE_OUTER_BOUND('',#1498,.F.);
#1500=ADVANCED_FACE('',(#1499),#1486,.F.);
#1501=CARTESIAN_POINT('',(5.E0,7.E1,-3.5E1));
#1502=DIRECTION('',(-5.E-1,0.E0,-8.660254037844E-1));
#1503=DIRECTION('',(-8.660254037844E-1,0.E0,5.E-1));
#1504=AXIS2_PLACEMENT_3D('',#1501,#1502,#1503);
#1505=PLANE('',#1504);
#1506=ORIENTED_EDGE('',*,*,#1496,.F.);
#1508=ORIENTED_EDGE('',*,*,#1507,.T.);
#1510=ORIENTED_EDGE('',*,*,#1509,.T.);
#1512=ORIENTED_EDGE('',*,*,#1511,.T.);
#1514=ORIENTED_EDGE('',*,*,#1513,.F.);
#1515=ORIENTED_EDGE('',*,*,#1428,.T.);
#1516=EDGE_LOOP('',(#1506,#1508,#1510,#1512,#1514,#1515));
#1517=FACE_OUTER_BOUND('',#1516,.F.);
#1518=ADVANCED_FACE('',(#1517),#1505,.T.);
#1519=CARTESIAN_POINT('',(5.E0,7.E1,-3.5E1));
#1520=DIRECTION('',(-5.E-1,0.E0,-8.660254037844E-1));
#1521=DIRECTION('',(-8.660254037844E-1,0.E0,5.E-1));
#1522=AXIS2_PLACEMENT_3D('',#1519,#1520,#1521);
#1523=PLANE('',#1522);
#1524=ORIENTED_EDGE('',*,*,#1488,.F.);
#1525=ORIENTED_EDGE('',*,*,#1456,.T.);
#1527=ORIENTED_EDGE('',*,*,#1526,.T.);
#1529=ORIENTED_EDGE('',*,*,#1528,.T.);
#1531=ORIENTED_EDGE('',*,*,#1530,.T.);
#1533=ORIENTED_EDGE('',*,*,#1532,.T.);
#1534=EDGE_LOOP('',(#1524,#1525,#1527,#1529,#1531,#1533));
#1535=FACE_OUTER_BOUND('',#1534,.F.);
#1536=ADVANCED_FACE('',(#1535),#1523,.T.);
#1537=CARTESIAN_POINT('',(2.3E0,-2.52504E2,-3.032346281956E1));
#1538=DIRECTION('',(0.E0,1.E0,0.E0));
#1539=DIRECTION('',(1.E0,0.E0,0.E0));
#1540=AXIS2_PLACEMENT_3D('',#1537,#1538,#1539);
#1541=CYLINDRICAL_SURFACE('',#1540,2.7E0);
#1542=ORIENTED_EDGE('',*,*,#1494,.T.);
#1544=ORIENTED_EDGE('',*,*,#1543,.T.);
#1546=ORIENTED_EDGE('',*,*,#1545,.T.);
#1547=ORIENTED_EDGE('',*,*,#1507,.F.);
#1548=EDGE_LOOP('',(#1542,#1544,#1546,#1547));
#1549=FACE_OUTER_BOUND('',#1548,.F.);
#1550=ADVANCED_FACE('',(#1549),#1541,.T.);
#1551=CARTESIAN_POINT('',(2.3E0,-2.52504E2,-3.032346281956E1));
#1552=DIRECTION('',(0.E0,1.E0,0.E0));
#1553=DIRECTION('',(1.E0,0.E0,0.E0));
#1554=AXIS2_PLACEMENT_3D('',#1551,#1552,#1553);
#1555=CYLINDRICAL_SURFACE('',#1554,2.7E0);
#1556=ORIENTED_EDGE('',*,*,#1490,.T.);
#1557=ORIENTED_EDGE('',*,*,#1532,.F.);
#1559=ORIENTED_EDGE('',*,*,#1558,.T.);
#1561=ORIENTED_EDGE('',*,*,#1560,.T.);
#1562=EDGE_LOOP('',(#1556,#1557,#1559,#1561));
#1563=FACE_OUTER_BOUND('',#1562,.F.);
#1564=ADVANCED_FACE('',(#1563),#1555,.T.);
#1565=CARTESIAN_POINT('',(5.E0,0.E0,0.E0));
#1566=DIRECTION('',(1.E0,0.E0,0.E0));
#1567=DIRECTION('',(0.E0,-1.E0,0.E0));
#1568=AXIS2_PLACEMENT_3D('',#1565,#1566,#1567);
#1569=PLANE('',#1568);
#1570=ORIENTED_EDGE('',*,*,#1492,.F.);
#1571=ORIENTED_EDGE('',*,*,#1560,.F.);
#1573=ORIENTED_EDGE('',*,*,#1572,.F.);
#1575=ORIENTED_EDGE('',*,*,#1574,.T.);
#1577=ORIENTED_EDGE('',*,*,#1576,.F.);
#1579=ORIENTED_EDGE('',*,*,#1578,.F.);
#1581=ORIENTED_EDGE('',*,*,#1580,.F.);
#1583=ORIENTED_EDGE('',*,*,#1582,.F.);
#1585=ORIENTED_EDGE('',*,*,#1584,.T.);
#1587=ORIENTED_EDGE('',*,*,#1586,.F.);
#1589=ORIENTED_EDGE('',*,*,#1588,.F.);
#1591=ORIENTED_EDGE('',*,*,#1590,.T.);
#1593=ORIENTED_EDGE('',*,*,#1592,.T.);
#1595=ORIENTED_EDGE('',*,*,#1594,.F.);
#1597=ORIENTED_EDGE('',*,*,#1596,.F.);
#1598=ORIENTED_EDGE('',*,*,#1543,.F.);
#1599=EDGE_LOOP('',(#1570,#1571,#1573,#1575,#1577,#1579,#1581,#1583,#1585,#1587,
#1589,#1591,#1593,#1595,#1597,#1598));
#1600=FACE_OUTER_BOUND('',#1599,.F.);
#1602=ORIENTED_EDGE('',*,*,#1601,.F.);
#1604=ORIENTED_EDGE('',*,*,#1603,.T.);
#1606=ORIENTED_EDGE('',*,*,#1605,.T.);
#1608=ORIENTED_EDGE('',*,*,#1607,.T.);
#1609=EDGE_LOOP('',(#1602,#1604,#1606,#1608));
#1610=FACE_BOUND('',#1609,.F.);
#1612=ORIENTED_EDGE('',*,*,#1611,.F.);
#1614=ORIENTED_EDGE('',*,*,#1613,.F.);
#1616=ORIENTED_EDGE('',*,*,#1615,.F.);
#1618=ORIENTED_EDGE('',*,*,#1617,.F.);
#1619=EDGE_LOOP('',(#1612,#1614,#1616,#1618));
#1620=FACE_BOUND('',#1619,.F.);
#1622=ORIENTED_EDGE('',*,*,#1621,.T.);
#1624=ORIENTED_EDGE('',*,*,#1623,.T.);
#1626=ORIENTED_EDGE('',*,*,#1625,.T.);
#1628=ORIENTED_EDGE('',*,*,#1627,.T.);
#1629=EDGE_LOOP('',(#1622,#1624,#1626,#1628));
#1630=FACE_BOUND('',#1629,.F.);
#1631=ADVANCED_FACE('',(#1600,#1610,#1620,#1630),#1569,.T.);
#1632=CARTESIAN_POINT('',(0.E0,-7.E1,3.5E1));
#1633=DIRECTION('',(0.E0,-1.E0,0.E0));
#1634=DIRECTION('',(0.E0,0.E0,-1.E0));
#1635=AXIS2_PLACEMENT_3D('',#1632,#1633,#1634);
#1636=PLANE('',#1635);
#1638=ORIENTED_EDGE('',*,*,#1637,.F.);
#1640=ORIENTED_EDGE('',*,*,#1639,.F.);
#1642=ORIENTED_EDGE('',*,*,#1641,.F.);
#1643=ORIENTED_EDGE('',*,*,#1580,.T.);
#1645=ORIENTED_EDGE('',*,*,#1644,.T.);
#1647=ORIENTED_EDGE('',*,*,#1646,.F.);
#1649=ORIENTED_EDGE('',*,*,#1648,.F.);
#1650=ORIENTED_EDGE('',*,*,#1572,.T.);
#1651=ORIENTED_EDGE('',*,*,#1558,.F.);
#1652=ORIENTED_EDGE('',*,*,#1530,.F.);
#1653=EDGE_LOOP('',(#1638,#1640,#1642,#1643,#1645,#1647,#1649,#1650,#1651,
#1652));
#1654=FACE_OUTER_BOUND('',#1653,.F.);
#1656=ORIENTED_EDGE('',*,*,#1655,.T.);
#1658=ORIENTED_EDGE('',*,*,#1657,.T.);
#1659=EDGE_LOOP('',(#1656,#1658));
#1660=FACE_BOUND('',#1659,.F.);
#1662=ORIENTED_EDGE('',*,*,#1661,.T.);
#1664=ORIENTED_EDGE('',*,*,#1663,.T.);
#1665=EDGE_LOOP('',(#1662,#1664));
#1666=FACE_BOUND('',#1665,.F.);
#1668=ORIENTED_EDGE('',*,*,#1667,.F.);
#1670=ORIENTED_EDGE('',*,*,#1669,.F.);
#1671=EDGE_LOOP('',(#1668,#1670));
#1672=FACE_BOUND('',#1671,.F.);
#1673=ADVANCED_FACE('',(#1654,#1660,#1666,#1672),#1636,.T.);
#1674=CARTESIAN_POINT('',(-1.162177826491E1,2.52504E2,0.E0));
#1675=DIRECTION('',(0.E0,-1.E0,0.E0));
#1676=DIRECTION('',(-5.E-1,0.E0,8.660254037844E-1));
#1677=AXIS2_PLACEMENT_3D('',#1674,#1675,#1676);
#1678=CYLINDRICAL_SURFACE('',#1677,2.2E1);
#1679=ORIENTED_EDGE('',*,*,#1637,.T.);
#1680=ORIENTED_EDGE('',*,*,#1528,.F.);
#1682=ORIENTED_EDGE('',*,*,#1681,.T.);
#1684=ORIENTED_EDGE('',*,*,#1683,.T.);
#1685=EDGE_LOOP('',(#1679,#1680,#1682,#1684));
#1686=FACE_OUTER_BOUND('',#1685,.F.);
#1687=ADVANCED_FACE('',(#1686),#1678,.T.);
#1688=CARTESIAN_POINT('',(0.E0,-6.6E1,0.E0));
#1689=DIRECTION('',(0.E0,1.E0,0.E0));
#1690=DIRECTION('',(0.E0,0.E0,1.E0));
#1691=AXIS2_PLACEMENT_3D('',#1688,#1689,#1690);
#1692=PLANE('',#1691);
#1693=ORIENTED_EDGE('',*,*,#1681,.F.);
#1694=ORIENTED_EDGE('',*,*,#1526,.F.);
#1695=ORIENTED_EDGE('',*,*,#1454,.F.);
#1697=ORIENTED_EDGE('',*,*,#1696,.T.);
#1698=ORIENTED_EDGE('',*,*,#1446,.F.);
#1700=ORIENTED_EDGE('',*,*,#1699,.F.);
#1701=EDGE_LOOP('',(#1693,#1694,#1695,#1697,#1698,#1700));
#1702=FACE_OUTER_BOUND('',#1701,.F.);
#1704=ORIENTED_EDGE('',*,*,#1703,.F.);
#1706=ORIENTED_EDGE('',*,*,#1705,.F.);
#1707=EDGE_LOOP('',(#1704,#1706));
#1708=FACE_BOUND('',#1707,.F.);
#1710=ORIENTED_EDGE('',*,*,#1709,.T.);
#1712=ORIENTED_EDGE('',*,*,#1711,.T.);
#1713=EDGE_LOOP('',(#1710,#1712));
#1714=FACE_BOUND('',#1713,.F.);
#1716=ORIENTED_EDGE('',*,*,#1715,.F.);
#1718=ORIENTED_EDGE('',*,*,#1717,.F.);
#1719=EDGE_LOOP('',(#1716,#1718));
#1720=FACE_BOUND('',#1719,.F.);
#1721=ADVANCED_FACE('',(#1702,#1708,#1714,#1720),#1692,.T.);
#1722=CARTESIAN_POINT('',(-1.6E1,-6.6E1,8.5E0));
#1723=DIRECTION('',(0.E0,-1.E0,0.E0));
#1724=DIRECTION('',(0.E0,0.E0,-1.E0));
#1725=AXIS2_PLACEMENT_3D('',#1722,#1723,#1724);
#1726=CYLINDRICAL_SURFACE('',#1725,1.75E0);
#1727=ORIENTED_EDGE('',*,*,#1709,.F.);
#1729=ORIENTED_EDGE('',*,*,#1728,.T.);
#1731=ORIENTED_EDGE('',*,*,#1730,.T.);
#1733=ORIENTED_EDGE('',*,*,#1732,.F.);
#1734=EDGE_LOOP('',(#1727,#1729,#1731,#1733));
#1735=FACE_OUTER_BOUND('',#1734,.F.);
#1736=ADVANCED_FACE('',(#1735),#1726,.F.);
#1737=CARTESIAN_POINT('',(-1.6E1,-6.6E1,8.5E0));
#1738=DIRECTION('',(0.E0,-1.E0,0.E0));
#1739=DIRECTION('',(0.E0,0.E0,-1.E0));
#1740=AXIS2_PLACEMENT_3D('',#1737,#1738,#1739);
#1741=CYLINDRICAL_SURFACE('',#1740,1.75E0);
#1742=ORIENTED_EDGE('',*,*,#1711,.F.);
#1743=ORIENTED_EDGE('',*,*,#1732,.T.);
#1745=ORIENTED_EDGE('',*,*,#1744,.T.);
#1746=ORIENTED_EDGE('',*,*,#1728,.F.);
#1747=EDGE_LOOP('',(#1742,#1743,#1745,#1746));
#1748=FACE_OUTER_BOUND('',#1747,.F.);
#1749=ADVANCED_FACE('',(#1748),#1741,.F.);
#1750=CARTESIAN_POINT('',(0.E0,-6.75E1,0.E0));
#1751=DIRECTION('',(0.E0,-1.E0,0.E0));
#1752=DIRECTION('',(0.E0,0.E0,-1.E0));
#1753=AXIS2_PLACEMENT_3D('',#1750,#1751,#1752);
#1754=PLANE('',#1753);
#1756=ORIENTED_EDGE('',*,*,#1755,.F.);
#1758=ORIENTED_EDGE('',*,*,#1757,.F.);
#1759=EDGE_LOOP('',(#1756,#1758));
#1760=FACE_OUTER_BOUND('',#1759,.F.);
#1761=ORIENTED_EDGE('',*,*,#1730,.F.);
#1762=ORIENTED_EDGE('',*,*,#1744,.F.);
#1763=EDGE_LOOP('',(#1761,#1762));
#1764=FACE_BOUND('',#1763,.F.);
#1765=ADVANCED_FACE('',(#1760,#1764),#1754,.T.);
#1766=CARTESIAN_POINT('',(-1.6E1,-7.E1,8.5E0));
#1767=DIRECTION('',(0.E0,-1.E0,0.E0));
#1768=DIRECTION('',(0.E0,0.E0,-1.E0));
#1769=AXIS2_PLACEMENT_3D('',#1766,#1767,#1768);
#1770=CYLINDRICAL_SURFACE('',#1769,3.E0);
#1771=ORIENTED_EDGE('',*,*,#1755,.T.);
#1773=ORIENTED_EDGE('',*,*,#1772,.F.);
#1774=ORIENTED_EDGE('',*,*,#1661,.F.);
#1776=ORIENTED_EDGE('',*,*,#1775,.T.);
#1777=EDGE_LOOP('',(#1771,#1773,#1774,#1776));
#1778=FACE_OUTER_BOUND('',#1777,.F.);
#1779=ADVANCED_FACE('',(#1778),#1770,.F.);
#1780=CARTESIAN_POINT('',(-1.6E1,-7.E1,8.5E0));
#1781=DIRECTION('',(0.E0,-1.E0,0.E0));
#1782=DIRECTION('',(0.E0,0.E0,-1.E0));
#1783=AXIS2_PLACEMENT_3D('',#1780,#1781,#1782);
#1784=CYLINDRICAL_SURFACE('',#1783,3.E0);
#1786=ORIENTED_EDGE('',*,*,#1785,.F.);
#1788=ORIENTED_EDGE('',*,*,#1787,.T.);
#1790=ORIENTED_EDGE('',*,*,#1789,.T.);
#1792=ORIENTED_EDGE('',*,*,#1791,.F.);
#1793=EDGE_LOOP('',(#1786,#1788,#1790,#1792));
#1794=FACE_OUTER_BOUND('',#1793,.F.);
#1795=ADVANCED_FACE('',(#1794),#1784,.F.);
#1796=CARTESIAN_POINT('',(-1.6E1,-7.E1,8.5E0));
#1797=DIRECTION('',(0.E0,-1.E0,0.E0));
#1798=DIRECTION('',(0.E0,0.E0,-1.E0));
#1799=AXIS2_PLACEMENT_3D('',#1796,#1797,#1798);
#1800=CYLINDRICAL_SURFACE('',#1799,3.E0);
#1801=ORIENTED_EDGE('',*,*,#1757,.T.);
#1802=ORIENTED_EDGE('',*,*,#1775,.F.);
#1803=ORIENTED_EDGE('',*,*,#1663,.F.);
#1804=ORIENTED_EDGE('',*,*,#1772,.T.);
#1805=EDGE_LOOP('',(#1801,#1802,#1803,#1804));
#1806=FACE_OUTER_BOUND('',#1805,.F.);
#1807=ADVANCED_FACE('',(#1806),#1800,.F.);
#1808=CARTESIAN_POINT('',(-1.6E1,-7.E1,8.5E0));
#1809=DIRECTION('',(0.E0,-1.E0,0.E0));
#1810=DIRECTION('',(0.E0,0.E0,-1.E0));
#1811=AXIS2_PLACEMENT_3D('',#1808,#1809,#1810);
#1812=CYLINDRICAL_SURFACE('',#1811,3.E0);
#1814=ORIENTED_EDGE('',*,*,#1813,.F.);
#1815=ORIENTED_EDGE('',*,*,#1791,.T.);
#1817=ORIENTED_EDGE('',*,*,#1816,.T.);
#1818=ORIENTED_EDGE('',*,*,#1787,.F.);
#1819=EDGE_LOOP('',(#1814,#1815,#1817,#1818));
#1820=FACE_OUTER_BOUND('',#1819,.F.);
#1821=ADVANCED_FACE('',(#1820),#1812,.F.);
#1822=CARTESIAN_POINT('',(0.E0,6.75E1,0.E0));
#1823=DIRECTION('',(0.E0,-1.E0,0.E0));
#1824=DIRECTION('',(0.E0,0.E0,-1.E0));
#1825=AXIS2_PLACEMENT_3D('',#1822,#1823,#1824);
#1826=PLANE('',#1825);
#1827=ORIENTED_EDGE('',*,*,#1785,.T.);
#1828=ORIENTED_EDGE('',*,*,#1813,.T.);
#1829=EDGE_LOOP('',(#1827,#1828));
#1830=FACE_OUTER_BOUND('',#1829,.F.);
#1832=ORIENTED_EDGE('',*,*,#1831,.T.);
#1834=ORIENTED_EDGE('',*,*,#1833,.T.);
#1835=EDGE_LOOP('',(#1832,#1834));
#1836=FACE_BOUND('',#1835,.F.);
#1837=ADVANCED_FACE('',(#1830,#1836),#1826,.F.);
#1838=CARTESIAN_POINT('',(-1.6E1,6.6E1,8.5E0));
#1839=DIRECTION('',(0.E0,-1.E0,0.E0));
#1840=DIRECTION('',(0.E0,0.E0,-1.E0));
#1841=AXIS2_PLACEMENT_3D('',#1838,#1839,#1840);
#1842=CYLINDRICAL_SURFACE('',#1841,1.75E0);
#1844=ORIENTED_EDGE('',*,*,#1843,.T.);
#1846=ORIENTED_EDGE('',*,*,#1845,.T.);
#1847=ORIENTED_EDGE('',*,*,#1831,.F.);
#1849=ORIENTED_EDGE('',*,*,#1848,.F.);
#1850=EDGE_LOOP('',(#1844,#1846,#1847,#1849));
#1851=FACE_OUTER_BOUND('',#1850,.F.);
#1852=ADVANCED_FACE('',(#1851),#1842,.F.);
#1853=CARTESIAN_POINT('',(0.E0,6.6E1,0.E0));
#1854=DIRECTION('',(0.E0,1.E0,0.E0));
#1855=DIRECTION('',(0.E0,0.E0,1.E0));
#1856=AXIS2_PLACEMENT_3D('',#1853,#1854,#1855);
#1857=PLANE('',#1856);
#1859=ORIENTED_EDGE('',*,*,#1858,.F.);
#1860=ORIENTED_EDGE('',*,*,#1430,.T.);
#1861=ORIENTED_EDGE('',*,*,#1513,.T.);
#1863=ORIENTED_EDGE('',*,*,#1862,.F.);
#1865=ORIENTED_EDGE('',*,*,#1864,.T.);
#1866=ORIENTED_EDGE('',*,*,#1438,.T.);
#1867=EDGE_LOOP('',(#1859,#1860,#1861,#1863,#1865,#1866));
#1868=FACE_OUTER_BOUND('',#1867,.F.);
#1870=ORIENTED_EDGE('',*,*,#1869,.T.);
#1872=ORIENTED_EDGE('',*,*,#1871,.T.);
#1873=EDGE_LOOP('',(#1870,#1872));
#1874=FACE_BOUND('',#1873,.F.);
#1875=ORIENTED_EDGE('',*,*,#1843,.F.);
#1877=ORIENTED_EDGE('',*,*,#1876,.F.);
#1878=EDGE_LOOP('',(#1875,#1877));
#1879=FACE_BOUND('',#1878,.F.);
#1881=ORIENTED_EDGE('',*,*,#1880,.T.);
#1883=ORIENTED_EDGE('',*,*,#1882,.T.);
#1884=EDGE_LOOP('',(#1881,#1883));
#1885=FACE_BOUND('',#1884,.F.);
#1886=ADVANCED_FACE('',(#1868,#1874,#1879,#1885),#1857,.F.);
#1887=CARTESIAN_POINT('',(-1.6E1,6.6E1,8.5E0));
#1888=DIRECTION('',(0.E0,-1.E0,0.E0));
#1889=DIRECTION('',(0.E0,0.E0,-1.E0));
#1890=AXIS2_PLACEMENT_3D('',#1887,#1888,#1889);
#1891=CYLINDRICAL_SURFACE('',#1890,1.75E0);
#1892=ORIENTED_EDGE('',*,*,#1876,.T.);
#1893=ORIENTED_EDGE('',*,*,#1848,.T.);
#1894=ORIENTED_EDGE('',*,*,#1833,.F.);
#1895=ORIENTED_EDGE('',*,*,#1845,.F.);
#1896=EDGE_LOOP('',(#1892,#1893,#1894,#1895));
#1897=FACE_OUTER_BOUND('',#1896,.F.);
#1898=ADVANCED_FACE('',(#1897),#1891,.F.);
#1899=CARTESIAN_POINT('',(-1.6E1,6.6E1,-8.5E0));
#1900=DIRECTION('',(0.E0,1.E0,0.E0));
#1901=DIRECTION('',(0.E0,0.E0,1.E0));
#1902=AXIS2_PLACEMENT_3D('',#1899,#1900,#1901);
#1903=CYLINDRICAL_SURFACE('',#1902,1.75E0);
#1904=ORIENTED_EDGE('',*,*,#1869,.F.);
#1906=ORIENTED_EDGE('',*,*,#1905,.T.);
#1908=ORIENTED_EDGE('',*,*,#1907,.T.);
#1910=ORIENTED_EDGE('',*,*,#1909,.F.);
#1911=EDGE_LOOP('',(#1904,#1906,#1908,#1910));
#1912=FACE_OUTER_BOUND('',#1911,.F.);
#1913=ADVANCED_FACE('',(#1912),#1903,.F.);
#1914=CARTESIAN_POINT('',(-1.6E1,6.6E1,-8.5E0));
#1915=DIRECTION('',(0.E0,1.E0,0.E0));
#1916=DIRECTION('',(0.E0,0.E0,1.E0));
#1917=AXIS2_PLACEMENT_3D('',#1914,#1915,#1916);
#1918=CYLINDRICAL_SURFACE('',#1917,1.75E0);
#1919=ORIENTED_EDGE('',*,*,#1871,.F.);
#1920=ORIENTED_EDGE('',*,*,#1909,.T.);
#1922=ORIENTED_EDGE('',*,*,#1921,.T.);
#1923=ORIENTED_EDGE('',*,*,#1905,.F.);
#1924=EDGE_LOOP('',(#1919,#1920,#1922,#1923));
#1925=FACE_OUTER_BOUND('',#1924,.F.);
#1926=ADVANCED_FACE('',(#1925),#1918,.F.);
#1927=CARTESIAN_POINT('',(0.E0,6.75E1,0.E0));
#1928=DIRECTION('',(0.E0,1.E0,0.E0));
#1929=DIRECTION('',(0.E0,0.E0,1.E0));
#1930=AXIS2_PLACEMENT_3D('',#1927,#1928,#1929);
#1931=PLANE('',#1930);
#1933=ORIENTED_EDGE('',*,*,#1932,.F.);
#1935=ORIENTED_EDGE('',*,*,#1934,.F.);
#1936=EDGE_LOOP('',(#1933,#1935));
#1937=FACE_OUTER_BOUND('',#1936,.F.);
#1938=ORIENTED_EDGE('',*,*,#1907,.F.);
#1939=ORIENTED_EDGE('',*,*,#1921,.F.);
#1940=EDGE_LOOP('',(#1938,#1939));
#1941=FACE_BOUND('',#1940,.F.);
#1942=ADVANCED_FACE('',(#1937,#1941),#1931,.T.);
#1943=CARTESIAN_POINT('',(-1.6E1,-7.E1,-8.5E0));
#1944=DIRECTION('',(0.E0,1.E0,0.E0));
#1945=DIRECTION('',(0.E0,0.E0,1.E0));
#1946=AXIS2_PLACEMENT_3D('',#1943,#1944,#1945);
#1947=CYLINDRICAL_SURFACE('',#1946,3.E0);
#1949=ORIENTED_EDGE('',*,*,#1948,.F.);
#1951=ORIENTED_EDGE('',*,*,#1950,.F.);
#1952=ORIENTED_EDGE('',*,*,#1667,.T.);
#1954=ORIENTED_EDGE('',*,*,#1953,.T.);
#1955=EDGE_LOOP('',(#1949,#1951,#1952,#1954));
#1956=FACE_OUTER_BOUND('',#1955,.F.);
#1957=ADVANCED_FACE('',(#1956),#1947,.F.);
#1958=CARTESIAN_POINT('',(-1.6E1,-7.E1,-8.5E0));
#1959=DIRECTION('',(0.E0,1.E0,0.E0));
#1960=DIRECTION('',(0.E0,0.E0,1.E0));
#1961=AXIS2_PLACEMENT_3D('',#1958,#1959,#1960);
#1962=CYLINDRICAL_SURFACE('',#1961,3.E0);
#1963=ORIENTED_EDGE('',*,*,#1932,.T.);
#1965=ORIENTED_EDGE('',*,*,#1964,.T.);
#1967=ORIENTED_EDGE('',*,*,#1966,.F.);
#1969=ORIENTED_EDGE('',*,*,#1968,.F.);
#1970=EDGE_LOOP('',(#1963,#1965,#1967,#1969));
#1971=FACE_OUTER_BOUND('',#1970,.F.);
#1972=ADVANCED_FACE('',(#1971),#1962,.F.);
#1973=CARTESIAN_POINT('',(0.E0,-6.75E1,0.E0));
#1974=DIRECTION('',(0.E0,1.E0,0.E0));
#1975=DIRECTION('',(0.E0,0.E0,1.E0));
#1976=AXIS2_PLACEMENT_3D('',#1973,#1974,#1975);
#1977=PLANE('',#1976);
#1978=ORIENTED_EDGE('',*,*,#1948,.T.);
#1980=ORIENTED_EDGE('',*,*,#1979,.T.);
#1981=EDGE_LOOP('',(#1978,#1980));
#1982=FACE_OUTER_BOUND('',#1981,.F.);
#1984=ORIENTED_EDGE('',*,*,#1983,.T.);
#1986=ORIENTED_EDGE('',*,*,#1985,.T.);
#1987=EDGE_LOOP('',(#1984,#1986));
#1988=FACE_BOUND('',#1987,.F.);
#1989=ADVANCED_FACE('',(#1982,#1988),#1977,.F.);
#1990=CARTESIAN_POINT('',(-1.6E1,-6.6E1,-8.5E0));
#1991=DIRECTION('',(0.E0,1.E0,0.E0));
#1992=DIRECTION('',(0.E0,0.E0,1.E0));
#1993=AXIS2_PLACEMENT_3D('',#1990,#1991,#1992);
#1994=CYLINDRICAL_SURFACE('',#1993,1.75E0);
#1995=ORIENTED_EDGE('',*,*,#1703,.T.);
#1997=ORIENTED_EDGE('',*,*,#1996,.T.);
#1998=ORIENTED_EDGE('',*,*,#1983,.F.);
#2000=ORIENTED_EDGE('',*,*,#1999,.F.);
#2001=EDGE_LOOP('',(#1995,#1997,#1998,#2000));
#2002=FACE_OUTER_BOUND('',#2001,.F.);
#2003=ADVANCED_FACE('',(#2002),#1994,.F.);
#2004=CARTESIAN_POINT('',(-1.6E1,-6.6E1,-8.5E0));
#2005=DIRECTION('',(0.E0,1.E0,0.E0));
#2006=DIRECTION('',(0.E0,0.E0,1.E0));
#2007=AXIS2_PLACEMENT_3D('',#2004,#2005,#2006);
#2008=CYLINDRICAL_SURFACE('',#2007,1.75E0);
#2009=ORIENTED_EDGE('',*,*,#1705,.T.);
#2010=ORIENTED_EDGE('',*,*,#1999,.T.);
#2011=ORIENTED_EDGE('',*,*,#1985,.F.);
#2012=ORIENTED_EDGE('',*,*,#1996,.F.);
#2013=EDGE_LOOP('',(#2009,#2010,#2011,#2012));
#2014=FACE_OUTER_BOUND('',#2013,.F.);
#2015=ADVANCED_FACE('',(#2014),#2008,.F.);
#2016=CARTESIAN_POINT('',(-1.6E1,-7.E1,-8.5E0));
#2017=DIRECTION('',(0.E0,1.E0,0.E0));
#2018=DIRECTION('',(0.E0,0.E0,1.E0));
#2019=AXIS2_PLACEMENT_3D('',#2016,#2017,#2018);
#2020=CYLINDRICAL_SURFACE('',#2019,3.E0);
#2021=ORIENTED_EDGE('',*,*,#1979,.F.);
#2022=ORIENTED_EDGE('',*,*,#1953,.F.);
#2023=ORIENTED_EDGE('',*,*,#1669,.T.);
#2024=ORIENTED_EDGE('',*,*,#1950,.T.);
#2025=EDGE_LOOP('',(#2021,#2022,#2023,#2024));
#2026=FACE_OUTER_BOUND('',#2025,.F.);
#2027=ADVANCED_FACE('',(#2026),#2020,.F.);
#2028=CARTESIAN_POINT('',(-1.6E1,-7.E1,-8.5E0));
#2029=DIRECTION('',(0.E0,1.E0,0.E0));
#2030=DIRECTION('',(0.E0,0.E0,1.E0));
#2031=AXIS2_PLACEMENT_3D('',#2028,#2029,#2030);
#2032=CYLINDRICAL_SURFACE('',#2031,3.E0);
#2033=ORIENTED_EDGE('',*,*,#1934,.T.);
#2034=ORIENTED_EDGE('',*,*,#1968,.T.);
#2036=ORIENTED_EDGE('',*,*,#2035,.F.);
#2037=ORIENTED_EDGE('',*,*,#1964,.F.);
#2038=EDGE_LOOP('',(#2033,#2034,#2036,#2037));
#2039=FACE_OUTER_BOUND('',#2038,.F.);
#2040=ADVANCED_FACE('',(#2039),#2032,.F.);
#2041=CARTESIAN_POINT('',(0.E0,7.E1,-3.5E1));
#2042=DIRECTION('',(0.E0,1.E0,0.E0));
#2043=DIRECTION('',(0.E0,0.E0,1.E0));
#2044=AXIS2_PLACEMENT_3D('',#2041,#2042,#2043);
#2045=PLANE('',#2044);
#2046=ORIENTED_EDGE('',*,*,#1509,.F.);
#2047=ORIENTED_EDGE('',*,*,#1545,.F.);
#2048=ORIENTED_EDGE('',*,*,#1596,.T.);
#2050=ORIENTED_EDGE('',*,*,#2049,.T.);
#2052=ORIENTED_EDGE('',*,*,#2051,.T.);
#2054=ORIENTED_EDGE('',*,*,#2053,.F.);
#2055=ORIENTED_EDGE('',*,*,#1588,.T.);
#2057=ORIENTED_EDGE('',*,*,#2056,.F.);
#2059=ORIENTED_EDGE('',*,*,#2058,.F.);
#2061=ORIENTED_EDGE('',*,*,#2060,.F.);
#2062=EDGE_LOOP('',(#2046,#2047,#2048,#2050,#2052,#2054,#2055,#2057,#2059,
#2061));
#2063=FACE_OUTER_BOUND('',#2062,.F.);
#2065=ORIENTED_EDGE('',*,*,#2064,.F.);
#2067=ORIENTED_EDGE('',*,*,#2066,.F.);
#2068=EDGE_LOOP('',(#2065,#2067));
#2069=FACE_BOUND('',#2068,.F.);
#2070=ORIENTED_EDGE('',*,*,#1789,.F.);
#2071=ORIENTED_EDGE('',*,*,#1816,.F.);
#2072=EDGE_LOOP('',(#2070,#2071));
#2073=FACE_BOUND('',#2072,.F.);
#2074=ORIENTED_EDGE('',*,*,#1966,.T.);
#2075=ORIENTED_EDGE('',*,*,#2035,.T.);
#2076=EDGE_LOOP('',(#2074,#2075));
#2077=FACE_BOUND('',#2076,.F.);
#2078=ADVANCED_FACE('',(#2063,#2069,#2073,#2077),#2045,.T.);
#2079=CARTESIAN_POINT('',(5.E0,6.752380208031E1,-9.85E0));
#2080=DIRECTION('',(0.E0,0.E0,-1.E0));
#2081=DIRECTION('',(0.E0,1.E0,0.E0));
#2082=AXIS2_PLACEMENT_3D('',#2079,#2080,#2081);
#2083=PLANE('',#2082);
#2085=ORIENTED_EDGE('',*,*,#2084,.T.);
#2086=ORIENTED_EDGE('',*,*,#2049,.F.);
#2087=ORIENTED_EDGE('',*,*,#1594,.T.);
#2089=ORIENTED_EDGE('',*,*,#2088,.T.);
#2090=EDGE_LOOP('',(#2085,#2086,#2087,#2089));
#2091=FACE_OUTER_BOUND('',#2090,.F.);
#2092=ADVANCED_FACE('',(#2091),#2083,.F.);
#2093=CARTESIAN_POINT('',(0.E0,7.E1,0.E0));
#2094=DIRECTION('',(0.E0,1.E0,0.E0));
#2095=DIRECTION('',(0.E0,0.E0,1.E0));
#2096=AXIS2_PLACEMENT_3D('',#2093,#2094,#2095);
#2098=DIRECTION('',(0.E0,1.E0,0.E0));
#2099=VECTOR('',#2098,1.E0);
#2100=SURFACE_OF_LINEAR_EXTRUSION('',#2097,#2099);
#2101=ORIENTED_EDGE('',*,*,#2084,.F.);
#2103=ORIENTED_EDGE('',*,*,#2102,.T.);
#2105=ORIENTED_EDGE('',*,*,#2104,.T.);
#2106=ORIENTED_EDGE('',*,*,#1858,.T.);
#2108=ORIENTED_EDGE('',*,*,#2107,.T.);
#2110=ORIENTED_EDGE('',*,*,#2109,.T.);
#2112=ORIENTED_EDGE('',*,*,#2111,.T.);
#2113=ORIENTED_EDGE('',*,*,#2051,.F.);
#2114=EDGE_LOOP('',(#2101,#2103,#2105,#2106,#2108,#2110,#2112,#2113));
#2115=FACE_OUTER_BOUND('',#2114,.F.);
#2116=ADVANCED_FACE('',(#2115),#2100,.F.);
#2117=CARTESIAN_POINT('',(5.E0,6.752380208031E1,0.E0));
#2118=DIRECTION('',(1.E0,0.E0,0.E0));
#2119=DIRECTION('',(0.E0,-1.E0,0.E0));
#2120=AXIS2_PLACEMENT_3D('',#2117,#2118,#2119);
#2122=DIRECTION('',(1.E0,0.E0,0.E0));
#2123=VECTOR('',#2122,1.E0);
#2124=SURFACE_OF_LINEAR_EXTRUSION('',#2121,#2123);
#2125=ORIENTED_EDGE('',*,*,#2109,.F.);
#2127=ORIENTED_EDGE('',*,*,#2126,.F.);
#2128=ORIENTED_EDGE('',*,*,#1434,.T.);
#2130=ORIENTED_EDGE('',*,*,#2129,.T.);
#2131=ORIENTED_EDGE('',*,*,#2102,.F.);
#2132=ORIENTED_EDGE('',*,*,#2088,.F.);
#2133=ORIENTED_EDGE('',*,*,#1592,.F.);
#2135=ORIENTED_EDGE('',*,*,#2134,.T.);
#2136=EDGE_LOOP('',(#2125,#2127,#2128,#2130,#2131,#2132,#2133,#2135));
#2137=FACE_OUTER_BOUND('',#2136,.F.);
#2138=ADVANCED_FACE('',(#2137),#2124,.F.);
#2139=CARTESIAN_POINT('',(0.E0,6.6E1,0.E0));
#2140=DIRECTION('',(0.E0,1.E0,0.E0));
#2141=DIRECTION('',(0.E0,0.E0,1.E0));
#2142=AXIS2_PLACEMENT_3D('',#2139,#2140,#2141);
#2143=PLANE('',#2142);
#2144=ORIENTED_EDGE('',*,*,#1432,.F.);
#2145=ORIENTED_EDGE('',*,*,#2104,.F.);
#2146=ORIENTED_EDGE('',*,*,#2129,.F.);
#2147=EDGE_LOOP('',(#2144,#2145,#2146));
#2148=FACE_OUTER_BOUND('',#2147,.F.);
#2149=ADVANCED_FACE('',(#2148),#2143,.T.);
#2150=CARTESIAN_POINT('',(0.E0,6.6E1,0.E0));
#2151=DIRECTION('',(0.E0,1.E0,0.E0));
#2152=DIRECTION('',(0.E0,0.E0,1.E0));
#2153=AXIS2_PLACEMENT_3D('',#2150,#2151,#2152);
#2154=PLANE('',#2153);
#2155=ORIENTED_EDGE('',*,*,#1436,.F.);
#2156=ORIENTED_EDGE('',*,*,#2126,.T.);
#2157=ORIENTED_EDGE('',*,*,#2107,.F.);
#2158=EDGE_LOOP('',(#2155,#2156,#2157));
#2159=FACE_OUTER_BOUND('',#2158,.F.);
#2160=ADVANCED_FACE('',(#2159),#2154,.T.);
#2161=CARTESIAN_POINT('',(5.E0,7.E1,9.85E0));
#2162=DIRECTION('',(0.E0,0.E0,1.E0));
#2163=DIRECTION('',(0.E0,-1.E0,0.E0));
#2164=AXIS2_PLACEMENT_3D('',#2161,#2162,#2163);
#2165=PLANE('',#2164);
#2166=ORIENTED_EDGE('',*,*,#2111,.F.);
#2167=ORIENTED_EDGE('',*,*,#2134,.F.);
#2168=ORIENTED_EDGE('',*,*,#1590,.F.);
#2169=ORIENTED_EDGE('',*,*,#2053,.T.);
#2170=EDGE_LOOP('',(#2166,#2167,#2168,#2169));
#2171=FACE_OUTER_BOUND('',#2170,.F.);
#2172=ADVANCED_FACE('',(#2171),#2165,.F.);
#2173=CARTESIAN_POINT('',(2.3E0,2.52504E2,3.032346281956E1));
#2174=DIRECTION('',(0.E0,-1.E0,0.E0));
#2175=DIRECTION('',(1.E0,0.E0,0.E0));
#2176=AXIS2_PLACEMENT_3D('',#2173,#2174,#2175);
#2177=CYLINDRICAL_SURFACE('',#2176,2.7E0);
#2179=ORIENTED_EDGE('',*,*,#2178,.T.);
#2180=ORIENTED_EDGE('',*,*,#1582,.T.);
#2181=ORIENTED_EDGE('',*,*,#1641,.T.);
#2183=ORIENTED_EDGE('',*,*,#2182,.F.);
#2184=EDGE_LOOP('',(#2179,#2180,#2181,#2183));
#2185=FACE_OUTER_BOUND('',#2184,.F.);
#2186=ADVANCED_FACE('',(#2185),#2177,.T.);
#2187=CARTESIAN_POINT('',(2.3E0,2.52504E2,3.032346281956E1));
#2188=DIRECTION('',(0.E0,-1.E0,0.E0));
#2189=DIRECTION('',(1.E0,0.E0,0.E0));
#2190=AXIS2_PLACEMENT_3D('',#2187,#2188,#2189);
#2191=CYLINDRICAL_SURFACE('',#2190,2.7E0);
#2193=ORIENTED_EDGE('',*,*,#2192,.T.);
#2195=ORIENTED_EDGE('',*,*,#2194,.F.);
#2196=ORIENTED_EDGE('',*,*,#2056,.T.);
#2197=ORIENTED_EDGE('',*,*,#1586,.T.);
#2198=EDGE_LOOP('',(#2193,#2195,#2196,#2197));
#2199=FACE_OUTER_BOUND('',#2198,.F.);
#2200=ADVANCED_FACE('',(#2199),#2191,.T.);
#2201=CARTESIAN_POINT('',(5.E0,0.E0,3.302346281956E1));
#2202=DIRECTION('',(1.E0,0.E0,0.E0));
#2203=DIRECTION('',(0.E0,-1.E0,0.E0));
#2204=AXIS2_PLACEMENT_3D('',#2201,#2202,#2203);
#2206=DIRECTION('',(1.E0,0.E0,0.E0));
#2207=VECTOR('',#2206,1.E0);
#2208=SURFACE_OF_LINEAR_EXTRUSION('',#2205,#2207);
#2209=ORIENTED_EDGE('',*,*,#1584,.F.);
#2210=ORIENTED_EDGE('',*,*,#2178,.F.);
#2212=ORIENTED_EDGE('',*,*,#2211,.T.);
#2213=ORIENTED_EDGE('',*,*,#1442,.T.);
#2215=ORIENTED_EDGE('',*,*,#2214,.T.);
#2216=ORIENTED_EDGE('',*,*,#2192,.F.);
#2217=EDGE_LOOP('',(#2209,#2210,#2212,#2213,#2215,#2216));
#2218=FACE_OUTER_BOUND('',#2217,.F.);
#2219=ADVANCED_FACE('',(#2218),#2208,.F.);
#2220=CARTESIAN_POINT('',(-5.562177826491E1,7.E1,0.E0));
#2221=DIRECTION('',(-5.E-1,0.E0,8.660254037844E-1));
#2222=DIRECTION('',(8.660254037844E-1,0.E0,5.E-1));
#2223=AXIS2_PLACEMENT_3D('',#2220,#2221,#2222);
#2224=PLANE('',#2223);
#2225=ORIENTED_EDGE('',*,*,#2211,.F.);
#2226=ORIENTED_EDGE('',*,*,#2182,.T.);
#2227=ORIENTED_EDGE('',*,*,#1639,.T.);
#2228=ORIENTED_EDGE('',*,*,#1683,.F.);
#2229=ORIENTED_EDGE('',*,*,#1699,.T.);
#2230=ORIENTED_EDGE('',*,*,#1444,.F.);
#2231=EDGE_LOOP('',(#2225,#2226,#2227,#2228,#2229,#2230));
#2232=FACE_OUTER_BOUND('',#2231,.F.);
#2233=ADVANCED_FACE('',(#2232),#2224,.T.);
#2234=CARTESIAN_POINT('',(-5.562177826491E1,7.E1,0.E0));
#2235=DIRECTION('',(-5.E-1,0.E0,8.660254037844E-1));
#2236=DIRECTION('',(8.660254037844E-1,0.E0,5.E-1));
#2237=AXIS2_PLACEMENT_3D('',#2234,#2235,#2236);
#2238=PLANE('',#2237);
#2239=ORIENTED_EDGE('',*,*,#2214,.F.);
#2240=ORIENTED_EDGE('',*,*,#1440,.F.);
#2241=ORIENTED_EDGE('',*,*,#1864,.F.);
#2243=ORIENTED_EDGE('',*,*,#2242,.F.);
#2244=ORIENTED_EDGE('',*,*,#2058,.T.);
#2245=ORIENTED_EDGE('',*,*,#2194,.T.);
#2246=EDGE_LOOP('',(#2239,#2240,#2241,#2243,#2244,#2245));
#2247=FACE_OUTER_BOUND('',#2246,.F.);
#2248=ADVANCED_FACE('',(#2247),#2238,.T.);
#2249=CARTESIAN_POINT('',(-1.162177826491E1,2.52504E2,0.E0));
#2250=DIRECTION('',(0.E0,-1.E0,0.E0));
#2251=DIRECTION('',(-5.E-1,0.E0,8.660254037844E-1));
#2252=AXIS2_PLACEMENT_3D('',#2249,#2250,#2251);
#2253=CYLINDRICAL_SURFACE('',#2252,2.2E1);
#2254=ORIENTED_EDGE('',*,*,#1862,.T.);
#2255=ORIENTED_EDGE('',*,*,#1511,.F.);
#2256=ORIENTED_EDGE('',*,*,#2060,.T.);
#2257=ORIENTED_EDGE('',*,*,#2242,.T.);
#2258=EDGE_LOOP('',(#2254,#2255,#2256,#2257));
#2259=FACE_OUTER_BOUND('',#2258,.F.);
#2260=ADVANCED_FACE('',(#2259),#2253,.T.);
#2261=CARTESIAN_POINT('',(-1.6E1,-7.E1,0.E0));
#2262=DIRECTION('',(0.E0,-1.E0,0.E0));
#2263=DIRECTION('',(0.E0,0.E0,-1.E0));
#2264=AXIS2_PLACEMENT_3D('',#2261,#2262,#2263);
#2265=CYLINDRICAL_SURFACE('',#2264,4.E0);
#2266=ORIENTED_EDGE('',*,*,#2064,.T.);
#2268=ORIENTED_EDGE('',*,*,#2267,.F.);
#2269=ORIENTED_EDGE('',*,*,#1880,.F.);
#2271=ORIENTED_EDGE('',*,*,#2270,.T.);
#2272=EDGE_LOOP('',(#2266,#2268,#2269,#2271));
#2273=FACE_OUTER_BOUND('',#2272,.F.);
#2274=ADVANCED_FACE('',(#2273),#2265,.F.);
#2275=CARTESIAN_POINT('',(-1.6E1,-7.E1,0.E0));
#2276=DIRECTION('',(0.E0,-1.E0,0.E0));
#2277=DIRECTION('',(0.E0,0.E0,-1.E0));
#2278=AXIS2_PLACEMENT_3D('',#2275,#2276,#2277);
#2279=CYLINDRICAL_SURFACE('',#2278,4.E0);
#2280=ORIENTED_EDGE('',*,*,#1655,.F.);
#2282=ORIENTED_EDGE('',*,*,#2281,.T.);
#2283=ORIENTED_EDGE('',*,*,#1715,.T.);
#2285=ORIENTED_EDGE('',*,*,#2284,.F.);
#2286=EDGE_LOOP('',(#2280,#2282,#2283,#2285));
#2287=FACE_OUTER_BOUND('',#2286,.F.);
#2288=ADVANCED_FACE('',(#2287),#2279,.F.);
#2289=CARTESIAN_POINT('',(-1.6E1,-7.E1,0.E0));
#2290=DIRECTION('',(0.E0,-1.E0,0.E0));
#2291=DIRECTION('',(0.E0,0.E0,-1.E0));
#2292=AXIS2_PLACEMENT_3D('',#2289,#2290,#2291);
#2293=CYLINDRICAL_SURFACE('',#2292,4.E0);
#2294=ORIENTED_EDGE('',*,*,#2066,.T.);
#2295=ORIENTED_EDGE('',*,*,#2270,.F.);
#2296=ORIENTED_EDGE('',*,*,#1882,.F.);
#2297=ORIENTED_EDGE('',*,*,#2267,.T.);
#2298=EDGE_LOOP('',(#2294,#2295,#2296,#2297));
#2299=FACE_OUTER_BOUND('',#2298,.F.);
#2300=ADVANCED_FACE('',(#2299),#2293,.F.);
#2301=CARTESIAN_POINT('',(-1.6E1,-7.E1,0.E0));
#2302=DIRECTION('',(0.E0,-1.E0,0.E0));
#2303=DIRECTION('',(0.E0,0.E0,-1.E0));
#2304=AXIS2_PLACEMENT_3D('',#2301,#2302,#2303);
#2305=CYLINDRICAL_SURFACE('',#2304,4.E0);
#2306=ORIENTED_EDGE('',*,*,#1657,.F.);
#2307=ORIENTED_EDGE('',*,*,#2284,.T.);
#2308=ORIENTED_EDGE('',*,*,#1717,.T.);
#2309=ORIENTED_EDGE('',*,*,#2281,.F.);
#2310=EDGE_LOOP('',(#2306,#2307,#2308,#2309));
#2311=FACE_OUTER_BOUND('',#2310,.F.);
#2312=ADVANCED_FACE('',(#2311),#2305,.F.);
#2313=CARTESIAN_POINT('',(0.E0,-7.E1,0.E0));
#2314=DIRECTION('',(0.E0,-1.E0,0.E0));
#2315=DIRECTION('',(0.E0,0.E0,1.E0));
#2316=AXIS2_PLACEMENT_3D('',#2313,#2314,#2315);
#2318=DIRECTION('',(0.E0,1.E0,0.E0));
#2319=VECTOR('',#2318,1.E0);
#2320=SURFACE_OF_LINEAR_EXTRUSION('',#2317,#2319);
#2321=ORIENTED_EDGE('',*,*,#1696,.F.);
#2323=ORIENTED_EDGE('',*,*,#2322,.F.);
#2325=ORIENTED_EDGE('',*,*,#2324,.T.);
#2327=ORIENTED_EDGE('',*,*,#2326,.F.);
#2328=ORIENTED_EDGE('',*,*,#1646,.T.);
#2330=ORIENTED_EDGE('',*,*,#2329,.T.);
#2332=ORIENTED_EDGE('',*,*,#2331,.T.);
#2334=ORIENTED_EDGE('',*,*,#2333,.F.);
#2335=EDGE_LOOP('',(#2321,#2323,#2325,#2327,#2328,#2330,#2332,#2334));
#2336=FACE_OUTER_BOUND('',#2335,.F.);
#2337=ADVANCED_FACE('',(#2336),#2320,.F.);
#2338=CARTESIAN_POINT('',(0.E0,-6.6E1,0.E0));
#2339=DIRECTION('',(0.E0,1.E0,0.E0));
#2340=DIRECTION('',(0.E0,0.E0,1.E0));
#2341=AXIS2_PLACEMENT_3D('',#2338,#2339,#2340);
#2342=PLANE('',#2341);
#2343=ORIENTED_EDGE('',*,*,#1452,.T.);
#2345=ORIENTED_EDGE('',*,*,#2344,.F.);
#2346=ORIENTED_EDGE('',*,*,#2322,.T.);
#2347=EDGE_LOOP('',(#2343,#2345,#2346));
#2348=FACE_OUTER_BOUND('',#2347,.F.);
#2349=ADVANCED_FACE('',(#2348),#2342,.F.);
#2350=CARTESIAN_POINT('',(0.E0,-6.6E1,0.E0));
#2351=DIRECTION('',(0.E0,1.E0,0.E0));
#2352=DIRECTION('',(0.E0,0.E0,1.E0));
#2353=AXIS2_PLACEMENT_3D('',#2350,#2351,#2352);
#2354=PLANE('',#2353);
#2355=ORIENTED_EDGE('',*,*,#1448,.T.);
#2356=ORIENTED_EDGE('',*,*,#2333,.T.);
#2358=ORIENTED_EDGE('',*,*,#2357,.T.);
#2359=EDGE_LOOP('',(#2355,#2356,#2358));
#2360=FACE_OUTER_BOUND('',#2359,.F.);
#2361=ADVANCED_FACE('',(#2360),#2354,.F.);
#2362=CARTESIAN_POINT('',(5.E0,-6.752380208031E1,0.E0));
#2363=DIRECTION('',(1.E0,0.E0,0.E0));
#2364=DIRECTION('',(0.E0,1.E0,0.E0));
#2365=AXIS2_PLACEMENT_3D('',#2362,#2363,#2364);
#2367=DIRECTION('',(-1.E0,0.E0,0.E0));
#2368=VECTOR('',#2367,1.E0);
#2369=SURFACE_OF_LINEAR_EXTRUSION('',#2366,#2368);
#2370=ORIENTED_EDGE('',*,*,#2331,.F.);
#2372=ORIENTED_EDGE('',*,*,#2371,.F.);
#2373=ORIENTED_EDGE('',*,*,#1576,.T.);
#2375=ORIENTED_EDGE('',*,*,#2374,.T.);
#2376=ORIENTED_EDGE('',*,*,#2324,.F.);
#2377=ORIENTED_EDGE('',*,*,#2344,.T.);
#2378=ORIENTED_EDGE('',*,*,#1450,.F.);
#2379=ORIENTED_EDGE('',*,*,#2357,.F.);
#2380=EDGE_LOOP('',(#2370,#2372,#2373,#2375,#2376,#2377,#2378,#2379));
#2381=FACE_OUTER_BOUND('',#2380,.F.);
#2382=ADVANCED_FACE('',(#2381),#2369,.F.);
#2383=CARTESIAN_POINT('',(5.E0,-7.E1,9.85E0));
#2384=DIRECTION('',(0.E0,0.E0,-1.E0));
#2385=DIRECTION('',(0.E0,1.E0,0.E0));
#2386=AXIS2_PLACEMENT_3D('',#2383,#2384,#2385);
#2387=PLANE('',#2386);
#2388=ORIENTED_EDGE('',*,*,#2329,.F.);
#2389=ORIENTED_EDGE('',*,*,#1644,.F.);
#2390=ORIENTED_EDGE('',*,*,#1578,.T.);
#2391=ORIENTED_EDGE('',*,*,#2371,.T.);
#2392=EDGE_LOOP('',(#2388,#2389,#2390,#2391));
#2393=FACE_OUTER_BOUND('',#2392,.F.);
#2394=ADVANCED_FACE('',(#2393),#2387,.T.);
#2395=CARTESIAN_POINT('',(5.E0,-6.752380208031E1,-9.85E0));
#2396=DIRECTION('',(0.E0,0.E0,1.E0));
#2397=DIRECTION('',(0.E0,-1.E0,0.E0));
#2398=AXIS2_PLACEMENT_3D('',#2395,#2396,#2397);
#2399=PLANE('',#2398);
#2400=ORIENTED_EDGE('',*,*,#2326,.T.);
#2401=ORIENTED_EDGE('',*,*,#2374,.F.);
#2402=ORIENTED_EDGE('',*,*,#1574,.F.);
#2403=ORIENTED_EDGE('',*,*,#1648,.T.);
#2404=EDGE_LOOP('',(#2400,#2401,#2402,#2403));
#2405=FACE_OUTER_BOUND('',#2404,.F.);
#2406=ADVANCED_FACE('',(#2405),#2399,.T.);
#2407=CARTESIAN_POINT('',(5.E0,5.2E1,-7.7E0));
#2408=DIRECTION('',(0.E0,1.E0,0.E0));
#2409=DIRECTION('',(0.E0,0.E0,1.E0));
#2410=AXIS2_PLACEMENT_3D('',#2407,#2408,#2409);
#2411=PLANE('',#2410);
#2412=ORIENTED_EDGE('',*,*,#1601,.T.);
#2414=ORIENTED_EDGE('',*,*,#2413,.T.);
#2416=ORIENTED_EDGE('',*,*,#2415,.T.);
#2418=ORIENTED_EDGE('',*,*,#2417,.F.);
#2419=EDGE_LOOP('',(#2412,#2414,#2416,#2418));
#2420=FACE_OUTER_BOUND('',#2419,.F.);
#2421=ADVANCED_FACE('',(#2420),#2411,.F.);
#2422=CARTESIAN_POINT('',(5.E0,4.8E1,-7.7E0));
#2423=DIRECTION('',(0.E0,0.E0,-1.E0));
#2424=DIRECTION('',(0.E0,1.E0,0.E0));
#2425=AXIS2_PLACEMENT_3D('',#2422,#2423,#2424);
#2426=PLANE('',#2425);
#2427=ORIENTED_EDGE('',*,*,#1607,.F.);
#2429=ORIENTED_EDGE('',*,*,#2428,.T.);
#2431=ORIENTED_EDGE('',*,*,#2430,.T.);
#2432=ORIENTED_EDGE('',*,*,#2413,.F.);
#2433=EDGE_LOOP('',(#2427,#2429,#2431,#2432));
#2434=FACE_OUTER_BOUND('',#2433,.F.);
#2435=ADVANCED_FACE('',(#2434),#2426,.F.);
#2436=CARTESIAN_POINT('',(5.E0,4.8E1,2.33E1));
#2437=DIRECTION('',(0.E0,-1.E0,0.E0));
#2438=DIRECTION('',(0.E0,0.E0,-1.E0));
#2439=AXIS2_PLACEMENT_3D('',#2436,#2437,#2438);
#2440=PLANE('',#2439);
#2441=ORIENTED_EDGE('',*,*,#1605,.F.);
#2443=ORIENTED_EDGE('',*,*,#2442,.T.);
#2445=ORIENTED_EDGE('',*,*,#2444,.T.);
#2446=ORIENTED_EDGE('',*,*,#2428,.F.);
#2447=EDGE_LOOP('',(#2441,#2443,#2445,#2446));
#2448=FACE_OUTER_BOUND('',#2447,.F.);
#2449=ADVANCED_FACE('',(#2448),#2440,.F.);
#2450=CARTESIAN_POINT('',(5.E0,5.2E1,2.33E1));
#2451=DIRECTION('',(0.E0,0.E0,1.E0));
#2452=DIRECTION('',(0.E0,-1.E0,0.E0));
#2453=AXIS2_PLACEMENT_3D('',#2450,#2451,#2452);
#2454=PLANE('',#2453);
#2455=ORIENTED_EDGE('',*,*,#1603,.F.);
#2456=ORIENTED_EDGE('',*,*,#2417,.T.);
#2458=ORIENTED_EDGE('',*,*,#2457,.T.);
#2459=ORIENTED_EDGE('',*,*,#2442,.F.);
#2460=EDGE_LOOP('',(#2455,#2456,#2458,#2459));
#2461=FACE_OUTER_BOUND('',#2460,.F.);
#2462=ADVANCED_FACE('',(#2461),#2454,.F.);
#2463=CARTESIAN_POINT('',(2.E0,0.E0,0.E0));
#2464=DIRECTION('',(1.E0,0.E0,0.E0));
#2465=DIRECTION('',(0.E0,-1.E0,0.E0));
#2466=AXIS2_PLACEMENT_3D('',#2463,#2464,#2465);
#2467=PLANE('',#2466);
#2468=ORIENTED_EDGE('',*,*,#2415,.F.);
#2469=ORIENTED_EDGE('',*,*,#2430,.F.);
#2470=ORIENTED_EDGE('',*,*,#2444,.F.);
#2471=ORIENTED_EDGE('',*,*,#2457,.F.);
#2472=EDGE_LOOP('',(#2468,#2469,#2470,#2471));
#2473=FACE_OUTER_BOUND('',#2472,.F.);
#2474=ADVANCED_FACE('',(#2473),#2467,.T.);
#2475=CARTESIAN_POINT('',(5.E0,-5.2E1,-7.7E0));
#2476=DIRECTION('',(0.E0,1.E0,0.E0));
#2477=DIRECTION('',(0.E0,0.E0,1.E0));
#2478=AXIS2_PLACEMENT_3D('',#2475,#2476,#2477);
#2479=PLANE('',#2478);
#2481=ORIENTED_EDGE('',*,*,#2480,.T.);
#2483=ORIENTED_EDGE('',*,*,#2482,.F.);
#2485=ORIENTED_EDGE('',*,*,#2484,.F.);
#2486=ORIENTED_EDGE('',*,*,#1611,.T.);
#2487=EDGE_LOOP('',(#2481,#2483,#2485,#2486));
#2488=FACE_OUTER_BOUND('',#2487,.F.);
#2489=ADVANCED_FACE('',(#2488),#2479,.T.);
#2490=CARTESIAN_POINT('',(5.E0,-5.2E1,2.33E1));
#2491=DIRECTION('',(0.E0,0.E0,-1.E0));
#2492=DIRECTION('',(0.E0,1.E0,0.E0));
#2493=AXIS2_PLACEMENT_3D('',#2490,#2491,#2492);
#2494=PLANE('',#2493);
#2495=ORIENTED_EDGE('',*,*,#2480,.F.);
#2496=ORIENTED_EDGE('',*,*,#1617,.T.);
#2498=ORIENTED_EDGE('',*,*,#2497,.T.);
#2500=ORIENTED_EDGE('',*,*,#2499,.F.);
#2501=EDGE_LOOP('',(#2495,#2496,#2498,#2500));
#2502=FACE_OUTER_BOUND('',#2501,.F.);
#2503=ADVANCED_FACE('',(#2502),#2494,.T.);
#2504=CARTESIAN_POINT('',(5.E0,-4.8E1,2.33E1));
#2505=DIRECTION('',(0.E0,-1.E0,0.E0));
#2506=DIRECTION('',(0.E0,0.E0,-1.E0));
#2507=AXIS2_PLACEMENT_3D('',#2504,#2505,#2506);
#2508=PLANE('',#2507);
#2510=ORIENTED_EDGE('',*,*,#2509,.T.);
#2512=ORIENTED_EDGE('',*,*,#2511,.F.);
#2513=ORIENTED_EDGE('',*,*,#2497,.F.);
#2514=ORIENTED_EDGE('',*,*,#1615,.T.);
#2515=EDGE_LOOP('',(#2510,#2512,#2513,#2514));
#2516=FACE_OUTER_BOUND('',#2515,.F.);
#2517=ADVANCED_FACE('',(#2516),#2508,.T.);
#2518=CARTESIAN_POINT('',(5.E0,-4.8E1,-7.7E0));
#2519=DIRECTION('',(0.E0,0.E0,1.E0));
#2520=DIRECTION('',(0.E0,-1.E0,0.E0));
#2521=AXIS2_PLACEMENT_3D('',#2518,#2519,#2520);
#2522=PLANE('',#2521);
#2523=ORIENTED_EDGE('',*,*,#2509,.F.);
#2524=ORIENTED_EDGE('',*,*,#1613,.T.);
#2525=ORIENTED_EDGE('',*,*,#2484,.T.);
#2527=ORIENTED_EDGE('',*,*,#2526,.F.);
#2528=EDGE_LOOP('',(#2523,#2524,#2525,#2527));
#2529=FACE_OUTER_BOUND('',#2528,.F.);
#2530=ADVANCED_FACE('',(#2529),#2522,.T.);
#2531=CARTESIAN_POINT('',(2.E0,0.E0,0.E0));
#2532=DIRECTION('',(-1.E0,0.E0,0.E0));
#2533=DIRECTION('',(0.E0,1.E0,0.E0));
#2534=AXIS2_PLACEMENT_3D('',#2531,#2532,#2533);
#2535=PLANE('',#2534);
#2536=ORIENTED_EDGE('',*,*,#2482,.T.);
#2537=ORIENTED_EDGE('',*,*,#2499,.T.);
#2538=ORIENTED_EDGE('',*,*,#2511,.T.);
#2539=ORIENTED_EDGE('',*,*,#2526,.T.);
#2540=EDGE_LOOP('',(#2536,#2537,#2538,#2539));
#2541=FACE_OUTER_BOUND('',#2540,.F.);
#2542=ADVANCED_FACE('',(#2541),#2535,.F.);
#2543=CARTESIAN_POINT('',(5.E0,3.5E1,-2.5E1));
#2544=DIRECTION('',(0.E0,1.E0,0.E0));
#2545=DIRECTION('',(0.E0,0.E0,1.E0));
#2546=AXIS2_PLACEMENT_3D('',#2543,#2544,#2545);
#2547=PLANE('',#2546);
#2548=ORIENTED_EDGE('',*,*,#1621,.F.);
#2550=ORIENTED_EDGE('',*,*,#2549,.T.);
#2552=ORIENTED_EDGE('',*,*,#2551,.T.);
#2554=ORIENTED_EDGE('',*,*,#2553,.F.);
#2555=EDGE_LOOP('',(#2548,#2550,#2552,#2554));
#2556=FACE_OUTER_BOUND('',#2555,.F.);
#2557=ADVANCED_FACE('',(#2556),#2547,.F.);
#2558=CARTESIAN_POINT('',(5.E0,-3.5E1,-2.5E1));
#2559=DIRECTION('',(0.E0,0.E0,-1.E0));
#2560=DIRECTION('',(0.E0,1.E0,0.E0));
#2561=AXIS2_PLACEMENT_3D('',#2558,#2559,#2560);
#2562=PLANE('',#2561);
#2563=ORIENTED_EDGE('',*,*,#1627,.F.);
#2565=ORIENTED_EDGE('',*,*,#2564,.T.);
#2567=ORIENTED_EDGE('',*,*,#2566,.T.);
#2568=ORIENTED_EDGE('',*,*,#2549,.F.);
#2569=EDGE_LOOP('',(#2563,#2565,#2567,#2568));
#2570=FACE_OUTER_BOUND('',#2569,.F.);
#2571=ADVANCED_FACE('',(#2570),#2562,.F.);
#2572=CARTESIAN_POINT('',(5.E0,-3.5E1,1.5E1));
#2573=DIRECTION('',(0.E0,-1.E0,0.E0));
#2574=DIRECTION('',(0.E0,0.E0,-1.E0));
#2575=AXIS2_PLACEMENT_3D('',#2572,#2573,#2574);
#2576=PLANE('',#2575);
#2577=ORIENTED_EDGE('',*,*,#1625,.F.);
#2579=ORIENTED_EDGE('',*,*,#2578,.T.);
#2581=ORIENTED_EDGE('',*,*,#2580,.T.);
#2582=ORIENTED_EDGE('',*,*,#2564,.F.);
#2583=EDGE_LOOP('',(#2577,#2579,#2581,#2582));
#2584=FACE_OUTER_BOUND('',#2583,.F.);
#2585=ADVANCED_FACE('',(#2584),#2576,.F.);
#2586=CARTESIAN_POINT('',(5.E0,3.5E1,1.5E1));
#2587=DIRECTION('',(0.E0,0.E0,1.E0));
#2588=DIRECTION('',(0.E0,-1.E0,0.E0));
#2589=AXIS2_PLACEMENT_3D('',#2586,#2587,#2588);
#2590=PLANE('',#2589);
#2591=ORIENTED_EDGE('',*,*,#1623,.F.);
#2592=ORIENTED_EDGE('',*,*,#2553,.T.);
#2594=ORIENTED_EDGE('',*,*,#2593,.T.);
#2595=ORIENTED_EDGE('',*,*,#2578,.F.);
#2596=EDGE_LOOP('',(#2591,#2592,#2594,#2595));
#2597=FACE_OUTER_BOUND('',#2596,.F.);
#2598=ADVANCED_FACE('',(#2597),#2590,.F.);
#2599=CARTESIAN_POINT('',(2.E0,0.E0,0.E0));
#2600=DIRECTION('',(1.E0,0.E0,0.E0));
#2601=DIRECTION('',(0.E0,-1.E0,0.E0));
#2602=AXIS2_PLACEMENT_3D('',#2599,#2600,#2601);
#2603=PLANE('',#2602);
#2604=ORIENTED_EDGE('',*,*,#2551,.F.);
#2605=ORIENTED_EDGE('',*,*,#2566,.F.);
#2606=ORIENTED_EDGE('',*,*,#2580,.F.);
#2607=ORIENTED_EDGE('',*,*,#2593,.F.);
#2608=EDGE_LOOP('',(#2604,#2605,#2606,#2607));
#2609=FACE_OUTER_BOUND('',#2608,.F.);
#2611=ORIENTED_EDGE('',*,*,#2610,.T.);
#2613=ORIENTED_EDGE('',*,*,#2612,.F.);
#2615=ORIENTED_EDGE('',*,*,#2614,.T.);
#2617=ORIENTED_EDGE('',*,*,#2616,.F.);
#2619=ORIENTED_EDGE('',*,*,#2618,.T.);
#2621=ORIENTED_EDGE('',*,*,#2620,.F.);
#2623=ORIENTED_EDGE('',*,*,#2622,.T.);
#2625=ORIENTED_EDGE('',*,*,#2624,.F.);
#2626=EDGE_LOOP('',(#2611,#2613,#2615,#2617,#2619,#2621,#2623,#2625));
#2627=FACE_BOUND('',#2626,.F.);
#2628=ADVANCED_FACE('',(#2609,#2627),#2603,.T.);
#2629=CARTESIAN_POINT('',(5.E0,-3.E1,-3.E0));
#2630=DIRECTION('',(0.E0,0.E0,-1.E0));
#2631=DIRECTION('',(0.E0,1.E0,0.E0));
#2632=AXIS2_PLACEMENT_3D('',#2629,#2630,#2631);
#2633=PLANE('',#2632);
#2634=ORIENTED_EDGE('',*,*,#2610,.F.);
#2636=ORIENTED_EDGE('',*,*,#2635,.T.);
#2637=ORIENTED_EDGE('',*,*,#1460,.T.);
#2639=ORIENTED_EDGE('',*,*,#2638,.F.);
#2640=EDGE_LOOP('',(#2634,#2636,#2637,#2639));
#2641=FACE_OUTER_BOUND('',#2640,.F.);
#2642=ADVANCED_FACE('',(#2641),#2633,.F.);
#2643=CARTESIAN_POINT('',(7.491904883652E1,-2.8E1,-1.E0));
#2644=DIRECTION('',(-1.E0,0.E0,0.E0));
#2645=DIRECTION('',(0.E0,0.E0,-1.E0));
#2646=AXIS2_PLACEMENT_3D('',#2643,#2644,#2645);
#2647=CYLINDRICAL_SURFACE('',#2646,2.E0);
#2648=ORIENTED_EDGE('',*,*,#2624,.T.);
#2650=ORIENTED_EDGE('',*,*,#2649,.T.);
#2651=ORIENTED_EDGE('',*,*,#1462,.T.);
#2652=ORIENTED_EDGE('',*,*,#2635,.F.);
#2653=EDGE_LOOP('',(#2648,#2650,#2651,#2652));
#2654=FACE_OUTER_BOUND('',#2653,.F.);
#2655=ADVANCED_FACE('',(#2654),#2647,.F.);
#2656=CARTESIAN_POINT('',(5.E0,-3.E1,3.E0));
#2657=DIRECTION('',(0.E0,-1.E0,0.E0));
#2658=DIRECTION('',(0.E0,0.E0,-1.E0));
#2659=AXIS2_PLACEMENT_3D('',#2656,#2657,#2658);
#2660=PLANE('',#2659);
#2661=ORIENTED_EDGE('',*,*,#2622,.F.);
#2663=ORIENTED_EDGE('',*,*,#2662,.T.);
#2664=ORIENTED_EDGE('',*,*,#1464,.T.);
#2665=ORIENTED_EDGE('',*,*,#2649,.F.);
#2666=EDGE_LOOP('',(#2661,#2663,#2664,#2665));
#2667=FACE_OUTER_BOUND('',#2666,.F.);
#2668=ADVANCED_FACE('',(#2667),#2660,.F.);
#2669=CARTESIAN_POINT('',(7.491904883652E1,-2.8E1,1.E0));
#2670=DIRECTION('',(-1.E0,0.E0,0.E0));
#2671=DIRECTION('',(0.E0,-1.E0,0.E0));
#2672=AXIS2_PLACEMENT_3D('',#2669,#2670,#2671);
#2673=CYLINDRICAL_SURFACE('',#2672,2.E0);
#2674=ORIENTED_EDGE('',*,*,#2620,.T.);
#2676=ORIENTED_EDGE('',*,*,#2675,.T.);
#2677=ORIENTED_EDGE('',*,*,#1466,.T.);
#2678=ORIENTED_EDGE('',*,*,#2662,.F.);
#2679=EDGE_LOOP('',(#2674,#2676,#2677,#2678));
#2680=FACE_OUTER_BOUND('',#2679,.F.);
#2681=ADVANCED_FACE('',(#2680),#2673,.F.);
#2682=CARTESIAN_POINT('',(5.E0,3.E1,3.E0));
#2683=DIRECTION('',(0.E0,0.E0,1.E0));
#2684=DIRECTION('',(0.E0,-1.E0,0.E0));
#2685=AXIS2_PLACEMENT_3D('',#2682,#2683,#2684);
#2686=PLANE('',#2685);
#2687=ORIENTED_EDGE('',*,*,#2618,.F.);
#2689=ORIENTED_EDGE('',*,*,#2688,.T.);
#2690=ORIENTED_EDGE('',*,*,#1468,.T.);
#2691=ORIENTED_EDGE('',*,*,#2675,.F.);
#2692=EDGE_LOOP('',(#2687,#2689,#2690,#2691));
#2693=FACE_OUTER_BOUND('',#2692,.F.);
#2694=ADVANCED_FACE('',(#2693),#2686,.F.);
#2695=CARTESIAN_POINT('',(7.491904883652E1,2.8E1,1.E0));
#2696=DIRECTION('',(-1.E0,0.E0,0.E0));
#2697=DIRECTION('',(0.E0,0.E0,1.E0));
#2698=AXIS2_PLACEMENT_3D('',#2695,#2696,#2697);
#2699=CYLINDRICAL_SURFACE('',#2698,2.E0);
#2700=ORIENTED_EDGE('',*,*,#2616,.T.);
#2702=ORIENTED_EDGE('',*,*,#2701,.T.);
#2703=ORIENTED_EDGE('',*,*,#1470,.T.);
#2704=ORIENTED_EDGE('',*,*,#2688,.F.);
#2705=EDGE_LOOP('',(#2700,#2702,#2703,#2704));
#2706=FACE_OUTER_BOUND('',#2705,.F.);
#2707=ADVANCED_FACE('',(#2706),#2699,.F.);
#2708=CARTESIAN_POINT('',(5.E0,3.E1,-3.E0));
#2709=DIRECTION('',(0.E0,1.E0,0.E0));
#2710=DIRECTION('',(0.E0,0.E0,1.E0));
#2711=AXIS2_PLACEMENT_3D('',#2708,#2709,#2710);
#2712=PLANE('',#2711);
#2713=ORIENTED_EDGE('',*,*,#2614,.F.);
#2715=ORIENTED_EDGE('',*,*,#2714,.T.);
#2716=ORIENTED_EDGE('',*,*,#1472,.T.);
#2717=ORIENTED_EDGE('',*,*,#2701,.F.);
#2718=EDGE_LOOP('',(#2713,#2715,#2716,#2717));
#2719=FACE_OUTER_BOUND('',#2718,.F.);
#2720=ADVANCED_FACE('',(#2719),#2712,.F.);
#2721=CARTESIAN_POINT('',(7.491904883652E1,2.8E1,-1.E0));
#2722=DIRECTION('',(-1.E0,0.E0,0.E0));
#2723=DIRECTION('',(0.E0,1.E0,0.E0));
#2724=AXIS2_PLACEMENT_3D('',#2721,#2722,#2723);
#2725=CYLINDRICAL_SURFACE('',#2724,2.E0);
#2726=ORIENTED_EDGE('',*,*,#2612,.T.);
#2727=ORIENTED_EDGE('',*,*,#2638,.T.);
#2728=ORIENTED_EDGE('',*,*,#1474,.T.);
#2729=ORIENTED_EDGE('',*,*,#2714,.F.);
#2730=EDGE_LOOP('',(#2726,#2727,#2728,#2729));
#2731=FACE_OUTER_BOUND('',#2730,.F.);
#2732=ADVANCED_FACE('',(#2731),#2725,.F.);
#2736=DIMENSIONAL_EXPONENTS(0.E0,0.E0,0.E0,0.E0,0.E0,0.E0,0.E0);
#2738=PLANE_ANGLE_MEASURE_WITH_UNIT(PLANE_ANGLE_MEASURE(1.745329251994E-2),
#2737);
#2739=(CONVERSION_BASED_UNIT('DEGREE',#2738)NAMED_UNIT(*)PLANE_ANGLE_UNIT());
#2741=UNCERTAINTY_MEASURE_WITH_UNIT(LENGTH_MEASURE(1.678473891518E-2),#2735,
'closure',
'Maximum model space distance between geometric entities at asserted connectivities');
#2742=(GEOMETRIC_REPRESENTATION_CONTEXT(3)GLOBAL_UNCERTAINTY_ASSIGNED_CONTEXT((
#2741))GLOBAL_UNIT_ASSIGNED_CONTEXT((#2735,#2739,#2740))REPRESENTATION_CONTEXT(
'ID1','3'));
#2744=APPLICATION_CONTEXT(
'CONFIGURATION CONTROLLED 3D DESIGNS OF MECHANICAL PARTS AND ASSEMBLIES');
#2745=APPLICATION_PROTOCOL_DEFINITION('international standard',
'config_control_design',1994,#2744);
#2746=DESIGN_CONTEXT('',#2744,'design');
#2747=MECHANICAL_CONTEXT('',#2744,'mechanical');
#2748=PRODUCT('V1','V1','NOT SPECIFIED',(#2747));
#2749=PRODUCT_DEFINITION_FORMATION_WITH_SPECIFIED_SOURCE('5','LAST_VERSION',
#2748,.MADE.);
#2753=PRODUCT_CATEGORY('part','');
#2754=PRODUCT_RELATED_PRODUCT_CATEGORY('detail','',(#2748));
#2755=PRODUCT_CATEGORY_RELATIONSHIP('','',#2753,#2754);
#2756=SECURITY_CLASSIFICATION_LEVEL('unclassified');
#2757=SECURITY_CLASSIFICATION('','',#2756);
#2758=CC_DESIGN_SECURITY_CLASSIFICATION(#2757,(#2749));
#2759=APPROVAL_STATUS('approved');
#2760=APPROVAL(#2759,'');
#2761=CC_DESIGN_APPROVAL(#2760,(#2757,#2749,#2750));
#2762=CALENDAR_DATE(126,13,8);
#2763=COORDINATED_UNIVERSAL_TIME_OFFSET(8,0,.AHEAD.);
#2764=LOCAL_TIME(21,24,4.E0,#2763);
#2765=DATE_AND_TIME(#2762,#2764);
#2766=APPROVAL_DATE_TIME(#2765,#2760);
#2767=DATE_TIME_ROLE('creation_date');
#2768=CC_DESIGN_DATE_AND_TIME_ASSIGNMENT(#2765,#2767,(#2750));
#2769=DATE_TIME_ROLE('classification_date');
#2770=CC_DESIGN_DATE_AND_TIME_ASSIGNMENT(#2765,#2769,(#2757));
#2771=PERSON('UNSPECIFIED','UNSPECIFIED',$,$,$,$);
#2772=ORGANIZATION('UNSPECIFIED','UNSPECIFIED','UNSPECIFIED');
#2773=PERSON_AND_ORGANIZATION(#2771,#2772);
#2774=APPROVAL_ROLE('approver');
#2775=APPROVAL_PERSON_ORGANIZATION(#2773,#2760,#2774);
#2776=PERSON_AND_ORGANIZATION_ROLE('creator');
#2777=CC_DESIGN_PERSON_AND_ORGANIZATION_ASSIGNMENT(#2773,#2776,(#2749,#2750));
#2778=PERSON_AND_ORGANIZATION_ROLE('design_supplier');
#2779=CC_DESIGN_PERSON_AND_ORGANIZATION_ASSIGNMENT(#2773,#2778,(#2749));
#2780=PERSON_AND_ORGANIZATION_ROLE('classification_officer');
#2781=CC_DESIGN_PERSON_AND_ORGANIZATION_ASSIGNMENT(#2773,#2780,(#2757));
#2782=PERSON_AND_ORGANIZATION_ROLE('design_owner');
#2783=CC_DESIGN_PERSON_AND_ORGANIZATION_ASSIGNMENT(#2773,#2782,(#2748));
#32=B_SPLINE_CURVE_WITH_KNOTS('',3,(#1,#2,#3,#4,#5,#6,#7,#8,#9,#10,#11,#12,#13,
#14,#15,#16,#17,#18,#19,#20,#21,#22,#23,#24,#25,#26,#27,#28,#29,#30,#31),
.UNSPECIFIED.,.F.,.F.,(4,1,1,1,1,1,1,1,1,1,1,1,1,1,1,1,1,1,1,1,1,1,1,1,1,1,1,1,
4),(0.E0,7.8125E-3,1.5625E-2,3.125E-2,4.6875E-2,6.25E-2,9.375E-2,1.25E-1,
1.5625E-1,1.875E-1,2.5E-1,3.125E-1,3.75E-1,4.375E-1,5.E-1,5.625E-1,6.25E-1,
6.875E-1,7.5E-1,8.125E-1,8.4375E-1,8.75E-1,9.0625E-1,9.375E-1,9.53125E-1,
9.6875E-1,9.84375E-1,9.921875E-1,1.E0),.UNSPECIFIED.);
#76=B_SPLINE_CURVE_WITH_KNOTS('',3,(#45,#46,#47,#48,#49,#50,#51,#52,#53,#54,#55,
#56,#57,#58,#59,#60,#61,#62,#63,#64,#65,#66,#67,#68,#69,#70,#71,#72,#73,#74,
#75),.UNSPECIFIED.,.F.,.F.,(4,1,1,1,1,1,1,1,1,1,1,1,1,1,1,1,1,1,1,1,1,1,1,1,1,1,
1,1,4),(0.E0,7.8125E-3,1.5625E-2,3.125E-2,4.6875E-2,6.25E-2,9.375E-2,1.25E-1,
1.5625E-1,1.875E-1,2.5E-1,3.125E-1,3.75E-1,4.375E-1,5.E-1,5.625E-1,6.25E-1,
6.875E-1,7.5E-1,8.125E-1,8.4375E-1,8.75E-1,9.0625E-1,9.375E-1,9.53125E-1,
9.6875E-1,9.84375E-1,9.921875E-1,1.E0),.UNSPECIFIED.);
#120=B_SPLINE_CURVE_WITH_KNOTS('',3,(#89,#90,#91,#92,#93,#94,#95,#96,#97,#98,
#99,#100,#101,#102,#103,#104,#105,#106,#107,#108,#109,#110,#111,#112,#113,#114,
#115,#116,#117,#118,#119),.UNSPECIFIED.,.F.,.F.,(4,1,1,1,1,1,1,1,1,1,1,1,1,1,1,
1,1,1,1,1,1,1,1,1,1,1,1,1,4),(0.E0,7.8125E-3,1.5625E-2,3.125E-2,4.6875E-2,
6.25E-2,9.375E-2,1.25E-1,1.5625E-1,1.875E-1,2.5E-1,3.125E-1,3.75E-1,4.375E-1,
5.E-1,5.625E-1,6.25E-1,6.875E-1,7.5E-1,8.125E-1,8.4375E-1,8.75E-1,9.0625E-1,
9.375E-1,9.53125E-1,9.6875E-1,9.84375E-1,9.921875E-1,1.E0),.UNSPECIFIED.);
#164=B_SPLINE_CURVE_WITH_KNOTS('',3,(#133,#134,#135,#136,#137,#138,#139,#140,
#141,#142,#143,#144,#145,#146,#147,#148,#149,#150,#151,#152,#153,#154,#155,#156,
#157,#158,#159,#160,#161,#162,#163),.UNSPECIFIED.,.F.,.F.,(4,1,1,1,1,1,1,1,1,1,
1,1,1,1,1,1,1,1,1,1,1,1,1,1,1,1,1,1,4),(0.E0,7.8125E-3,1.5625E-2,3.125E-2,
4.6875E-2,6.25E-2,9.375E-2,1.25E-1,1.5625E-1,1.875E-1,2.5E-1,3.125E-1,3.75E-1,
4.375E-1,5.E-1,5.625E-1,6.25E-1,6.875E-1,7.5E-1,8.125E-1,8.4375E-1,8.75E-1,
9.0625E-1,9.375E-1,9.53125E-1,9.6875E-1,9.84375E-1,9.921875E-1,1.E0),
.UNSPECIFIED.);
#197=B_SPLINE_CURVE_WITH_KNOTS('',3,(#193,#194,#195,#196),.UNSPECIFIED.,.F.,.F.,
(4,4),(0.E0,1.E0),.UNSPECIFIED.);
#214=B_SPLINE_CURVE_WITH_KNOTS('',3,(#210,#211,#212,#213),.UNSPECIFIED.,.F.,.F.,
(4,4),(0.E0,1.E0),.UNSPECIFIED.);
#243=B_SPLINE_CURVE_WITH_KNOTS('',3,(#227,#228,#229,#230,#231,#232,#233,#234,
#235,#236,#237,#238,#239,#240,#241,#242),.UNSPECIFIED.,.F.,.F.,(4,1,1,1,1,1,1,1,
1,1,1,1,1,4),(0.E0,7.692307692308E-2,1.538461538462E-1,2.307692307692E-1,
3.076923076923E-1,3.846153846154E-1,4.615384615385E-1,5.384615384615E-1,
6.153846153846E-1,6.923076923077E-1,7.692307692308E-1,8.461538461538E-1,
9.230769230769E-1,1.E0),.UNSPECIFIED.);
#260=B_SPLINE_CURVE_WITH_KNOTS('',3,(#244,#245,#246,#247,#248,#249,#250,#251,
#252,#253,#254,#255,#256,#257,#258,#259),.UNSPECIFIED.,.F.,.F.,(4,1,1,1,1,1,1,1,
1,1,1,1,1,4),(0.E0,7.692307692308E-2,1.538461538462E-1,2.307692307692E-1,
3.076923076923E-1,3.846153846154E-1,4.615384615385E-1,5.384615384615E-1,
6.153846153846E-1,6.923076923077E-1,7.692307692308E-1,8.461538461538E-1,
9.230769230769E-1,1.E0),.UNSPECIFIED.);
#274=B_SPLINE_CURVE_WITH_KNOTS('',3,(#261,#262,#263,#264,#265,#266,#267,#268,
#269,#270,#271,#272,#273),.UNSPECIFIED.,.F.,.F.,(4,1,1,1,1,1,1,1,1,1,4),(0.E0,
6.25E-2,1.25E-1,2.5E-1,3.75E-1,5.E-1,6.25E-1,7.5E-1,8.75E-1,9.375E-1,1.E0),
.UNSPECIFIED.);
#300=B_SPLINE_CURVE_WITH_KNOTS('',3,(#287,#288,#289,#290,#291,#292,#293,#294,
#295,#296,#297,#298,#299),.UNSPECIFIED.,.F.,.F.,(4,1,1,1,1,1,1,1,1,1,4),(0.E0,
1.25E-1,2.5E-1,3.75E-1,4.375E-1,5.E-1,5.625E-1,6.25E-1,7.5E-1,8.75E-1,1.E0),
.UNSPECIFIED.);
#326=B_SPLINE_CURVE_WITH_KNOTS('',3,(#313,#314,#315,#316,#317,#318,#319,#320,
#321,#322,#323,#324,#325),.UNSPECIFIED.,.F.,.F.,(4,1,1,1,1,1,1,1,1,1,4),(0.E0,
6.25E-2,1.25E-1,2.5E-1,3.75E-1,5.E-1,6.25E-1,7.5E-1,8.75E-1,9.375E-1,1.E0),
.UNSPECIFIED.);
#352=B_SPLINE_CURVE_WITH_KNOTS('',3,(#339,#340,#341,#342,#343,#344,#345,#346,
#347,#348,#349,#350,#351),.UNSPECIFIED.,.F.,.F.,(4,1,1,1,1,1,1,1,1,1,4),(0.E0,
1.25E-1,2.5E-1,3.75E-1,4.375E-1,5.E-1,5.625E-1,6.25E-1,7.5E-1,8.75E-1,1.E0),
.UNSPECIFIED.);
#417=CIRCLE('',#416,2.2E1);
#422=CIRCLE('',#421,2.7E0);
#440=B_SPLINE_CURVE_WITH_KNOTS('',3,(#427,#428,#429,#430,#431,#432,#433,#434,
#435,#436,#437,#438,#439),.UNSPECIFIED.,.F.,.F.,(4,1,1,1,1,1,1,1,1,1,4),(0.E0,
1.25E-1,2.5E-1,3.75E-1,4.375E-1,5.E-1,5.625E-1,6.25E-1,7.5E-1,8.75E-1,1.E0),
.UNSPECIFIED.);
#449=CIRCLE('',#448,2.7E0);
#454=CIRCLE('',#453,4.E0);
#459=CIRCLE('',#458,4.E0);
#464=CIRCLE('',#463,3.E0);
#469=CIRCLE('',#468,3.E0);
#474=CIRCLE('',#473,3.E0);
#479=CIRCLE('',#478,3.E0);
#484=CIRCLE('',#483,1.75E0);
#489=CIRCLE('',#488,1.75E0);
#494=CIRCLE('',#493,1.75E0);
#499=CIRCLE('',#498,1.75E0);
#504=CIRCLE('',#503,2.2E1);
#522=B_SPLINE_CURVE_WITH_KNOTS('',3,(#509,#510,#511,#512,#513,#514,#515,#516,
#517,#518,#519,#520,#521),.UNSPECIFIED.,.F.,.F.,(4,1,1,1,1,1,1,1,1,1,4),(0.E0,
1.25E-1,2.5E-1,3.75E-1,4.375E-1,5.E-1,5.625E-1,6.25E-1,7.5E-1,8.75E-1,1.E0),
.UNSPECIFIED.);
#531=CIRCLE('',#530,4.E0);
#536=CIRCLE('',#535,4.E0);
#549=CIRCLE('',#548,1.75E0);
#554=CIRCLE('',#553,1.75E0);
#559=CIRCLE('',#558,3.E0);
#568=CIRCLE('',#567,3.E0);
#577=CIRCLE('',#576,3.E0);
#586=CIRCLE('',#585,3.E0);
#595=CIRCLE('',#594,1.75E0);
#600=CIRCLE('',#599,1.75E0);
#609=CIRCLE('',#608,1.75E0);
#614=CIRCLE('',#613,1.75E0);
#619=CIRCLE('',#618,1.75E0);
#624=CIRCLE('',#623,1.75E0);
#638=B_SPLINE_CURVE_WITH_KNOTS('',3,(#625,#626,#627,#628,#629,#630,#631,#632,
#633,#634,#635,#636,#637),.UNSPECIFIED.,.F.,.F.,(4,1,1,1,1,1,1,1,1,1,4),(0.E0,
1.25E-1,2.5E-1,3.75E-1,4.375E-1,5.E-1,5.625E-1,6.25E-1,7.5E-1,8.75E-1,1.E0),
.UNSPECIFIED.);
#647=CIRCLE('',#646,2.2E1);
#656=CIRCLE('',#655,4.E0);
#661=CIRCLE('',#660,4.E0);
#678=CIRCLE('',#677,1.75E0);
#683=CIRCLE('',#682,1.75E0);
#688=CIRCLE('',#687,3.E0);
#697=CIRCLE('',#696,3.E0);
#706=CIRCLE('',#705,1.75E0);
#711=CIRCLE('',#710,1.75E0);
#724=CIRCLE('',#723,3.E0);
#733=CIRCLE('',#732,3.E0);
#742=CIRCLE('',#741,2.7E0);
#760=B_SPLINE_CURVE_WITH_KNOTS('',3,(#747,#748,#749,#750,#751,#752,#753,#754,
#755,#756,#757,#758,#759),.UNSPECIFIED.,.F.,.F.,(4,1,1,1,1,1,1,1,1,1,4),(0.E0,
1.25E-1,2.5E-1,3.75E-1,4.375E-1,5.E-1,5.625E-1,6.25E-1,7.5E-1,8.75E-1,1.E0),
.UNSPECIFIED.);
#769=CIRCLE('',#768,2.7E0);
#774=CIRCLE('',#773,2.2E1);
#779=CIRCLE('',#778,4.E0);
#784=CIRCLE('',#783,4.E0);
#789=CIRCLE('',#788,3.E0);
#794=CIRCLE('',#793,3.E0);
#799=CIRCLE('',#798,3.E0);
#804=CIRCLE('',#803,3.E0);
#819=B_SPLINE_CURVE_WITH_KNOTS('',3,(#813,#814,#815,#816,#817,#818),
.UNSPECIFIED.,.F.,.F.,(4,1,1,4),(0.E0,3.333333333333E-1,6.666666666667E-1,1.E0),
.UNSPECIFIED.);
#834=B_SPLINE_CURVE_WITH_KNOTS('',3,(#828,#829,#830,#831,#832,#833),
.UNSPECIFIED.,.F.,.F.,(4,1,1,4),(0.E0,3.333333333333E-1,6.666666666667E-1,1.E0),
.UNSPECIFIED.);
#843=B_SPLINE_CURVE_WITH_KNOTS('',3,(#839,#840,#841,#842),.UNSPECIFIED.,.F.,.F.,
(4,4),(0.E0,1.E0),.UNSPECIFIED.);
#848=B_SPLINE_CURVE_WITH_KNOTS('',3,(#844,#845,#846,#847),.UNSPECIFIED.,.F.,.F.,
(4,4),(0.E0,1.E0),.UNSPECIFIED.);
#869=B_SPLINE_CURVE_WITH_KNOTS('',3,(#853,#854,#855,#856,#857,#858,#859,#860,
#861,#862,#863,#864,#865,#866,#867,#868),.UNSPECIFIED.,.F.,.F.,(4,1,1,1,1,1,1,1,
1,1,1,1,1,4),(0.E0,7.692307692308E-2,1.538461538462E-1,2.307692307692E-1,
3.076923076923E-1,3.846153846154E-1,4.615384615385E-1,5.384615384615E-1,
6.153846153846E-1,6.923076923077E-1,7.692307692308E-1,8.461538461538E-1,
9.230769230769E-1,1.E0),.UNSPECIFIED.);
#886=B_SPLINE_CURVE_WITH_KNOTS('',3,(#870,#871,#872,#873,#874,#875,#876,#877,
#878,#879,#880,#881,#882,#883,#884,#885),.UNSPECIFIED.,.F.,.F.,(4,1,1,1,1,1,1,1,
1,1,1,1,1,4),(0.E0,7.692307692308E-2,1.538461538462E-1,2.307692307692E-1,
3.076923076923E-1,3.846153846154E-1,4.615384615385E-1,5.384615384615E-1,
6.153846153846E-1,6.923076923077E-1,7.692307692308E-1,8.461538461538E-1,
9.230769230769E-1,1.E0),.UNSPECIFIED.);
#891=B_SPLINE_CURVE_WITH_KNOTS('',3,(#887,#888,#889,#890),.UNSPECIFIED.,.F.,.F.,
(4,4),(0.E0,1.E0),.UNSPECIFIED.);
#908=B_SPLINE_CURVE_WITH_KNOTS('',3,(#904,#905,#906,#907),.UNSPECIFIED.,.F.,.F.,
(4,4),(0.E0,1.E0),.UNSPECIFIED.);
#941=B_SPLINE_CURVE_WITH_KNOTS('',3,(#937,#938,#939,#940),.UNSPECIFIED.,.F.,.F.,
(4,4),(0.E0,1.E0),.UNSPECIFIED.);
#946=B_SPLINE_CURVE_WITH_KNOTS('',3,(#942,#943,#944,#945),.UNSPECIFIED.,.F.,.F.,
(4,4),(0.E0,1.E0),.UNSPECIFIED.);
#953=B_SPLINE_CURVE_WITH_KNOTS('',3,(#947,#948,#949,#950,#951,#952),
.UNSPECIFIED.,.F.,.F.,(4,1,1,4),(0.E0,3.333333333333E-1,6.666666666667E-1,1.E0),
.UNSPECIFIED.);
#964=B_SPLINE_CURVE_WITH_KNOTS('',3,(#958,#959,#960,#961,#962,#963),
.UNSPECIFIED.,.F.,.F.,(4,1,1,4),(0.E0,3.333333333333E-1,6.666666666667E-1,1.E0),
.UNSPECIFIED.);
#1097=CIRCLE('',#1096,2.E0);
#1102=CIRCLE('',#1101,2.E0);
#1119=CIRCLE('',#1118,2.E0);
#1124=CIRCLE('',#1123,2.E0);
#1141=CIRCLE('',#1140,2.E0);
#1146=CIRCLE('',#1145,2.E0);
#1163=CIRCLE('',#1162,2.E0);
#1168=CIRCLE('',#1167,2.E0);
#1426=EDGE_CURVE('',#1247,#1248,#32,.T.);
#1428=EDGE_CURVE('',#1178,#1248,#36,.T.);
#1430=EDGE_CURVE('',#1195,#1178,#40,.T.);
#1432=EDGE_CURVE('',#1195,#1366,#44,.T.);
#1434=EDGE_CURVE('',#1368,#1366,#76,.T.);
#1436=EDGE_CURVE('',#1368,#1196,#80,.T.);
#1438=EDGE_CURVE('',#1180,#1196,#84,.T.);
#1440=EDGE_CURVE('',#1180,#1240,#88,.T.);
#1442=EDGE_CURVE('',#1239,#1240,#120,.T.);
#1444=EDGE_CURVE('',#1239,#1246,#124,.T.);
#1446=EDGE_CURVE('',#1246,#1206,#128,.T.);
#1448=EDGE_CURVE('',#1372,#1206,#132,.T.);
#1450=EDGE_CURVE('',#1372,#1370,#164,.T.);
#1452=EDGE_CURVE('',#1205,#1370,#168,.T.);
#1454=EDGE_CURVE('',#1205,#1244,#172,.T.);
#1456=EDGE_CURVE('',#1247,#1244,#176,.T.);
#1460=EDGE_CURVE('',#1255,#1256,#180,.T.);
#1462=EDGE_CURVE('',#1268,#1255,#1102,.T.);
#1464=EDGE_CURVE('',#1267,#1268,#184,.T.);
#1466=EDGE_CURVE('',#1264,#1267,#1124,.T.);
#1468=EDGE_CURVE('',#1263,#1264,#188,.T.);
#1470=EDGE_CURVE('',#1260,#1263,#1146,.T.);
#1472=EDGE_CURVE('',#1259,#1260,#192,.T.);
#1474=EDGE_CURVE('',#1256,#1259,#1168,.T.);
#1483=ELLIPSE('',#1482,5.E1,6.E0);
#1488=EDGE_CURVE('',#1247,#1252,#214,.T.);
#1490=EDGE_CURVE('',#1249,#1252,#260,.T.);
#1492=EDGE_CURVE('',#1249,#1250,#274,.T.);
#1494=EDGE_CURVE('',#1251,#1250,#243,.T.);
#1496=EDGE_CURVE('',#1251,#1248,#197,.T.);
#1507=EDGE_CURVE('',#1251,#1224,#201,.T.);
#1509=EDGE_CURVE('',#1224,#1174,#205,.T.);
#1511=EDGE_CURVE('',#1174,#1172,#209,.T.);
#1513=EDGE_CURVE('',#1178,#1172,#642,.T.);
#1526=EDGE_CURVE('',#1244,#1232,#508,.T.);
#1528=EDGE_CURVE('',#1232,#1230,#218,.T.);
#1530=EDGE_CURVE('',#1230,#1221,#222,.T.);
#1532=EDGE_CURVE('',#1221,#1252,#226,.T.);
#1543=EDGE_CURVE('',#1250,#1226,#364,.T.);
#1545=EDGE_CURVE('',#1226,#1224,#742,.T.);
#1558=EDGE_CURVE('',#1221,#1222,#449,.T.);
#1560=EDGE_CURVE('',#1222,#1249,#278,.T.);
#1572=EDGE_CURVE('',#1190,#1222,#282,.T.);
#1574=EDGE_CURVE('',#1190,#1188,#286,.T.);
#1576=EDGE_CURVE('',#1187,#1188,#300,.T.);
#1578=EDGE_CURVE('',#1192,#1187,#304,.T.);
#1580=EDGE_CURVE('',#1218,#1192,#308,.T.);
#1582=EDGE_CURVE('',#1237,#1218,#312,.T.);
#1584=EDGE_CURVE('',#1237,#1238,#326,.T.);
#1586=EDGE_CURVE('',#1216,#1238,#330,.T.);
#1588=EDGE_CURVE('',#1186,#1216,#334,.T.);
#1590=EDGE_CURVE('',#1186,#1181,#338,.T.);
#1592=EDGE_CURVE('',#1181,#1182,#352,.T.);
#1594=EDGE_CURVE('',#1184,#1182,#356,.T.);
#1596=EDGE_CURVE('',#1226,#1184,#360,.T.);
#1601=EDGE_CURVE('',#1359,#1360,#368,.T.);
#1603=EDGE_CURVE('',#1359,#1363,#372,.T.);
#1605=EDGE_CURVE('',#1363,#1364,#376,.T.);
#1607=EDGE_CURVE('',#1364,#1360,#380,.T.);
#1611=EDGE_CURVE('',#1388,#1384,#384,.T.);
#1613=EDGE_CURVE('',#1382,#1388,#388,.T.);
#1615=EDGE_CURVE('',#1386,#1382,#392,.T.);
#1617=EDGE_CURVE('',#1384,#1386,#396,.T.);
#1621=EDGE_CURVE('',#1399,#1400,#400,.T.);
#1623=EDGE_CURVE('',#1400,#1402,#404,.T.);
#1625=EDGE_CURVE('',#1402,#1404,#408,.T.);
#1627=EDGE_CURVE('',#1404,#1399,#412,.T.);
#1637=EDGE_CURVE('',#1229,#1230,#417,.T.);
#1639=EDGE_CURVE('',#1236,#1229,#899,.T.);
#1641=EDGE_CURVE('',#1218,#1236,#422,.T.);
#1644=EDGE_CURVE('',#1192,#1204,#426,.T.);
#1646=EDGE_CURVE('',#1203,#1204,#440,.T.);
#1648=EDGE_CURVE('',#1190,#1203,#444,.T.);
#1655=EDGE_CURVE('',#1275,#1276,#454,.T.);
#1657=EDGE_CURVE('',#1276,#1275,#459,.T.);
#1661=EDGE_CURVE('',#1291,#1292,#464,.T.);
#1663=EDGE_CURVE('',#1292,#1291,#469,.T.);
#1667=EDGE_CURVE('',#1299,#1300,#474,.T.);
#1669=EDGE_CURVE('',#1300,#1299,#479,.T.);
#1681=EDGE_CURVE('',#1232,#1234,#504,.T.);
#1683=EDGE_CURVE('',#1234,#1229,#903,.T.);
#1696=EDGE_CURVE('',#1205,#1206,#522,.T.);
#1699=EDGE_CURVE('',#1234,#1246,#526,.T.);
#1703=EDGE_CURVE('',#1303,#1304,#494,.T.);
#1705=EDGE_CURVE('',#1304,#1303,#499,.T.);
#1709=EDGE_CURVE('',#1327,#1328,#484,.T.);
#1711=EDGE_CURVE('',#1328,#1327,#489,.T.);
#1715=EDGE_CURVE('',#1283,#1284,#531,.T.);
#1717=EDGE_CURVE('',#1284,#1283,#536,.T.);
#1728=EDGE_CURVE('',#1327,#1331,#540,.T.);
#1730=EDGE_CURVE('',#1331,#1332,#549,.T.);
#1732=EDGE_CURVE('',#1328,#1332,#544,.T.);
#1744=EDGE_CURVE('',#1332,#1331,#554,.T.);
#1755=EDGE_CURVE('',#1343,#1344,#559,.T.);
#1757=EDGE_CURVE('',#1344,#1343,#577,.T.);
#1772=EDGE_CURVE('',#1292,#1344,#581,.T.);
#1775=EDGE_CURVE('',#1291,#1343,#563,.T.);
#1785=EDGE_CURVE('',#1347,#1348,#568,.T.);
#1787=EDGE_CURVE('',#1347,#1287,#572,.T.);
#1789=EDGE_CURVE('',#1287,#1288,#789,.T.);
#1791=EDGE_CURVE('',#1348,#1288,#590,.T.);
#1813=EDGE_CURVE('',#1348,#1347,#586,.T.);
#1816=EDGE_CURVE('',#1288,#1287,#794,.T.);
#1831=EDGE_CURVE('',#1339,#1340,#595,.T.);
#1833=EDGE_CURVE('',#1340,#1339,#600,.T.);
#1843=EDGE_CURVE('',#1335,#1336,#609,.T.);
#1845=EDGE_CURVE('',#1336,#1340,#665,.T.);
#1848=EDGE_CURVE('',#1335,#1339,#604,.T.);
#1858=EDGE_CURVE('',#1195,#1196,#638,.T.);
#1862=EDGE_CURVE('',#1171,#1172,#647,.T.);
#1864=EDGE_CURVE('',#1171,#1180,#651,.T.);
#1869=EDGE_CURVE('',#1315,#1316,#619,.T.);
#1871=EDGE_CURVE('',#1316,#1315,#624,.T.);
#1876=EDGE_CURVE('',#1336,#1335,#614,.T.);
#1880=EDGE_CURVE('',#1279,#1280,#656,.T.);
#1882=EDGE_CURVE('',#1280,#1279,#661,.T.);
#1905=EDGE_CURVE('',#1315,#1319,#669,.T.);
#1907=EDGE_CURVE('',#1319,#1320,#678,.T.);
#1909=EDGE_CURVE('',#1316,#1320,#673,.T.);
#1921=EDGE_CURVE('',#1320,#1319,#683,.T.);
#1932=EDGE_CURVE('',#1323,#1324,#697,.T.);
#1934=EDGE_CURVE('',#1324,#1323,#733,.T.);
#1948=EDGE_CURVE('',#1311,#1312,#688,.T.);
#1950=EDGE_CURVE('',#1299,#1311,#692,.T.);
#1953=EDGE_CURVE('',#1300,#1312,#728,.T.);
#1964=EDGE_CURVE('',#1324,#1296,#737,.T.);
#1966=EDGE_CURVE('',#1295,#1296,#799,.T.);
#1968=EDGE_CURVE('',#1323,#1295,#701,.T.);
#1979=EDGE_CURVE('',#1312,#1311,#724,.T.);
#1983=EDGE_CURVE('',#1307,#1308,#706,.T.);
#1985=EDGE_CURVE('',#1308,#1307,#711,.T.);
#1996=EDGE_CURVE('',#1304,#1308,#719,.T.);
#1999=EDGE_CURVE('',#1303,#1307,#715,.T.);
#2035=EDGE_CURVE('',#1296,#1295,#804,.T.);
#2049=EDGE_CURVE('',#1184,#1193,#746,.T.);
#2051=EDGE_CURVE('',#1193,#1194,#760,.T.);
#2053=EDGE_CURVE('',#1186,#1194,#764,.T.);
#2056=EDGE_CURVE('',#1215,#1216,#769,.T.);
#2058=EDGE_CURVE('',#1176,#1215,#916,.T.);
#2060=EDGE_CURVE('',#1174,#1176,#774,.T.);
#2064=EDGE_CURVE('',#1271,#1272,#779,.T.);
#2066=EDGE_CURVE('',#1272,#1271,#784,.T.);
#2084=EDGE_CURVE('',#1200,#1193,#808,.T.);
#2088=EDGE_CURVE('',#1182,#1200,#812,.T.);
#2097=ELLIPSE('',#2096,9.85E0,4.E0);
#2102=EDGE_CURVE('',#1200,#1202,#834,.T.);
#2104=EDGE_CURVE('',#1202,#1195,#843,.T.);
#2107=EDGE_CURVE('',#1196,#1201,#848,.T.);
#2109=EDGE_CURVE('',#1201,#1198,#819,.T.);
#2111=EDGE_CURVE('',#1198,#1194,#852,.T.);
#2121=ELLIPSE('',#2120,9.E0,9.85E0);
#2126=EDGE_CURVE('',#1368,#1201,#823,.T.);
#2129=EDGE_CURVE('',#1366,#1202,#827,.T.);
#2134=EDGE_CURVE('',#1181,#1198,#838,.T.);
#2178=EDGE_CURVE('',#1241,#1237,#869,.T.);
#2182=EDGE_CURVE('',#1241,#1236,#895,.T.);
#2192=EDGE_CURVE('',#1238,#1242,#886,.T.);
#2194=EDGE_CURVE('',#1215,#1242,#920,.T.);
#2205=ELLIPSE('',#2204,5.E1,6.E0);
#2211=EDGE_CURVE('',#1241,#1239,#891,.T.);
#2214=EDGE_CURVE('',#1240,#1242,#908,.T.);
#2242=EDGE_CURVE('',#1176,#1171,#912,.T.);
#2267=EDGE_CURVE('',#1280,#1272,#932,.T.);
#2270=EDGE_CURVE('',#1279,#1271,#924,.T.);
#2281=EDGE_CURVE('',#1275,#1283,#928,.T.);
#2284=EDGE_CURVE('',#1276,#1284,#936,.T.);
#2317=ELLIPSE('',#2316,9.85E0,4.E0);
#2322=EDGE_CURVE('',#1212,#1205,#941,.T.);
#2324=EDGE_CURVE('',#1212,#1210,#964,.T.);
#2326=EDGE_CURVE('',#1203,#1210,#980,.T.);
#2329=EDGE_CURVE('',#1204,#1208,#976,.T.);
#2331=EDGE_CURVE('',#1208,#1211,#953,.T.);
#2333=EDGE_CURVE('',#1206,#1211,#946,.T.);
#2344=EDGE_CURVE('',#1212,#1370,#968,.T.);
#2357=EDGE_CURVE('',#1211,#1372,#972,.T.);
#2366=ELLIPSE('',#2365,9.E0,9.85E0);
#2371=EDGE_CURVE('',#1187,#1208,#957,.T.);
#2374=EDGE_CURVE('',#1188,#1210,#984,.T.);
#2413=EDGE_CURVE('',#1360,#1351,#988,.T.);
#2415=EDGE_CURVE('',#1351,#1352,#1004,.T.);
#2417=EDGE_CURVE('',#1359,#1352,#1000,.T.);
#2428=EDGE_CURVE('',#1364,#1356,#992,.T.);
#2430=EDGE_CURVE('',#1356,#1351,#1008,.T.);
#2442=EDGE_CURVE('',#1363,#1354,#996,.T.);
#2444=EDGE_CURVE('',#1354,#1356,#1012,.T.);
#2457=EDGE_CURVE('',#1352,#1354,#1016,.T.);
#2480=EDGE_CURVE('',#1384,#1376,#1024,.T.);
#2482=EDGE_CURVE('',#1375,#1376,#1036,.T.);
#2484=EDGE_CURVE('',#1388,#1375,#1020,.T.);
#2497=EDGE_CURVE('',#1386,#1378,#1028,.T.);
#2499=EDGE_CURVE('',#1376,#1378,#1040,.T.);
#2509=EDGE_CURVE('',#1382,#1380,#1032,.T.);
#2511=EDGE_CURVE('',#1378,#1380,#1044,.T.);
#2526=EDGE_CURVE('',#1380,#1375,#1048,.T.);
#2549=EDGE_CURVE('',#1399,#1391,#1052,.T.);
#2551=EDGE_CURVE('',#1391,#1392,#1068,.T.);
#2553=EDGE_CURVE('',#1400,#1392,#1064,.T.);
#2564=EDGE_CURVE('',#1404,#1396,#1056,.T.);
#2566=EDGE_CURVE('',#1396,#1391,#1072,.T.);
#2578=EDGE_CURVE('',#1402,#1394,#1060,.T.);
#2580=EDGE_CURVE('',#1394,#1396,#1076,.T.);
#2593=EDGE_CURVE('',#1392,#1394,#1080,.T.);
#2610=EDGE_CURVE('',#1407,#1408,#1084,.T.);
#2612=EDGE_CURVE('',#1411,#1408,#1163,.T.);
#2614=EDGE_CURVE('',#1411,#1412,#1150,.T.);
#2616=EDGE_CURVE('',#1415,#1412,#1141,.T.);
#2618=EDGE_CURVE('',#1415,#1416,#1128,.T.);
#2620=EDGE_CURVE('',#1419,#1416,#1119,.T.);
#2622=EDGE_CURVE('',#1419,#1420,#1106,.T.);
#2624=EDGE_CURVE('',#1407,#1420,#1097,.T.);
#2635=EDGE_CURVE('',#1407,#1255,#1088,.T.);
#2638=EDGE_CURVE('',#1408,#1256,#1092,.T.);
#2649=EDGE_CURVE('',#1420,#1268,#1114,.T.);
#2662=EDGE_CURVE('',#1419,#1267,#1110,.T.);
#2675=EDGE_CURVE('',#1416,#1264,#1136,.T.);
#2688=EDGE_CURVE('',#1415,#1263,#1132,.T.);
#2701=EDGE_CURVE('',#1412,#1260,#1158,.T.);
#2714=EDGE_CURVE('',#1411,#1259,#1154,.T.);
#2733=CLOSED_SHELL('',(#1478,#1500,#1518,#1536,#1550,#1564,#1631,#1673,#1687,
#1721,#1736,#1749,#1765,#1779,#1795,#1807,#1821,#1837,#1852,#1886,#1898,#1913,
#1926,#1942,#1957,#1972,#1989,#2003,#2015,#2027,#2040,#2078,#2092,#2116,#2138,
#2149,#2160,#2172,#2186,#2200,#2219,#2233,#2248,#2260,#2274,#2288,#2300,#2312,
#2337,#2349,#2361,#2382,#2394,#2406,#2421,#2435,#2449,#2462,#2474,#2489,#2503,
#2517,#2530,#2542,#2557,#2571,#2585,#2598,#2628,#2642,#2655,#2668,#2681,#2694,
#2707,#2720,#2732));
#2734=MANIFOLD_SOLID_BREP('',#2733);
#2735=(LENGTH_UNIT()NAMED_UNIT(*)SI_UNIT(.MILLI.,.METRE.));
#2737=(NAMED_UNIT(*)PLANE_ANGLE_UNIT()SI_UNIT($,.RADIAN.));
#2740=(NAMED_UNIT(*)SI_UNIT($,.STERADIAN.)SOLID_ANGLE_UNIT());
#2743=ADVANCED_BREP_SHAPE_REPRESENTATION('',(#2734),#2742);
#2750=PRODUCT_DEFINITION('design','',#2749,#2746);
#2751=PRODUCT_DEFINITION_SHAPE('','SHAPE FOR V1.',#2750);
#2752=SHAPE_DEFINITION_REPRESENTATION(#2751,#2743);
ENDSEC;
END-ISO-10303-21;
